start,end,mean,std,max,last,slope,label,lead_s,y_true,y_pred,y_proba
1781484121.0,1781484721.0,3.135,1.753123403148411,9.0,3.0,-0.0005981961061002961,0,,0,0,0.0
1781484181.0,1781484781.0,3.1083333333333334,1.7587677188557018,9.0,6.0,-0.000791807755021542,0,,0,0,0.005
1781484241.0,1781484841.0,3.0883333333333334,1.7598855707750496,9.0,3.0,-0.0003410287250797897,0,,0,0,0.0
1781484301.0,1781484901.0,3.0866666666666664,1.7802122220554368,9.0,9.0,5.7944605401679566e-05,0,,0,0,0.005
1781484361.0,1781484961.0,3.0766666666666667,1.7946556463257481,9.0,2.0,0.0002306117516993106,0,,0,0,0.0
1781484421.0,1781485021.0,3.11,1.8049653736290898,9.0,3.0,0.0005906127517020898,0,,0,0,0.005
1781484481.0,1781485081.0,3.1366666666666667,1.788292171008107,9.0,2.0,0.00034727874244094793,0,,0,0,0.015
1781484541.0,1781485141.0,3.135,1.7832858249123535,9.0,8.0,0.0003564176567157154,0,,0,0,0.0
1781484601.0,1781485201.0,3.1533333333333333,1.7663018491249514,9.0,3.0,0.0009462248506245845,0,,0,0,0.0
1781484661.0,1781485261.0,3.296666666666667,1.8353897557618533,9.0,3.0,0.0015262264617401664,0,,0,0,0.025
1781484721.0,1781485321.0,3.355,1.8499481974729275,9.0,8.0,0.0014530318139772604,0,,0,0,0.03
1781484781.0,1781485381.0,3.4516666666666667,1.842370906076069,9.0,4.0,0.001394920541445946,0,,0,0,0.065
1781484841.0,1781485441.0,3.44,1.8582428976499996,11.0,2.0,0.0008076133544815381,0,,0,0,0.305
1781484901.0,1781485501.0,3.506666666666667,1.8330181547261215,11.0,2.0,0.0010503362509340323,0,,0,0,0.005
1781484961.0,1781485561.0,3.565,1.8526849885144174,11.0,0.0,0.0007924744235400663,0,,0,0,0.02
1781485021.0,1781485621.0,3.5766666666666667,1.861215254134304,11.0,3.0,0.0006261684060233546,0,,0,0,0.015
1781485081.0,1781485681.0,3.6333333333333333,1.8785337071473829,11.0,3.0,0.0002675007430576152,0,,0,0,0.0
1781485141.0,1781485741.0,3.6533333333333333,1.8645344965671429,11.0,5.0,-0.0005932238700663083,0,,0,0,0.0
1781485201.0,1781485801.0,3.638333333333333,1.860339724052811,11.0,3.0,-0.0009304192511645893,0,,0,0,0.005
1781485261.0,1781485861.0,3.5883333333333334,1.876751774269102,11.0,4.0,-0.00021358392662201587,0,,0,0,0.0
1781485321.0,1781485921.0,3.5816666666666666,1.8885613278071984,11.0,6.0,-0.00026613962816562925,0,,0,0,0.0
1781485381.0,1781485981.0,3.5283333333333333,1.8652606311779119,11.0,5.0,-0.0001511948644301798,0,,0,0,0.01
1781485441.0,1781486041.0,3.5433333333333334,1.8452070043463658,11.0,3.0,-0.0008698357495437575,0,,0,0,0.0
1781485501.0,1781486101.0,3.44,1.853752950098799,11.0,5.0,-0.0010546140405945541,0,,0,0,0.08
1781485561.0,1781486161.0,3.4433333333333334,1.8601403770205687,11.0,5.0,-0.0004923902566395982,0,,0,0,0.08
1781485621.0,1781486221.0,3.408333333333333,1.8316469516682399,11.0,6.0,-0.0005938627607298906,0,,0,0,0.0
1781485681.0,1781486281.0,3.3833333333333333,1.820180088770217,12.0,2.0,-0.00019227831188420178,0,,0,0,0.02
1781485741.0,1781486341.0,3.3833333333333333,1.832045001873286,12.0,3.0,-0.00034788985524959954,0,,0,0,0.0
1781485801.0,1781486401.0,3.4033333333333333,1.8566965886278302,12.0,0.0,-0.00019766721574226656,0,,0,0,0.07
1781485861.0,1781486461.0,3.368333333333333,1.78680270004522,12.0,0.0,0.00019497276381323588,0,,0,0,0.0
1781485921.0,1781486521.0,3.385,1.8330598280834518,12.0,3.0,0.0006177517159769846,0,,0,0,0.035
1781485981.0,1781486581.0,3.405,1.8719797897769446,12.0,4.0,0.0006869741304836959,0,,0,0,0.075
1781486041.0,1781486641.0,3.4483333333333333,1.8825507223504556,12.0,4.0,0.0007601965561015462,0,,0,0,0.005
1781486101.0,1781486701.0,3.546666666666667,1.8862190281677844,12.0,2.0,0.0005841682893563604,0,,0,0,0.005
1781486161.0,1781486761.0,3.645,1.9456725486747937,12.0,9.0,0.0018624218400606681,0,,0,0,0.0
1781486221.0,1781486821.0,3.7616666666666667,2.002048256716661,12.0,8.0,0.002040922335895378,0,,0,0,0.0
1781486281.0,1781486881.0,3.8933333333333335,2.0319011349527374,12.0,6.0,0.0026372295478598604,0,,0,0,0.0
1781486341.0,1781486941.0,3.995,2.0440910775533787,12.0,3.0,0.0024215900599723924,0,,0,0,0.0
1781486401.0,1781487001.0,4.1033333333333335,2.0418918243193547,12.0,6.0,0.002567507131964256,0,,0,0,0.01
1781486461.0,1781487061.0,4.235,2.090400679295718,13.0,2.0,0.002267589632193427,0,,0,0,0.005
1781486521.0,1781487121.0,4.301666666666667,2.0721962315915503,13.0,5.0,0.0017648660135166998,0,,0,0,0.0
1781486581.0,1781487181.0,4.326666666666667,2.085654706694173,13.0,5.0,0.0004785568848802313,0,,0,0,0.0
1781486641.0,1781487241.0,4.328333333333333,2.105674212429095,13.0,2.0,-0.0007461409615026672,0,,0,0,0.0
1781486701.0,1781487301.0,4.363333333333333,2.123987340410065,13.0,3.0,-0.0013655037930660945,0,,0,0,0.0
1781486761.0,1781487361.0,4.275,2.083116655398828,13.0,3.0,-0.001514198650551807,0,,0,0,0.0
1781486821.0,1781487421.0,4.243333333333333,2.068201043311688,13.0,4.0,-0.0016456712379756646,0,,0,0,0.0
1781486881.0,1781487481.0,4.201666666666667,2.0593681609227192,13.0,3.0,-0.000935308153633759,1,1787.0,1,0,0.0
1781486941.0,1781487541.0,4.086666666666667,2.0910497098081837,13.0,4.0,-0.001735449265136847,1,1727.0,1,0,0.035
1781487001.0,1781487601.0,3.98,2.077562674545985,13.0,0.0,-0.0015194486651351757,1,1667.0,1,0,0.015
1781487061.0,1781487661.0,3.8833333333333333,2.037904697368244,12.0,3.0,-0.0009423359509331975,1,1607.0,1,0,0.005
1781487121.0,1781487721.0,3.84,2.0110693672770217,12.0,6.0,-0.0003793899427498425,1,1547.0,1,0,0.0
1781487181.0,1781487781.0,3.8766666666666665,1.9903405627066828,12.0,8.0,-0.00015444487345798237,1,1487.0,1,0,0.0
1781487241.0,1781487841.0,3.9366666666666665,2.0205582286970984,11.0,4.0,1.7833382870505486e-05,1,1427.0,1,0,0.0
1781487301.0,1781487901.0,3.93,2.0228115746818007,10.0,5.0,0.0005858905163625454,1,1367.0,1,0,0.0
1781487361.0,1781487961.0,3.9033333333333333,2.0018297185880276,10.0,2.0,0.0001663893510815266,1,1307.0,1,0,0.0
1781487421.0,1781488021.0,3.9166666666666665,2.023953776371607,10.0,6.0,0.0006154461540170948,1,1247.0,1,0,0.0
1781487481.0,1781488081.0,3.9633333333333334,2.0368248711058974,11.0,5.0,0.001922394228872858,1,1187.0,1,0,0.0
1781487541.0,1781488141.0,4.066666666666666,2.0196259279601483,11.0,4.0,0.0013031147308742547,1,1127.0,1,0,0.0
1781487601.0,1781488201.0,4.163333333333333,2.042055065097141,11.0,5.0,0.0012498368051022351,1,1067.0,1,0,0.0
1781487661.0,1781488261.0,4.241666666666666,2.0264740862449293,11.0,3.0,0.001111808643912901,1,1007.0,1,0,0.0
1781487721.0,1781488321.0,4.316666666666666,2.063909451071491,11.0,10.0,0.0011101697504715354,1,947.0,1,0,0.0
1781487781.0,1781488381.0,4.331666666666667,2.0432809944357193,11.0,3.0,0.0008930858141272607,1,887.0,1,0,0.0
1781487841.0,1781488441.0,4.2683333333333335,2.00906210843656,11.0,6.0,0.00025963961011002894,1,827.0,1,0,0.005
1781487901.0,1781488501.0,4.298333333333333,2.0646219723932244,11.0,3.0,0.00036397323325897823,1,767.0,1,0,0.0
1781487961.0,1781488561.0,4.51,2.1330494602798127,12.0,9.0,0.0008523357009325029,1,707.0,1,0,0.0
1781488021.0,1781488621.0,4.9783333333333335,2.537951382950868,14.0,14.0,0.004451595698876941,1,647.0,1,0,0.005
1781488081.0,1781488681.0,5.6,3.2218007387174024,18.0,12.0,0.009809471692976924,1,587.0,1,0,0.025
1781488141.0,1781488741.0,6.26,3.6054218430950167,18.0,13.0,0.012998091661365728,1,527.0,1,0,0.125
1781488201.0,1781488801.0,6.921666666666667,3.905832888841451,18.0,15.0,0.015498237495104157,1,467.0,1,0,0.16
1781488261.0,1781488861.0,7.57,4.049086316689236,20.0,13.0,0.01650687918577552,1,407.0,1,0,0.28
1781488321.0,1781488921.0,8.27,4.198067015504477,22.0,11.0,0.017015769488248577,1,347.0,1,0,0.155
1781488381.0,1781488981.0,8.971666666666666,4.1304798618185865,22.0,12.0,0.015371070475195767,1,287.0,1,0,0.145
1781488441.0,1781489041.0,9.946666666666667,4.043573776857409,26.0,17.0,0.013619926722018673,1,227.0,1,0,0.11
1781488501.0,1781489101.0,11.283333333333333,4.376801216515195,29.0,23.0,0.014783652176811603,1,167.0,1,0,0.1
1781488561.0,1781489161.0,13.0,5.300628893505625,34.0,25.0,0.019063886288573022,1,107.0,1,0,0.01
1781488621.0,1781489221.0,14.606666666666667,6.2938029485801,36.0,25.0,0.025283292453590157,1,47.0,1,0,0.255
1781488681.0,1781489281.0,16.253333333333334,7.320006071642898,40.0,27.0,0.03294925819238387,0,,0,0,0.035
1781488741.0,1781489341.0,17.956666666666667,7.973380016585745,43.0,30.0,0.03739582609951694,0,,0,0,0.23
1781488801.0,1781489401.0,19.71,8.299753008373202,43.0,31.0,0.03966283239675666,0,,0,0,0.065
1781488861.0,1781489461.0,21.75,8.555553751803561,43.0,38.0,0.040601612782257726,0,,0,0,0.005
1781488921.0,1781489521.0,24.083333333333332,8.792594737745066,50.0,38.0,0.04148355967655468,0,,0,0,0.005
1781488981.0,1781489581.0,26.75,8.732744891117187,51.0,31.0,0.04000422223395068,0,,0,0,0.005
1781489041.0,1781489641.0,29.39,8.440847113886141,53.0,38.0,0.03705138069827969,0,,0,0,0.0
1781489101.0,1781489701.0,31.351666666666667,8.033969373160996,53.0,44.0,0.03149217081158557,0,,0,0,0.0
1781489161.0,1781489761.0,32.73833333333334,7.849195110894422,57.0,30.0,0.026741435392876076,0,,0,0,0.0
1781489221.0,1781489821.0,33.215,7.556593699103673,57.0,27.0,0.01525657015713936,0,,0,0,0.0
1781489281.0,1781489881.0,33.06333333333333,7.708392972742258,57.0,23.0,0.0023550620973947192,0,,0,0,0.0
1781489341.0,1781489941.0,32.458333333333336,8.252773102956903,57.0,26.0,-0.013578009938916488,0,,0,0,0.0
1781489401.0,1781490001.0,31.598333333333333,8.979068096906765,57.0,19.0,-0.02882916341434277,0,,0,0,0.0
1781489461.0,1781490061.0,30.285,9.744080681795145,57.0,18.0,-0.04106830852307925,0,,0,0,0.0
1781489521.0,1781490121.0,28.32,10.469046438589015,57.0,23.0,-0.049402859452387406,0,,0,0,0.0
1781489581.0,1781490181.0,25.91,10.62113772938976,57.0,11.0,-0.05184631068419637,0,,0,0,0.0
1781489641.0,1781490241.0,23.075,10.176740227924984,57.0,9.0,-0.049612110033639016,0,,0,0,0.0
1781489701.0,1781490301.0,20.361666666666668,9.304167375727694,57.0,8.0,-0.04539226497851388,0,,0,0,0.0
1781489761.0,1781490361.0,17.55666666666667,7.806415452832511,47.0,9.0,-0.037803271675754674,0,,0,0,0.0
1781489821.0,1781490421.0,15.38,6.973683866269439,36.0,14.0,-0.03302336950935974,0,,0,0,0.035
1781489881.0,1781490481.0,13.525,6.16841754423288,30.0,7.0,-0.028338773163258797,0,,0,0,0.06
1781489941.0,1781490541.0,11.95,5.696270709859214,30.0,9.0,-0.025910294195261682,0,,0,0,0.11
1781490001.0,1781490601.0,10.57,5.088722826014402,26.0,6.0,-0.021940394278873,0,,0,0,0.055
1781490061.0,1781490661.0,9.276666666666667,4.482572426136086,25.0,6.0,-0.01815899488609692,0,,0,0,0.035
1781490121.0,1781490721.0,8.328333333333333,3.903912211558497,25.0,5.0,-0.014530790363306572,0,,0,0,0.06
1781490181.0,1781490781.0,7.52,3.3515568521708436,24.0,5.0,-0.010651085141903166,0,,0,0,0.05
1781490241.0,1781490841.0,6.956666666666667,2.9627896014098307,18.0,10.0,-0.007813077258547955,0,,0,0,0.0
1781490301.0,1781490901.0,6.598333333333334,2.7508175552410274,18.0,8.0,-0.0042310950863752445,0,,0,0,0.01
1781490361.0,1781490961.0,6.455,2.6616990187973295,18.0,12.0,-0.001337142603173904,0,,0,0,0.005
1781490421.0,1781491021.0,6.406666666666666,2.591901918583255,17.0,7.0,0.0011831143975399852,0,,0,0,0.0
1781490481.0,1781491081.0,6.533333333333333,2.6942325231666415,16.0,10.0,0.004453401259447941,0,,0,0,0.11
1781490541.0,1781491141.0,6.908333333333333,2.9597179858147893,19.0,10.0,0.0068336023155619865,0,,0,0,0.05
1781490601.0,1781491201.0,7.105,3.0156218264232004,19.0,14.0,0.00742743729843694,0,,0,0,0.04
1781490661.0,1781491261.0,7.486666666666666,3.074056314094168,19.0,7.0,0.007321187003297239,0,,0,0,0.005
1781490721.0,1781491321.0,7.791666666666667,3.111526509966165,19.0,13.0,0.006829713415870608,0,,0,0,0.005
1781490781.0,1781491381.0,8.078333333333333,3.1180438133904125,19.0,14.0,0.005428487301353618,0,,0,0,0.03
1781490841.0,1781491441.0,8.346666666666666,3.075682399439549,19.0,13.0,0.0033314536984824926,0,,0,0,0.0
1781490901.0,1781491501.0,8.521666666666667,3.068039095071784,19.0,9.0,0.0017218103383620557,0,,0,0,0.005
1781490961.0,1781491561.0,8.651666666666667,3.021092057886059,19.0,7.0,0.0003045841794004974,0,,0,0,0.0
1781491021.0,1781491621.0,8.721666666666666,2.9828728694926903,19.0,11.0,-0.0014614207261686748,0,,0,0,0.0
1781491081.0,1781491681.0,8.726666666666667,3.038413328623273,20.0,11.0,-0.0014500040277889768,0,,0,0,0.0
1781491141.0,1781491741.0,8.626666666666667,2.940627295134303,20.0,8.0,-0.00018166717129769567,0,,0,0,0.0
1781491201.0,1781491801.0,8.626666666666667,2.932113382679614,20.0,9.0,-0.0008482801341114919,0,,0,0,0.0
1781491261.0,1781491861.0,8.611666666666666,2.9241860215945374,20.0,7.0,5.141680949113012e-05,0,,0,0,0.015
1781491321.0,1781491921.0,8.498333333333333,2.897699758237366,20.0,5.0,-0.00035752877091324933,0,,0,0,0.0
1781491381.0,1781491981.0,8.386666666666667,2.8537382890206,20.0,8.0,-0.001027836188433863,0,,0,0,0.0
1781491441.0,1781492041.0,8.228333333333333,2.8658094648613486,20.0,9.0,-0.0021653115703099144,0,,0,0,0.0
1781491501.0,1781492101.0,8.046666666666667,2.794248060252028,20.0,5.0,-0.0033564537679271426,0,,0,0,0.0
1781491561.0,1781492161.0,7.876666666666667,2.83809599712358,20.0,4.0,-0.003965677682438008,0,,0,0,0.0
1781491621.0,1781492221.0,7.673333333333333,2.867046486465742,20.0,2.0,-0.0052727368687135266,0,,0,0,0.0
1781491681.0,1781492281.0,7.413333333333333,2.788516132681004,18.0,9.0,-0.005458904052511266,0,,0,0,0.0
1781491741.0,1781492341.0,7.053333333333334,2.802467167019486,18.0,9.0,-0.005909738638162881,0,,0,0,0.0
1781491801.0,1781492401.0,6.7316666666666665,2.759770018598571,17.0,6.0,-0.006354767652132364,0,,0,0,0.0
1781491861.0,1781492461.0,6.4366666666666665,2.5656686371305932,17.0,9.0,-0.004426790074416872,0,,0,0,0.0
1781491921.0,1781492521.0,6.255,2.4522047902516895,14.0,7.0,-0.0033497037491770822,0,,0,0,0.005
1781491981.0,1781492581.0,6.065,2.3729254097000183,14.0,3.0,-0.0024812013366703784,0,,0,0,0.0
1781492041.0,1781492641.0,5.91,2.351290425844214,14.0,8.0,-0.0021560615446153957,0,,0,0,0.0
1781492101.0,1781492701.0,5.838333333333333,2.3534791031341005,14.0,4.0,-0.0013003647232353365,0,,0,0,0.0
1781492161.0,1781492761.0,5.693333333333333,2.307080887663504,13.0,7.0,-0.0005546682074116907,0,,0,0,0.0
1781492221.0,1781492821.0,5.655,2.2794681397203163,13.0,6.0,-3.3138980941614524e-05,0,,0,0,0.0
1781492281.0,1781492881.0,5.673333333333333,2.3230631119756997,13.0,5.0,0.001170447695688046,0,,0,0,0.0
1781492341.0,1781492941.0,5.82,2.3175274180327046,13.0,4.0,0.0015674487984688851,0,,0,0,0.0
1781492401.0,1781493001.0,6.043333333333333,2.4340889237841927,14.0,7.0,0.0020624501734727,0,,0,0,0.0
1781492461.0,1781493061.0,6.14,2.5878691363101547,19.0,6.0,0.002876619101719734,0,,0,0,0.025
1781492521.0,1781493121.0,6.395,2.745112323142109,19.0,7.0,0.004827596743324287,0,,0,0,0.005
1781492581.0,1781493181.0,6.72,2.9174646527421713,19.0,6.0,0.006289073025202845,0,,0,0,0.03
1781492641.0,1781493241.0,7.033333333333333,2.951647374301717,19.0,7.0,0.006447629021191725,0,,0,0,0.015
1781492701.0,1781493301.0,7.338333333333333,3.0562281582950503,19.0,7.0,0.007047825132847587,0,,0,0,0.005
1781492761.0,1781493361.0,7.806666666666667,3.1068669463339145,19.0,11.0,0.007348464856846811,0,,0,0,0.0
1781492821.0,1781493421.0,8.205,3.181662301376436,19.0,11.0,0.006743046508462527,0,,0,0,0.0
1781492881.0,1781493481.0,8.456666666666667,3.130727639951383,19.0,9.0,0.005342348173189375,0,,0,0,0.005
1781492941.0,1781493541.0,8.701666666666666,3.158480207666691,19.0,8.0,0.003975705488070798,0,,0,0,0.0
1781493001.0,1781493601.0,8.845,3.078036441196454,19.0,9.0,0.0024504790291084108,0,,0,0,0.0
1781493061.0,1781493661.0,9.013333333333334,3.009400087872812,19.0,10.0,0.00037594548873745614,0,,0,0,0.0
1781493121.0,1781493721.0,8.91,3.029064762155694,19.0,11.0,-0.0015501709726971375,0,,0,0,0.0
1781493181.0,1781493781.0,8.728333333333333,3.0338969256643438,19.0,6.0,-0.0032580923835899664,0,,0,0,0.0
1781493241.0,1781493841.0,8.553333333333333,3.0882285465223513,19.0,3.0,-0.005260570168250464,0,,0,0,0.0
1781493301.0,1781493901.0,8.43,3.075456605665788,19.0,10.0,-0.005489681915783109,0,,0,0,0.0
1781493361.0,1781493961.0,8.098333333333333,3.0852331984614856,19.0,8.0,-0.0052054311261975844,0,,0,0,0.0
1781493421.0,1781494021.0,7.85,3.0222783900009387,19.0,8.0,-0.004130955919322008,0,,0,0,0.0
1781493481.0,1781494081.0,7.691666666666666,2.9843922701652716,19.0,5.0,-0.0035665932405367856,0,,0,0,0.0
1781493541.0,1781494141.0,7.483333333333333,2.909705979800861,19.0,6.0,-0.002634896208045025,0,,0,0,0.0
1781493601.0,1781494201.0,7.371666666666667,2.881584729893528,19.0,6.0,-0.0011213642260117457,0,,0,0,0.0
1781493661.0,1781494261.0,7.225,2.7983998403849775,17.0,13.0,0.0001986949963749928,0,,0,0,0.005
1781493721.0,1781494321.0,7.221666666666667,2.7855335614962926,17.0,8.0,0.0006871407976133264,0,,0,0,0.0
1781493781.0,1781494381.0,7.408333333333333,2.8469159726896676,17.0,10.0,0.00214281150780974,0,,0,0,0.0
1781493841.0,1781494441.0,7.588333333333333,2.8969289294392815,17.0,7.0,0.0024662012950035883,0,,0,0,0.0
1781493901.0,1781494501.0,7.665,2.9421264985267603,18.0,8.0,0.0035149819860610804,0,,0,0,0.0
1781493961.0,1781494561.0,7.876666666666667,2.93509606127106,18.0,11.0,0.003627454520707006,0,,0,0,0.0
1781494021.0,1781494621.0,8.056666666666667,2.916639999878094,18.0,15.0,0.003945955405431683,0,,0,0,0.0
1781494081.0,1781494681.0,8.255,3.012193276224707,18.0,10.0,0.004185317181436609,0,,0,0,0.0
1781494141.0,1781494741.0,8.475,3.090745595051999,18.0,8.0,0.003677260214611694,0,,0,0,0.0
1781494201.0,1781494801.0,8.576666666666666,3.0649832335956133,18.0,12.0,0.002856007933355364,0,,0,0,0.005
1781494261.0,1781494861.0,8.68,3.082358404425633,18.0,8.0,0.0010678918552551604,0,,0,0,0.0
1781494321.0,1781494921.0,8.838333333333333,3.0766102378357183,18.0,9.0,1.113891983032176e-05,0,,0,0,0.0
1781494381.0,1781494981.0,8.836666666666666,3.0648527243934938,19.0,9.0,0.00015138930941474522,0,,0,0,0.0
1781494441.0,1781495041.0,8.878333333333334,3.024378264848643,19.0,6.0,1.408337245380303e-05,0,,0,0,0.0
1781494501.0,1781495101.0,8.93,2.989721280208798,19.0,3.0,-0.00018972274922985854,0,,0,0,0.0
1781494561.0,1781495161.0,8.886666666666667,2.9984143957913636,19.0,12.0,-0.0007251131253142392,0,,0,0,0.0
1781494621.0,1781495221.0,8.891666666666667,3.0757000106570143,21.0,9.0,-0.00044652901813616714,0,,0,0,0.0
1781494681.0,1781495281.0,8.816666666666666,3.029805640997822,21.0,6.0,-0.0003873344092622489,0,,0,0,0.0
1781494741.0,1781495341.0,8.77,2.9598029213671193,21.0,9.0,9.816693935261375e-05,0,,0,0,0.0
1781494801.0,1781495401.0,8.803333333333333,3.045979134677204,21.0,6.0,0.00011988922191450121,0,,0,0,0.0
1781494861.0,1781495461.0,8.855,3.0332559513939255,21.0,12.0,-0.00046764018788941774,0,,0,0,0.0
1781494921.0,1781495521.0,8.805,3.063817063729491,21.0,8.0,-0.000559529332025928,0,,0,0,0.0
1781494981.0,1781495581.0,8.821666666666667,3.1139252649277815,21.0,9.0,-0.00017236158989330594,0,,0,0,0.0
1781495041.0,1781495641.0,8.693333333333333,3.1941543829662056,21.0,9.0,-0.0010336695379709428,0,,0,0,0.045
1781495101.0,1781495701.0,8.631666666666666,3.1805655506878368,21.0,16.0,-0.0009063636287878524,0,,0,0,0.06
1781495161.0,1781495761.0,8.653333333333334,3.1738234915564467,21.0,9.0,-0.0011451142919841496,0,,0,0,0.025
1781495221.0,1781495821.0,8.56,3.078917558710095,19.0,14.0,-0.0010609473915205393,0,,0,0,0.0
1781495281.0,1781495881.0,8.521666666666667,3.0544280242879442,19.0,7.0,-0.001482809674471326,0,,0,0,0.0
1781495341.0,1781495941.0,8.446666666666667,3.00563175093394,19.0,5.0,-0.001675393542759847,0,,0,0,0.0
1781495401.0,1781496001.0,8.331666666666667,3.0146858137383994,19.0,3.0,-0.001691421365059355,0,,0,0,0.0
1781495461.0,1781496061.0,8.216666666666667,2.986590400811973,19.0,7.0,-0.0018296717490882044,0,,0,0,0.0
1781495521.0,1781496121.0,8.115,3.005845693533408,19.0,10.0,-0.002115533654260145,0,,0,0,0.0
1781495581.0,1781496181.0,7.8933333333333335,2.9129519201128073,18.0,8.0,-0.002055116819768943,0,,0,0,0.0
1781495641.0,1781496241.0,7.808333333333334,2.831653914038382,18.0,5.0,-0.0032036477879105294,0,,0,0,0.0
1781495701.0,1781496301.0,7.685,2.818825109864037,18.0,9.0,-0.0030435917877549767,0,,0,0,0.0
1781495761.0,1781496361.0,7.541666666666667,2.790148841111448,18.0,8.0,-0.002411645587904417,0,,0,0,0.0
1781495821.0,1781496421.0,7.495,2.765256166554315,18.0,9.0,-0.0016283656343489843,0,,0,0,0.0
1781495881.0,1781496481.0,7.44,2.7507089995126712,18.0,9.0,-0.0008405578904385818,0,,0,0,0.0
1781495941.0,1781496541.0,7.401666666666666,2.7447520632816524,18.0,7.0,-5.638904552522572e-06,0,,0,0,0.0
1781496001.0,1781496601.0,7.508333333333334,2.8225161154938023,18.0,15.0,0.0018201439448442883,0,,0,0,0.015
1781496061.0,1781496661.0,7.601666666666667,2.8803351463945224,18.0,5.0,0.0029168692135255934,0,,0,0,0.0
1781496121.0,1781496721.0,7.875,2.98709027873838,21.0,21.0,0.0052651535143153055,0,,0,0,0.055
1781496181.0,1781496781.0,8.313333333333333,3.232927809621214,21.0,19.0,0.007243742343728731,0,,0,0,0.055
1781496241.0,1781496841.0,8.965,3.637825586803194,21.0,9.0,0.01023388953858205,0,,0,0,0.04
1781496301.0,1781496901.0,9.533333333333333,3.8438984840335673,23.0,18.0,0.011854755152097647,0,,0,0,0.085
1781496361.0,1781496961.0,10.29,4.120182034813511,23.0,5.0,0.013999316664768507,0,,0,0,0.065
1781496421.0,1781497021.0,10.921666666666667,4.2259749039587176,23.0,18.0,0.014472623535065374,0,,0,0,0.345
1781496481.0,1781497081.0,11.706666666666667,4.28765151983642,23.0,12.0,0.014884874680207444,0,,0,0,0.1
1781496541.0,1781497141.0,12.3,4.235170205159017,28.0,12.0,0.012058533495926371,0,,0,0,0.0
1781496601.0,1781497201.0,12.87,4.153685110838326,28.0,12.0,0.010312973091591921,0,,0,0,0.0
1781496661.0,1781497261.0,13.473333333333333,3.945371409076154,28.0,16.0,0.007158408773357688,1,1774.0,1,0,0.0
1781496721.0,1781497321.0,13.9,3.8552993831002715,28.0,16.0,0.004486401351114867,1,1714.0,1,0,0.0
1781496781.0,1781497381.0,14.165,3.7979522991563055,28.0,14.0,0.0015383653843482885,1,1654.0,1,0,0.0
1781496841.0,1781497441.0,14.091666666666667,3.796919438468799,28.0,9.0,-0.0007749188192189788,1,1594.0,1,0,0.0
1781496901.0,1781497501.0,14.258333333333333,3.776894300289003,28.0,17.0,-0.0017219770054916958,1,1534.0,1,0,0.0
1781496961.0,1781497561.0,14.121666666666666,3.7965155808392983,28.0,17.0,-0.0018439773443815078,1,1474.0,1,0,0.0
1781497021.0,1781497621.0,13.958333333333334,3.861769528194153,28.0,5.0,-0.003620204500568052,1,1414.0,1,0,0.0
1781497081.0,1781497681.0,13.503333333333334,3.940387741778156,28.0,9.0,-0.0048027355631543355,1,1354.0,1,0,0.0
1781497141.0,1781497741.0,13.26,3.863815040431758,24.0,11.0,-0.0068924080344667646,1,1294.0,1,0,0.0
1781497201.0,1781497801.0,12.845,3.903969134099295,24.0,5.0,-0.007956549879305209,1,1234.0,1,0,0.0
1781497261.0,1781497861.0,12.31,3.916703545925664,24.0,11.0,-0.009289803582787753,1,1174.0,1,0,0.0
1781497321.0,1781497921.0,11.751666666666667,3.8952959522423396,24.0,14.0,-0.009875166319906462,1,1114.0,1,0,0.0
1781497381.0,1781497981.0,11.151666666666667,3.8917002139881687,24.0,7.0,-0.010942947063741848,1,1054.0,1,0,0.0
1781497441.0,1781498041.0,10.69,3.918830607889723,24.0,3.0,-0.012147644854569043,1,994.0,1,0,0.02
1781497501.0,1781498101.0,9.968333333333334,3.7710295529057967,24.0,4.0,-0.010925947016519484,1,934.0,1,0,0.055
1781497561.0,1781498161.0,9.363333333333333,3.5643590665862432,22.0,15.0,-0.009440970669362978,1,874.0,1,0,0.07
1781497621.0,1781498221.0,8.853333333333333,3.340931340542966,22.0,11.0,-0.008019744499290271,1,814.0,1,0,0.175
1781497681.0,1781498281.0,8.46,3.2616560211033905,22.0,4.0,-0.007491131919810889,1,754.0,1,0,0.01
1781497741.0,1781498341.0,8.101666666666667,3.109876292645023,22.0,7.0,-0.005384153844871793,1,694.0,1,0,0.0
1781497801.0,1781498401.0,7.748333333333333,2.8864621752049495,16.0,5.0,-0.003887149686526905,1,634.0,1,0,0.0
1781497861.0,1781498461.0,7.446666666666666,2.835575583349682,16.0,11.0,-0.003571232142311511,1,574.0,1,0,0.0
1781497921.0,1781498521.0,7.1866666666666665,2.766795177738236,16.0,9.0,-0.0029474526318128717,1,514.0,1,0,0.0
1781497981.0,1781498581.0,6.995,2.735868235131217,16.0,8.0,-0.0032027588965524946,1,454.0,1,0,0.01
1781498041.0,1781498641.0,6.831666666666667,2.7012337716104633,15.0,8.0,-0.00256042377895494,1,394.0,1,0,0.06
1781498101.0,1781498701.0,6.798333333333333,2.653487746763158,15.0,10.0,-0.0018667551854310684,1,334.0,1,0,0.035
1781498161.0,1781498761.0,6.695,2.568133239014933,15.0,8.0,-0.0016990880530223743,1,274.0,1,1,0.64
1781498221.0,1781498821.0,6.651666666666666,2.580115738144749,14.0,3.0,-0.0008948080411334488,1,214.0,1,0,0.005
1781498281.0,1781498881.0,6.628333333333333,2.582672496121454,14.0,7.0,-0.0005185847738465963,1,154.0,1,0,0.0
1781498341.0,1781498941.0,6.556666666666667,2.6045067777902893,15.0,11.0,0.0006791129975361108,1,94.0,1,0,0.0
1781498401.0,1781499001.0,6.526666666666666,2.5740931520742514,15.0,4.0,0.0010488918024772218,1,34.0,1,0,0.005
1781498461.0,1781499061.0,6.511666666666667,2.5922700262296923,15.0,8.0,0.0003180842169005998,0,,0,0,0.005
1781498521.0,1781499121.0,6.46,2.6220348332290833,16.0,4.0,-0.0004848346800963331,0,,0,0,0.0
1781498581.0,1781499181.0,6.5,2.6526716092774594,16.0,7.0,-0.00102328062022395,0,,0,0,0.0
1781498641.0,1781499241.0,6.491666666666666,2.631209586651905,16.0,11.0,-0.0013386426073405773,0,,0,0,0.0
1781498701.0,1781499301.0,6.443333333333333,2.6198197563106427,16.0,5.0,-0.0007192242200672785,0,,0,0,0.0
1781498761.0,1781499361.0,6.443333333333333,2.6558342485094126,16.0,6.0,-0.0008955024875069096,0,,0,0,0.0
1781498821.0,1781499421.0,6.378333333333333,2.6505088609967373,16.0,4.0,-0.0007279186886630329,0,,0,0,0.01
1781498881.0,1781499481.0,6.345,2.634889308237951,16.0,4.0,-0.00038186217183936594,0,,0,0,0.0
1781498941.0,1781499541.0,6.285,2.6096822922851484,16.0,7.0,6.213906149739439e-05,0,,0,0,0.04
1781499001.0,1781499601.0,6.25,2.610395883130884,16.0,6.0,0.0004243900677501853,0,,0,0,0.07
1781499061.0,1781499661.0,6.258333333333334,2.6441628584907972,16.0,5.0,0.0001543059841832935,0,,0,0,0.045
1781499121.0,1781499721.0,6.298333333333333,2.6069133514987075,15.0,2.0,-0.00041475115208653964,0,,0,0,0.01
1781499181.0,1781499781.0,6.273333333333333,2.5629323483506585,15.0,6.0,-0.00043833455092930854,0,,0,0,0.0
1781499241.0,1781499841.0,6.331666666666667,2.553754860766571,15.0,10.0,0.0001470281861894124,0,,0,0,0.0
1781499301.0,1781499901.0,6.338333333333333,2.5206871858461315,16.0,6.0,0.000517362548229298,0,,0,0,0.0
1781499361.0,1781499961.0,6.358333333333333,2.5696816707306156,16.0,11.0,0.0006273072980758423,0,,0,0,0.005
1781499421.0,1781500021.0,6.421666666666667,2.557446100224901,16.0,13.0,0.0008652524034789006,0,,0,0,0.005
1781499481.0,1781500081.0,6.435,2.5636773717975254,16.0,8.0,0.0009389192747757698,0,,0,0,0.03
1781499541.0,1781500141.0,6.496666666666667,2.5839225134580865,16.0,7.0,0.001124892013588915,0,,0,0,0.01
1781499601.0,1781500201.0,6.628333333333333,2.6019602653042613,16.0,8.0,0.0018178106050294642,0,,0,0,0.0
1781499661.0,1781500261.0,6.6866666666666665,2.594575537968055,16.0,3.0,0.0014386151072641904,0,,0,0,0.07
1781499721.0,1781500321.0,6.703333333333333,2.591393876318732,16.0,7.0,0.0006840574557151498,0,,0,0,0.005
1781499781.0,1781500381.0,6.778333333333333,2.6132732773711638,16.0,6.0,0.0002489729138136421,0,,0,0,0.0
1781499841.0,1781500441.0,6.766666666666667,2.6297443897754693,16.0,7.0,0.0002921119225331204,0,,0,0,0.0
1781499901.0,1781500501.0,6.87,2.6751510860759495,15.0,10.0,0.0009374470484640222,0,,0,0,0.0
1781499961.0,1781500561.0,6.836666666666667,2.6305871756869967,15.0,2.0,2.111116975321117e-06,0,,0,0,0.0
1781500021.0,1781500621.0,6.786666666666667,2.5957315389350692,15.0,4.0,-0.00047561243225674834,0,,0,0,0.0
1781500081.0,1781500681.0,6.846666666666667,2.636883682598752,19.0,11.0,-0.0004574457151269777,0,,0,0,0.0
1781500141.0,1781500741.0,6.86,2.59558599677735,19.0,9.0,-0.0003157230992308302,0,,0,0,0.0
1781500201.0,1781500801.0,6.78,2.6429024449141765,19.0,6.0,0.0003389453859594054,0,,0,0,0.0
1781500261.0,1781500861.0,6.73,2.6332046382054446,19.0,6.0,-0.00021250059027942673,0,,0,0,0.0
1781500321.0,1781500921.0,6.758333333333334,2.6413248990274223,19.0,5.0,-0.0006842519006997258,0,,0,0,0.0
1781500381.0,1781500981.0,6.673333333333333,2.6645741790304047,19.0,5.0,-0.0011566143239286797,0,,0,0,0.0
1781500441.0,1781501041.0,6.61,2.6554158494166846,19.0,6.0,-0.0015268375745488142,0,,0,0,0.0
1781500501.0,1781501101.0,6.468333333333334,2.5817947030871546,19.0,6.0,-0.0008476967991577784,0,,0,0,0.01
1781500561.0,1781501161.0,6.445,2.5807573177912975,19.0,9.0,-0.0016190322750896573,0,,0,0,0.0
1781500621.0,1781501221.0,6.391666666666667,2.5810070170811668,19.0,11.0,-0.0023411453920705303,0,,0,0,0.0
1781500681.0,1781501281.0,6.218333333333334,2.52071363352171,15.0,4.0,-0.0024647568465467912,0,,0,0,0.065
1781500741.0,1781501341.0,6.0633333333333335,2.5369250853915433,15.0,6.0,-0.0023516731990922265,0,,0,0,0.025
1781500801.0,1781501401.0,5.865,2.467814485194001,15.0,4.0,-0.002682813007813915,0,,0,0,0.0
1781500861.0,1781501461.0,5.87,2.4261972989296097,15.0,7.0,-0.0018308939747054863,0,,0,0,0.0
1781500921.0,1781501521.0,5.7283333333333335,2.4085674626678455,15.0,6.0,-0.001494309706415854,0,,0,0,0.0
1781500981.0,1781501581.0,5.711666666666667,2.3892531376050457,13.0,9.0,-0.0010080305778627145,0,,0,0,0.0
1781501041.0,1781501641.0,5.586666666666667,2.3956534715095077,13.0,2.0,-0.001320003666676851,0,,0,0,0.0
1781501101.0,1781501701.0,5.506666666666667,2.3748590601455817,13.0,3.0,-0.0008298911941422057,0,,0,0,0.0
1781501161.0,1781501761.0,5.398333333333333,2.354357071946017,13.0,3.0,-0.0009065858516273582,0,,0,0,0.0
1781501221.0,1781501821.0,5.308333333333334,2.3818614336037456,13.0,2.0,-0.0009804749457637356,0,,0,0,0.0
1781501281.0,1781501881.0,5.193333333333333,2.3690973433403326,13.0,4.0,-0.001844505123625346,0,,0,0,0.0
1781501341.0,1781501941.0,5.1066666666666665,2.3449141183041697,13.0,2.0,-0.0021615615598932253,0,,0,0,0.0
1781501401.0,1781502001.0,5.065,2.3630718002915896,13.0,0.0,-0.0032018700051944563,0,,0,0,0.0
1781501461.0,1781502061.0,4.88,2.352077096242099,13.0,2.0,-0.0024193400537223793,0,,0,0,0.0
1781501521.0,1781502121.0,4.7316666666666665,2.3437144071371456,13.0,3.0,-0.002985036069544642,0,,0,0,0.0
1781501581.0,1781502181.0,4.538333333333333,2.257992594220706,13.0,3.0,-0.0024265900738613204,0,,0,0,0.0
1781501641.0,1781502241.0,4.503333333333333,2.2022690319052503,13.0,6.0,-0.002013672260200727,0,,0,0,0.0
1781501701.0,1781502301.0,4.38,2.1561385236884325,12.0,4.0,-0.001315448098466944,0,,0,0,0.0
1781501761.0,1781502361.0,4.346666666666667,2.148601612418852,12.0,5.0,-0.0005758904885846939,0,,0,0,0.0
1781501821.0,1781502421.0,4.308333333333334,2.124444371803811,12.0,7.0,0.00019086164128233581,0,,0,0,0.005
1781501881.0,1781502481.0,4.406666666666666,2.206344387342002,12.0,5.0,0.0009069469637415643,0,,0,0,0.0
1781501941.0,1781502541.0,4.45,2.228788908802267,12.0,3.0,0.0016296711935310892,0,,0,0,0.0
1781502001.0,1781502601.0,4.505,2.2285963444883117,12.0,10.0,0.001984644401790003,0,,0,0,0.0
1781502061.0,1781502661.0,4.511666666666667,2.2158212673609055,13.0,2.0,0.0019386442740118661,0,,0,0,0.0
1781502121.0,1781502721.0,4.59,2.1752930837015962,13.0,6.0,0.0011387809410581707,0,,0,0,0.0
1781502181.0,1781502781.0,4.623333333333333,2.1957813086816174,13.0,5.0,0.00017394492762479237,0,,0,0,0.0
1781502241.0,1781502841.0,4.615,2.1924358599512095,13.0,11.0,-7.497243047897777e-05,0,,0,0,0.0
1781502301.0,1781502901.0,4.633333333333334,2.1982316125063397,13.0,3.0,-0.0007997244436790116,0,,0,0,0.0
1781502361.0,1781502961.0,4.586666666666667,2.176194435757573,13.0,7.0,-0.0014065039069552957,0,,0,0,0.0
1781502421.0,1781503021.0,4.545,2.1697868558916102,13.0,4.0,-0.001958033216758932,0,,0,0,0.0
1781502481.0,1781503081.0,4.443333333333333,2.1047855525497656,13.0,6.0,-0.0015296709157525481,0,,0,0,0.0
1781502541.0,1781503141.0,4.368333333333333,2.070265012558108,13.0,4.0,-0.0010727529798693852,0,,0,0,0.0
1781502601.0,1781503201.0,4.325,2.06785919894626,13.0,4.0,-0.0003808621690615853,0,,0,0,0.0
1781502661.0,1781503261.0,4.291666666666667,2.031402772032721,11.0,1.0,-0.0003026397295548078,0,,0,0,0.0
1781502721.0,1781503321.0,4.273333333333333,2.053116871707232,11.0,8.0,4.7389020525056044e-05,0,,0,0,0.005
1781502781.0,1781503381.0,4.236666666666666,2.056855744955284,11.0,5.0,-0.00025711182531062976,0,,0,0,0.005
1781502841.0,1781503441.0,4.2283333333333335,2.062247290915638,11.0,9.0,0.00011525032013977996,0,,0,0,0.0
1781502901.0,1781503501.0,4.22,2.053030280666443,11.0,9.0,0.00029788971636032747,0,,0,0,0.005
1781502961.0,1781503561.0,4.3116666666666665,2.077144808518548,11.0,7.0,0.0008613635037875089,0,,0,0,0.0
1781503021.0,1781503621.0,4.4366666666666665,2.1195885344933236,11.0,7.0,0.0015211708921413663,0,,0,0,0.0
1781503081.0,1781503681.0,4.631666666666667,2.28458542312507,14.0,3.0,0.002831091197475553,0,,0,0,0.0
1781503141.0,1781503741.0,4.806666666666667,2.3641676947477492,14.0,7.0,0.003633565648793465,0,,0,0,0.0
1781503201.0,1781503801.0,4.908333333333333,2.3972061284383166,14.0,8.0,0.003912760868780193,0,,0,0,0.0
1781503261.0,1781503861.0,4.993333333333333,2.4330958788250734,14.0,3.0,0.003183842177339376,0,,0,0,0.0
1781503321.0,1781503921.0,5.135,2.483299216767887,14.0,6.0,0.003211814477262433,0,,0,0,0.0
1781503381.0,1781503981.0,5.293333333333333,2.4760093340337432,14.0,4.0,0.002156505990294416,0,,0,0,0.0
1781503441.0,1781504041.0,5.375,2.471377820838678,14.0,3.0,0.0010124194789430004,0,,0,0,0.0
1781503501.0,1781504101.0,5.43,2.4701754323664273,14.0,8.0,-0.0007367798243884042,0,,0,0,0.0
1781503561.0,1781504161.0,5.465,2.4742894602962955,14.0,5.0,-0.0012540312611979464,0,,0,0,0.0
1781503621.0,1781504221.0,5.548333333333333,2.5081860421871065,14.0,8.0,-0.0007586409962249955,0,,0,0,0.0
1781503681.0,1781504281.0,5.653333333333333,2.5350520485561807,13.0,10.0,0.0013972261034058378,0,,0,0,0.0
1781503741.0,1781504341.0,5.7683333333333335,2.5673586729468783,13.0,8.0,0.0030786474406873376,0,,0,0,0.0
1781503801.0,1781504401.0,5.9783333333333335,2.654781326001991,15.0,9.0,0.004421762282673007,0,,0,0,0.01
1781503861.0,1781504461.0,6.163333333333333,2.667706047441426,15.0,5.0,0.004220011722254792,0,,0,0,0.0
1781503921.0,1781504521.0,6.251666666666667,2.692272377668269,17.0,6.0,0.004206095016930609,0,,0,0,0.035
1781503981.0,1781504581.0,6.4,2.7264140062238043,17.0,11.0,0.004052511256975711,0,,0,0,0.035
1781504041.0,1781504641.0,6.62,2.7469255541423037,17.0,10.0,0.0036406212239478487,0,,0,0,0.055
1781504101.0,1781504701.0,6.98,2.751290606242823,17.0,11.0,0.0032908424745624254,0,,0,0,0.01
1781504161.0,1781504761.0,7.308333333333334,2.791641790933946,17.0,8.0,0.002946147072630755,0,,0,0,0.0
1781504221.0,1781504821.0,7.533333333333333,2.814644244344607,17.0,12.0,0.0026562296006377786,0,,0,0,0.0
1781504281.0,1781504881.0,7.611666666666666,2.8303469555672653,18.0,7.0,0.002660924058122388,0,,0,0,0.0
1781504341.0,1781504941.0,7.581666666666667,2.84311986302997,18.0,6.0,0.0015048652912924819,0,,0,0,0.0
1781504401.0,1781505001.0,7.466666666666667,2.866279043560755,18.0,2.0,0.00048677912994201945,0,,0,0,0.0
1781504461.0,1781505061.0,7.301666666666667,2.933825242845176,18.0,7.0,-0.002152089311359207,0,,0,0,0.0
1781504521.0,1781505121.0,7.19,2.9502372785930286,18.0,10.0,-0.004366456573490489,0,,0,0,0.0
1781504581.0,1781505181.0,6.991666666666666,2.963375983945038,18.0,4.0,-0.006543990399973341,0,,0,0,0.005
1781504641.0,1781505241.0,6.741666666666666,2.9935926947770004,18.0,8.0,-0.008043105675293542,0,,0,0,0.0
1781504701.0,1781505301.0,6.431666666666667,2.9283665336763356,18.0,3.0,-0.007460715168653256,0,,0,0,0.0
1781504761.0,1781505361.0,6.085,2.8043611869134595,18.0,7.0,-0.006144600401667768,0,,0,0,0.0
1781504821.0,1781505421.0,5.721666666666667,2.6345519332305614,18.0,4.0,-0.00475120764224346,0,,0,0,0.0
1781504881.0,1781505481.0,5.3566666666666665,2.4520988742073366,15.0,6.0,-0.003496843046786238,0,,0,0,0.005
1781504941.0,1781505541.0,5.13,2.366382612061428,14.0,3.0,-0.0025650071250197877,0,,0,0,0.0
1781505001.0,1781505601.0,4.923333333333333,2.273936870031551,13.0,1.0,-0.0017750049305692505,0,,0,0,0.0
1781505061.0,1781505661.0,4.801666666666667,2.220885083824815,13.0,5.0,-0.0022119228108966956,0,,0,0,0.0
1781505121.0,1781505721.0,4.681666666666667,2.1323689226356266,13.0,3.0,-0.001807199464442959,0,,0,0,0.0
1781505181.0,1781505781.0,4.596666666666667,2.1627117751152656,13.0,1.0,-0.001957338770385477,0,,0,0,0.0
1781505241.0,1781505841.0,4.54,2.145941906638357,13.0,4.0,-0.0018747829855082934,0,,0,0,0.0
1781505301.0,1781505901.0,4.411666666666667,2.1226235077270665,13.0,1.0,-0.0015291986922185909,0,,0,0,0.0
1781505361.0,1781505961.0,4.326666666666667,2.104745959862034,13.0,9.0,-0.0007620021166725541,0,,0,0,0.0
1781505421.0,1781506021.0,4.26,2.128160394957736,13.0,1.0,-0.00045816793935539283,0,,0,0,0.045
1781505481.0,1781506081.0,4.233333333333333,2.101322334996598,13.0,1.0,-0.0005457237381215009,0,,0,0,0.0
1781505541.0,1781506141.0,4.196666666666666,2.0691356219982833,11.0,4.0,-0.0001555004319456534,0,,0,0,0.0
1781505601.0,1781506201.0,4.203333333333333,2.0286256979103423,11.0,3.0,0.00028588968302689963,0,,0,0,0.0
1781505661.0,1781506261.0,4.216666666666667,2.0362683734932605,11.0,5.0,7.722243672899023e-06,0,,0,0,0.005
1781505721.0,1781506321.0,4.2716666666666665,2.093130961555493,11.0,6.0,0.0007741410392806653,0,,0,0,0.0
1781505781.0,1781506381.0,4.303333333333334,2.057017798226895,11.0,2.0,0.0008206689463026274,0,,0,0,0.0
1781505841.0,1781506441.0,4.366666666666666,2.0837999477450375,12.0,4.0,0.0013911149753193727,0,,0,0,0.0
1781505901.0,1781506501.0,4.468333333333334,2.139859159436018,12.0,2.0,0.0016861435726210376,0,,0,0,0.0
1781505961.0,1781506561.0,4.533333333333333,2.1312489817527704,12.0,7.0,0.0019167831021752806,0,,0,0,0.0
1781506021.0,1781506621.0,4.583333333333333,2.1062736975257725,12.0,6.0,0.00156244878457995,0,,0,0,0.0
1781506081.0,1781506681.0,4.691666666666666,2.124444371803811,12.0,5.0,0.0014810318917552554,0,,0,0,0.005
1781506141.0,1781506741.0,4.803333333333334,2.1690217969295644,12.0,7.0,0.001537948716524214,0,,0,0,0.0
1781506201.0,1781506801.0,4.888333333333334,2.233651096796951,12.0,4.0,0.0016134767041019555,0,,0,0,0.0
1781506261.0,1781506861.0,5.031666666666666,2.259940387611044,12.0,3.0,0.0014624762846563424,0,,0,0,0.0
1781506321.0,1781506921.0,5.29,2.4343171527144936,13.0,9.0,0.0035484543012619532,0,,0,0,0.0
1781506381.0,1781506981.0,5.725,2.7085128145657102,16.0,10.0,0.005843877344103727,0,,0,0,0.005
1781506441.0,1781507041.0,6.195,3.0254985815013478,21.0,9.0,0.00848955135986489,0,,0,0,0.08
1781506501.0,1781507101.0,6.595,3.189719162141604,21.0,9.0,0.00984133289259137,0,,0,0,0.075
1781506561.0,1781507161.0,7.046666666666667,3.3517889087603483,21.0,10.0,0.010656362934341485,0,,0,0,0.09
1781506621.0,1781507221.0,7.53,3.3959436587395455,21.0,13.0,0.010155028208411701,0,,0,1,0.69
1781506681.0,1781507281.0,8.028333333333334,3.483895887588427,21.0,16.0,0.00992133311481421,0,,0,0,0.08
1781506741.0,1781507341.0,8.543333333333333,3.4892390128635338,21.0,7.0,0.009079358553773748,0,,0,0,0.01
1781506801.0,1781507401.0,8.94,3.3999607840875656,21.0,7.0,0.006130683696343608,0,,0,0,0.07
1781506861.0,1781507461.0,9.353333333333333,3.2703448679849583,21.0,10.0,0.003086953019313946,0,,0,0,0.01
1781506921.0,1781507521.0,9.36,3.245571341587384,21.0,10.0,-0.0006628907302520336,0,,0,0,0.025
1781506981.0,1781507581.0,9.251666666666667,3.257554894224944,21.0,9.0,-0.002744202067227962,0,,0,0,0.005
1781507041.0,1781507641.0,9.02,3.265414726085085,21.0,10.0,-0.003969844360678779,0,,0,0,0.04
1781507101.0,1781507701.0,8.81,3.2721909072261255,21.0,12.0,-0.005836682879674656,0,,0,0,0.225
1781507161.0,1781507761.0,8.555,3.2450436566143965,21.0,3.0,-0.006777546604296133,0,,0,0,0.01
1781507221.0,1781507821.0,8.28,3.2498615355119362,21.0,7.0,-0.007463409620582278,0,,0,0,0.02
1781507281.0,1781507881.0,7.933333333333334,3.1308500798061574,20.0,4.0,-0.006930408140022613,0,,0,0,0.0
1781507341.0,1781507941.0,7.565,2.988161363335878,20.0,1.0,-0.005067097408603902,0,,0,0,0.0
1781507401.0,1781508001.0,7.448333333333333,2.8885977951632906,17.0,9.0,-0.002701757504881961,0,,0,0,0.0
1781507461.0,1781508061.0,7.428333333333334,2.8422169555159265,17.0,9.0,0.0016877546882074661,0,,0,0,0.0
1781507521.0,1781508121.0,7.73,3.035418697093807,18.0,8.0,0.004714235317320323,0,,0,0,0.0
1781507581.0,1781508181.0,8.011666666666667,3.2972004117971894,19.0,13.0,0.007226325628682295,0,,0,0,0.085
1781507641.0,1781508241.0,8.238333333333333,3.3328962213399658,19.0,8.0,0.00782577173825483,0,,0,0,0.12
1781507701.0,1781508301.0,8.405,3.309225740260099,19.0,11.0,0.006718713107536407,0,,0,0,0.03
1781507761.0,1781508361.0,8.54,3.2738967607424643,19.0,13.0,0.004975791599421112,0,,0,0,0.095
1781507821.0,1781508421.0,8.728333333333333,3.2707589163508963,19.0,9.0,0.0029736471490198688,0,,0,0,0.035
1781507881.0,1781508481.0,8.87,3.2387909266679547,19.0,10.0,0.00013716704768624067,0,,0,0,0.085
1781507941.0,1781508541.0,9.068333333333333,3.195882333392281,19.0,9.0,-0.0022557562659896225,0,,0,0,0.0
1781508001.0,1781508601.0,9.061666666666667,3.24004072333804,21.0,5.0,-0.004311039752888197,0,,0,0,0.005
1781508061.0,1781508661.0,8.945,3.245813970845115,21.0,8.0,-0.004458929052580706,0,,0,0,0.005
1781508121.0,1781508721.0,8.663333333333334,3.2285170314282414,21.0,8.0,-0.0037416215045041803,0,,0,0,0.19
1781508181.0,1781508781.0,8.485,3.0522846634392846,21.0,11.0,-0.0014848096800268947,0,,0,0,0.005
1781508241.0,1781508841.0,8.606666666666667,3.131339791349525,21.0,15.0,0.001937505381959401,0,,0,0,0.005
1781508301.0,1781508901.0,9.158333333333333,3.6304174078961715,23.0,15.0,0.006959324887013577,0,,0,0,0.31
1781508361.0,1781508961.0,10.186666666666667,4.68669985763496,29.0,22.0,0.014534151483754124,0,,0,0,0.45
1781508421.0,1781509021.0,11.17,5.383409700180732,32.0,17.0,0.020196444990124972,0,,0,0,0.065
1781508481.0,1781509081.0,12.31,5.846699923888689,32.0,23.0,0.024316178656051818,0,,0,0,0.135
1781508541.0,1781509141.0,13.433333333333334,6.215482460937543,32.0,23.0,0.02740235389542749,0,,0,0,0.2
1781508601.0,1781509201.0,14.245,6.055161021806109,32.0,14.0,0.02396759435442875,0,,0,0,0.0
1781508661.0,1781509261.0,14.915,5.814732008728634,32.0,16.0,0.018228078411328914,0,,0,0,0.01
1781508721.0,1781509321.0,15.553333333333333,5.33139964945625,32.0,15.0,0.009595804432790088,0,,0,0,0.0
1781508781.0,1781509381.0,15.923333333333334,5.010734033607807,32.0,12.0,-0.0006917241436781889,0,,0,0,0.015
1781508841.0,1781509441.0,16.216666666666665,4.832844802897036,32.0,11.0,-0.008261411837255098,0,,0,0,0.005
1781508901.0,1781509501.0,16.051666666666666,4.893771267869211,32.0,14.0,-0.013925399792777219,0,,0,0,0.02
1781508961.0,1781509561.0,15.383333333333333,4.887711348087387,32.0,11.0,-0.014958097105825274,0,,0,0,0.02
1781509021.0,1781509621.0,14.738333333333333,4.708134509076345,31.0,12.0,-0.014754235428431774,0,,0,0,0.015
1781509081.0,1781509681.0,13.9,4.546793742114693,31.0,12.0,-0.01283309120303114,0,,0,0,0.0
1781509141.0,1781509741.0,13.003333333333334,4.009986145722811,31.0,9.0,-0.008710524195900534,0,,0,0,0.0
1781509201.0,1781509801.0,12.406666666666666,3.8054288705596497,25.0,12.0,-0.007809799471665214,0,,0,0,0.0
1781509261.0,1781509861.0,11.928333333333333,3.6156876555120494,24.0,9.0,-0.006840324556457094,0,,0,0,0.0
1781509321.0,1781509921.0,11.501666666666667,3.603238897929966,24.0,6.0,-0.0062743229842305275,0,,0,0,0.0
1781509381.0,1781509981.0,11.241666666666667,3.589326383722841,24.0,11.0,-0.006681101891949729,0,,0,0,0.005
1781509441.0,1781510041.0,10.95,3.510579249449678,22.0,11.0,-0.004328845357903765,0,,0,0,0.0
1781509501.0,1781510101.0,10.738333333333333,3.4775274581550355,22.0,12.0,-0.0031641476781879866,0,,0,0,0.0
1781509561.0,1781510161.0,10.58,3.433695773749717,22.0,13.0,-0.002298784163289337,0,,0,0,0.0
1781509621.0,1781510221.0,10.418333333333333,3.3625383103972046,22.0,12.0,-0.0009637526770907654,0,,0,0,0.0
1781509681.0,1781510281.0,10.308333333333334,3.2598461960991694,22.0,12.0,-0.0005755849321803701,0,,0,0,0.0
1781509741.0,1781510341.0,10.15,3.2466649555094738,22.0,6.0,-0.0004572790479973613,0,,0,0,0.0
1781509801.0,1781510401.0,10.008333333333333,3.2936702762858476,22.0,9.0,-0.0016708657524048712,0,,0,0,0.0
1781509861.0,1781510461.0,9.911666666666667,3.342732996948588,22.0,11.0,-0.002020533390370528,0,,0,0,0.0
1781509921.0,1781510521.0,9.835,3.288531840604051,22.0,7.0,-0.002760368778802152,0,,0,0,0.0
1781509981.0,1781510581.0,9.785,3.223679316143796,22.0,7.0,-0.003183369953805428,0,,0,0,0.005
1781510041.0,1781510641.0,9.773333333333333,3.1222783703927206,19.0,14.0,-0.001208447801243909,0,,0,0,0.0
1781510101.0,1781510701.0,9.751666666666667,3.126765723377575,20.0,14.0,-0.00027036186211628596,0,,0,0,0.0
1781510161.0,1781510761.0,9.701666666666666,3.121324060216896,20.0,8.0,0.0003150842085672457,0,,0,0,0.0
1781510221.0,1781510821.0,9.671666666666667,3.0692882815981224,20.0,6.0,0.0013714204761679858,0,,0,0,0.0
1781510281.0,1781510881.0,9.606666666666667,3.0657172443365064,20.0,15.0,0.0014179483831899583,0,,0,0,0.0
1781510341.0,1781510941.0,9.58,3.0348421156077734,20.0,10.0,0.0008787802188339403,0,,0,0,0.0
1781510401.0,1781511001.0,9.625,3.0228642598259907,20.0,7.0,-0.00027619521165336906,0,,0,0,0.0
1781510461.0,1781511061.0,9.575,2.9929430888898194,20.0,10.0,-0.0014271428531745852,0,,0,0,0.0
1781510521.0,1781511121.0,9.546666666666667,3.020676892500899,20.0,17.0,-0.0026545073736315952,0,,0,0,0.0
1781510581.0,1781511181.0,9.46,3.0422141059870635,20.0,8.0,-0.003788010522251444,0,,0,0,0.0
1781510641.0,1781511241.0,9.231666666666667,3.048715120979474,20.0,7.0,-0.0033058702940841423,0,,0,0,0.0
1781510701.0,1781511301.0,9.083333333333334,3.023197350855915,18.0,7.0,-0.002769452137367053,0,,0,0,0.0
1781510761.0,1781511361.0,8.948333333333334,3.0461446489328474,18.0,6.0,-0.002506923630343425,0,,0,0,0.0
1781510821.0,1781511421.0,8.775,3.0677421121513238,18.0,8.0,-0.0018767552132089333,0,,0,0,0.0
1781510881.0,1781511481.0,8.708333333333334,3.0794908489698245,18.0,3.0,-0.0013502537507048657,0,,0,0,0.0
1781510941.0,1781511541.0,8.698333333333334,3.0855573060451964,18.0,6.0,-0.00044486234683986995,0,,0,0,0.0
1781511001.0,1781511601.0,8.641666666666667,3.0446560652322545,18.0,9.0,3.230564529346741e-05,0,,0,0,0.0
1781511061.0,1781511661.0,8.703333333333333,3.0235722066603423,18.0,5.0,0.0009613360037111279,0,,0,0,0.0
1781511121.0,1781511721.0,8.701666666666666,3.010979445665849,19.0,10.0,0.0011768088244689492,0,,0,0,0.0
1781511181.0,1781511781.0,8.806666666666667,3.074511704681285,19.0,11.0,0.0017627271186864426,0,,0,0,0.0
1781511241.0,1781511841.0,8.976666666666667,3.053324235794307,19.0,11.0,0.002572340478723554,0,,0,0,0.0
1781511301.0,1781511901.0,9.088333333333333,2.9961971267295184,19.0,11.0,0.0029826471740199206,0,,0,0,0.0
1781511361.0,1781511961.0,9.296666666666667,3.0477295738886605,20.0,6.0,0.0036095655821266294,0,,0,0,0.015
1781511421.0,1781512021.0,9.651666666666667,3.181770558806667,20.0,11.0,0.004841096780824388,0,,0,0,0.0
1781511481.0,1781512081.0,10.003333333333334,3.2552504597274163,20.0,13.0,0.006108572523812567,0,,0,0,0.0
1781511541.0,1781512141.0,10.361666666666666,3.4040462034989414,20.0,13.0,0.0075434931763699335,0,,0,0,0.0
1781511601.0,1781512201.0,10.753333333333334,3.449515263853105,20.0,13.0,0.007709021413948366,0,,0,0,0.0
1781511661.0,1781512261.0,11.051666666666666,3.5775686187999556,23.0,17.0,0.0077235492320812124,0,,0,0,0.0
1781511721.0,1781512321.0,11.34,3.53898290473407,23.0,11.0,0.005801905005291687,0,,0,0,0.0
1781511781.0,1781512381.0,11.675,3.5084718895838396,23.0,22.0,0.005220153389314976,0,,0,0,0.005
1781511841.0,1781512441.0,12.04,3.612718274835907,24.0,10.0,0.0053653482370784435,0,,0,0,0.0
1781511901.0,1781512501.0,12.291666666666666,3.651474207616547,24.0,16.0,0.0030934252595146198,0,,0,0,0.0
1781511961.0,1781512561.0,12.498333333333333,3.5777083757933963,24.0,11.0,0.001390309417526147,0,,0,0,0.0
1781512021.0,1781512621.0,12.726666666666667,3.62931888314537,25.0,23.0,0.00216922824785624,0,,0,0,0.0
1781512081.0,1781512681.0,12.81,3.646537170156549,25.0,11.0,0.001825449515137552,0,,0,0,0.0
1781512141.0,1781512741.0,12.863333333333333,3.584874087359586,25.0,16.0,0.0020339500943058154,0,,0,0,0.0
1781512201.0,1781512801.0,13.1,3.690979996333404,25.0,14.0,0.003539787610521137,0,,0,0,0.0
1781512261.0,1781512861.0,13.203333333333333,3.685374999764459,27.0,12.0,0.003045952905424751,0,,0,0,0.0
1781512321.0,1781512921.0,13.568333333333333,3.7401422284304764,27.0,15.0,0.003324925902571961,0,,0,0,0.0
1781512381.0,1781512981.0,13.835,3.9074000307109586,31.0,23.0,0.004340706501962503,0,,0,0,0.0
1781512441.0,1781513041.0,13.948333333333334,3.913097309747811,31.0,20.0,0.00528315356431546,0,,0,0,0.0
1781512501.0,1781513101.0,14.193333333333333,3.8990540163252705,31.0,16.0,0.0041793449426248495,0,,0,0,0.005
1781512561.0,1781513161.0,14.423333333333334,3.8769561370860113,31.0,19.0,0.0030815085597459936,0,,0,0,0.0
1781512621.0,1781513221.0,14.423333333333334,3.865331666091396,31.0,18.0,0.00257628493412482,0,,0,0,0.0
1781512681.0,1781513281.0,14.575,3.8372353328926803,31.0,16.0,0.001185642182339364,0,,0,0,0.0
1781512741.0,1781513341.0,14.66,3.9112316900604767,31.0,11.0,-0.0007906688629690705,0,,0,0,0.0
1781512801.0,1781513401.0,14.623333333333333,3.902322670182749,31.0,13.0,-0.0005461126280906314,0,,0,0,0.0
1781512861.0,1781513461.0,14.695,3.8753892277636663,31.0,17.0,-0.0022858119050330533,0,,0,0,0.0
1781512921.0,1781513521.0,14.771666666666667,3.9567912785769006,31.0,12.0,-0.0002801952227644856,0,,0,0,0.0
1781512981.0,1781513581.0,15.073333333333334,4.121240374234707,30.0,28.0,0.0040844002344450955,0,,0,0,0.0
1781513041.0,1781513641.0,15.638333333333334,4.50786688899405,34.0,18.0,0.008890330250917351,0,,0,0,0.0
1781513101.0,1781513701.0,16.52166666666667,5.141290099662622,34.0,21.0,0.015104680846335688,0,,0,0,0.0
1781513161.0,1781513761.0,17.80666666666667,6.237463872084194,39.0,33.0,0.02351850977363825,0,,0,0,0.0
1781513221.0,1781513821.0,19.245,7.019138717345123,41.0,24.0,0.029102775285486916,0,,0,0,0.01
1781513281.0,1781513881.0,20.68,7.50295053073567,44.0,31.0,0.032729424248400696,0,,0,0,0.005
1781513341.0,1781513941.0,22.231666666666666,7.576806531925058,44.0,31.0,0.03346878741329836,0,,0,0,0.005
1781513401.0,1781514001.0,23.813333333333333,7.5691361608985614,47.0,21.0,0.03230536751490974,0,,0,0,0.0
1781513461.0,1781514061.0,25.223333333333333,7.012854071077069,47.0,29.0,0.025692682479673545,0,,0,0,0.0
1781513521.0,1781514121.0,26.326666666666668,6.456517809332072,47.0,27.0,0.017235825655071268,0,,0,0,0.0
1781513581.0,1781514181.0,27.02166666666667,5.981738645429289,47.0,25.0,0.007935216486712467,0,,0,0,0.0
1781513641.0,1781514241.0,27.06,5.939955106452125,47.0,21.0,-0.004671179642165657,0,,0,0,0.0
1781513701.0,1781514301.0,26.763333333333332,6.214820101088115,47.0,20.0,-0.014356706546407092,0,,0,0,0.0
1781513761.0,1781514361.0,25.97,6.479385258906383,47.0,20.0,-0.01973266592407201,0,,0,0,0.0
1781513821.0,1781514421.0,24.948333333333334,6.636690733256212,47.0,17.0,-0.0237757049325137,0,,0,0,0.0
1781513881.0,1781514481.0,23.858333333333334,6.68492811396569,47.0,21.0,-0.0258127105908628,0,,0,0,0.0
1781513941.0,1781514541.0,22.518333333333334,6.742872574471177,47.0,17.0,-0.026416545601515583,0,,0,0,0.0
1781514001.0,1781514601.0,21.256666666666668,6.208659722964011,43.0,20.0,-0.022026283406342818,0,,0,0,0.0
1781514061.0,1781514661.0,20.041666666666668,5.798557052309556,43.0,14.0,-0.019002747229853408,0,,0,0,0.005
1781514121.0,1781514721.0,18.985,5.173790518887804,37.0,24.0,-0.014240845113458618,0,,0,0,0.28
1781514181.0,1781514781.0,17.91,4.6838623663240435,33.0,19.0,-0.010809363359342664,0,,0,0,0.0
1781514241.0,1781514841.0,17.275,4.563921011586419,33.0,16.0,-0.010459056830713452,0,,0,0,0.0
1781514301.0,1781514901.0,16.651666666666667,4.310877392003731,30.0,15.0,-0.009367109353081533,0,,0,0,0.0
1781514361.0,1781514961.0,15.956666666666667,4.205328630308086,29.0,10.0,-0.009175747710410322,0,,0,0,0.0
1781514421.0,1781515021.0,15.495,4.156116977821164,29.0,11.0,-0.008615051708476965,0,,0,0,0.0
1781514481.0,1781515081.0,14.89,4.147436959536979,29.0,11.0,-0.009011302809174448,0,,0,0,0.0
1781514541.0,1781515141.0,14.475,4.163657246540193,29.0,12.0,-0.010129889249692355,0,,0,0,0.0
1781514601.0,1781515201.0,13.931666666666667,3.995455404442513,29.0,14.0,-0.008412662257395145,0,,0,0,0.0
1781514661.0,1781515261.0,13.491666666666667,3.916196780324275,29.0,11.0,-0.008038161217114492,0,,0,0,0.0
1781514721.0,1781515321.0,12.905,3.7544606803108223,26.0,8.0,-0.007169547693188025,0,,0,0,0.0
1781514781.0,1781515381.0,12.541666666666666,3.706066723030706,26.0,9.0,-0.006693379703832522,0,,0,0,0.0
1781514841.0,1781515441.0,12.176666666666666,3.7016377756639316,26.0,10.0,-0.005872405201125568,0,,0,0,0.0
1781514901.0,1781515501.0,11.778333333333334,3.626182182712587,26.0,8.0,-0.005028486190239412,0,,0,0,0.0
1781514961.0,1781515561.0,11.566666666666666,3.6187781854592243,26.0,9.0,-0.004773568815468958,0,,0,0,0.0
1781515021.0,1781515621.0,11.221666666666666,3.529758805105842,23.0,9.0,-0.003625760071555766,0,,0,0,0.0
1781515081.0,1781515681.0,11.013333333333334,3.518497153931238,23.0,12.0,-0.004052733479815232,0,,0,0,0.0
1781515141.0,1781515741.0,10.76,3.4658909388496344,23.0,10.0,-0.00431317864771847,0,,0,0,0.0
1781515201.0,1781515801.0,10.481666666666667,3.419989847288374,23.0,15.0,-0.003689538026494519,0,,0,0,0.0
1781515261.0,1781515861.0,10.21,3.409677404095584,23.0,6.0,-0.003681565782127181,0,,0,0,0.0
1781515321.0,1781515921.0,9.991666666666667,3.4017050463292997,23.0,10.0,-0.004664651846255134,0,,0,0,0.085
1781515381.0,1781515981.0,9.86,3.323211298327769,23.0,10.0,-0.003498787496631942,0,,0,0,0.045
1781515441.0,1781516041.0,9.71,3.2402520478094496,21.0,8.0,-0.002624840624557309,0,,0,0,0.0
1781515501.0,1781516101.0,9.551666666666666,3.2239722737986165,21.0,14.0,-0.0026773129925360913,0,,0,0,0.015
1781515561.0,1781516161.0,9.306666666666667,3.183178006681722,19.0,8.0,-0.0024568957135992103,0,,0,0,0.0
1781515621.0,1781516221.0,9.18,3.18709899438345,19.0,9.0,-0.00168428245634016,0,,0,0,0.0
1781515681.0,1781516281.0,9.051666666666666,3.1137861019808164,19.0,9.0,-0.001474920763668788,0,,0,0,0.0
1781515741.0,1781516341.0,8.986666666666666,3.1357862738961586,19.0,14.0,-0.0011507254186817115,0,,0,0,0.0
1781515801.0,1781516401.0,8.736666666666666,3.0947249025110812,18.0,10.0,-0.0022812841146780914,0,,0,0,0.0
1781515861.0,1781516461.0,8.528333333333334,3.135155055531101,21.0,8.0,-0.003648926802574445,0,,0,0,0.01
1781515921.0,1781516521.0,8.41,3.144609143703978,21.0,10.0,-0.0047640687890799565,0,,0,0,0.025
1781515981.0,1781516581.0,8.18,3.102837411144838,21.0,10.0,-0.003949844305123067,0,,0,0,0.005
1781516041.0,1781516641.0,7.943333333333333,3.030971608063805,21.0,10.0,-0.0035570098805829953,0,,0,0,0.0
1781516101.0,1781516701.0,7.76,2.964073773260938,21.0,5.0,-0.0034696763046564057,0,,0,0,0.0
1781516161.0,1781516761.0,7.668333333333333,2.90086146208712,21.0,8.0,-0.003213481148558749,0,,0,0,0.0
1781516221.0,1781516821.0,7.501666666666667,2.819573943386167,21.0,7.0,-0.0020865891294142595,0,,0,0,0.0
1781516281.0,1781516881.0,7.343333333333334,2.797401572094281,21.0,8.0,-0.0013453926260906274,0,,0,0,0.0
1781516341.0,1781516941.0,7.2,2.701851217221259,21.0,11.0,0.00040827891188586666,0,,0,0,0.0
1781516401.0,1781517001.0,7.208333333333333,2.69720791848822,21.0,12.0,0.00019491720810335903,0,,0,0,0.01
1781516461.0,1781517061.0,7.261666666666667,2.6919380668127486,16.0,10.0,7.636132322589764e-05,0,,0,0,0.0
1781516521.0,1781517121.0,7.346666666666667,2.733707291491822,17.0,8.0,0.000991502754174326,0,,0,0,0.0
1781516581.0,1781517181.0,7.556666666666667,2.871722286170599,18.0,8.0,0.0032785091069697375,0,,0,0,0.0
1781516641.0,1781517241.0,8.57,4.456280212613804,32.0,30.0,0.011761143780954938,0,,0,0,0.03
1781516701.0,1781517301.0,11.286666666666667,9.11653199169265,55.0,44.0,0.033359092664146286,0,,0,0,0.03
1781516761.0,1781517361.0,15.861666666666666,15.575917219291526,73.0,57.0,0.06693465815182822,0,,0,0,0.015
1781516821.0,1781517421.0,20.493333333333332,19.020251195911044,73.0,52.0,0.09132008700024169,0,,0,0,0.0
1781516881.0,1781517481.0,23.901666666666667,19.465490760716914,73.0,42.0,0.09480218000605559,0,,0,0,0.0
1781516941.0,1781517541.0,26.346666666666668,18.847983682317025,73.0,21.0,0.08363828788413302,0,,0,0,0.0
1781517001.0,1781517601.0,28.140233722871454,17.822357531822725,73.0,22.0,0.06158027622645154,0,,0,0,0.0
1781517061.0,1781517661.0,29.956594323873123,16.54592795747616,73.0,31.0,0.03632050783600525,0,,0,0,0.0
1781517121.0,1781517721.0,31.667779632721203,15.071719924436415,73.0,20.0,0.008068195212799495,0,,0,0,0.0
1781517181.0,1781517781.0,33.046744574290486,13.583765422676326,73.0,29.0,-0.023687802221112938,0,,0,0,0.0
1781517241.0,1781517841.0,33.48914858096828,13.064989693928757,73.0,17.0,-0.051746591020365926,0,,0,0,0.0
1781517301.0,1781517901.0,32.151919866444075,13.459589880571322,73.0,14.0,-0.06274567580737767,0,,0,0,0.0
1781517361.0,1781517961.0,28.649415692821368,11.775046285153902,70.0,19.0,-0.05251012501584361,0,,0,0,0.0
1781517421.0,1781518021.0,24.853088480801336,8.585723268927428,58.0,13.0,-0.03647680255994036,0,,0,0,0.0
1781517481.0,1781518081.0,22.350584307178632,6.6826935298458725,50.0,20.0,-0.026248586996924037,0,,0,0,0.0
1781517541.0,1781518141.0,20.687813021702837,6.023967299751733,38.0,10.0,-0.02207822300895427,0,,0,0,0.0
1781517601.0,1781518201.0,19.761666666666667,5.9532789751157775,38.0,28.0,-0.021769866027405656,0,,0,0,0.0
1781517661.0,1781518261.0,18.836666666666666,5.6050562490982685,36.0,15.0,-0.018539107053075154,0,,0,0,0.14
1781517721.0,1781518321.0,17.8,5.132900414645376,36.0,14.0,-0.01502237506215292,0,,0,0,0.13
1781517781.0,1781518381.0,16.796666666666667,4.855442536187842,34.0,13.0,-0.012892980258278522,0,,0,0,0.0
1781517841.0,1781518441.0,15.95,4.546518814800323,31.0,18.0,-0.010816085600237797,0,,0,0,0.0
1781517901.0,1781518501.0,15.125,4.219720567367781,31.0,10.0,-0.008515218097828047,0,,0,0,0.0
1781517961.0,1781518561.0,14.511666666666667,4.092659757283629,31.0,9.0,-0.00792377201047782,0,,0,0,0.0
1781518021.0,1781518621.0,14.1,4.100812927538474,31.0,9.0,-0.00918035883433013,0,,0,0,0.0
1781518081.0,1781518681.0,13.618333333333334,4.154836204820701,31.0,14.0,-0.009479498554162627,0,,0,0,0.0
1781518141.0,1781518741.0,13.113333333333333,4.110614985078943,28.0,13.0,-0.010623751732643702,0,,0,0,0.0
1781518201.0,1781518801.0,12.501666666666667,4.04351298034546,26.0,6.0,-0.011053947372076038,0,,0,0,0.0
1781518261.0,1781518861.0,11.903333333333334,3.7811800039435073,25.0,17.0,-0.008755802099450283,0,,0,0,0.0
1781518321.0,1781518921.0,11.381666666666666,3.6440815791575734,25.0,6.0,-0.007427048408467815,0,,0,0,0.0
1781518381.0,1781518981.0,10.986666666666666,3.601363939151696,25.0,6.0,-0.007009575026597303,0,,0,0,0.0
1781518441.0,1781519041.0,10.535,3.5508836928291525,23.0,7.0,-0.0067022686174128135,0,,0,0,0.015
1781518501.0,1781519101.0,10.17,3.4502801818596316,21.0,15.0,-0.0059675721321448185,0,,0,0,0.0
1781518561.0,1781519161.0,9.776666666666667,3.3486498108275753,21.0,8.0,-0.005775460487390246,0,,0,0,0.0
1781518621.0,1781519221.0,9.521666666666667,3.250568753652539,21.0,12.0,-0.004330595362764892,0,,0,0,0.0
1781518681.0,1781519281.0,9.208333333333334,3.0970303876814356,19.0,10.0,-0.003709149192081076,0,,0,0,0.0
1781518741.0,1781519341.0,8.948333333333334,3.0103705013761273,19.0,6.0,-0.004029816749490972,0,,0,0,0.0
1781518801.0,1781519401.0,8.811666666666667,2.955141940565442,19.0,10.0,-0.003955260986836065,0,,0,0,0.0
1781518861.0,1781519461.0,8.54,2.907186497858941,19.0,7.0,-0.0033988983302731387,0,,0,0,0.0
1781518921.0,1781519521.0,8.303333333333333,2.9053953641840593,19.0,9.0,-0.003255064597401666,0,,0,0,0.0
1781518981.0,1781519581.0,8.116666666666667,2.762798500715453,15.0,11.0,-0.002711340864835737,0,,0,0,0.01
1781519041.0,1781519641.0,7.92,2.6789799053619894,15.0,8.0,-0.003373953816538391,0,,0,0,0.005
1781519101.0,1781519701.0,7.683333333333334,2.6632790983213828,15.0,4.0,-0.0035415098375273252,0,,0,0,0.0
1781519161.0,1781519761.0,7.573333333333333,2.6884857365356347,15.0,7.0,-0.0037042325117569775,0,,0,0,0.005
1781519221.0,1781519821.0,7.3533333333333335,2.604833114722622,15.0,7.0,-0.002702896396934435,0,,0,0,0.18
1781519281.0,1781519881.0,7.201666666666667,2.5950588732349704,17.0,5.0,-0.002429978972163822,0,,0,0,0.0
1781519341.0,1781519941.0,7.118333333333333,2.6161671497737977,17.0,3.0,-0.0023624232289534155,0,,0,0,0.0
1781519401.0,1781520001.0,6.988333333333333,2.6472999871986973,17.0,9.0,-0.0013231425642849014,0,,0,0,0.015
1781519461.0,1781520061.0,6.85,2.5924570070366326,17.0,6.0,-0.0012823924510901505,0,,0,0,0.0
1781519521.0,1781520121.0,6.716666666666667,2.618470715682894,17.0,7.0,-0.0015488376356600974,0,,0,0,0.0
1781519581.0,1781520181.0,6.623333333333333,2.5758083952205935,17.0,11.0,-0.0006662240728446489,0,,0,0,0.0
1781519641.0,1781520241.0,6.591666666666667,2.596458592433591,17.0,3.0,-0.0008540301500837542,0,,0,0,0.005
1781519701.0,1781520301.0,6.638333333333334,2.6231400818272914,17.0,7.0,-0.0005640293445259605,0,,0,0,0.0
1781519761.0,1781520361.0,6.581666666666667,2.6217037505323812,17.0,5.0,-0.00033352870424640775,0,,0,0,0.0
1781519821.0,1781520421.0,6.595,2.6791121041618746,17.0,8.0,0.0003369731582587792,0,,0,0,0.0
1781519881.0,1781520481.0,6.65,2.660983527444943,16.0,7.0,0.0008642801785560459,0,,0,0,0.0
1781519941.0,1781520541.0,6.625,2.60915854890678,16.0,9.0,0.0009293081369670376,0,,0,0,0.02
1781520001.0,1781520601.0,6.585,2.5408873122067677,16.0,5.0,0.0010709751971533254,0,,0,0,0.01
1781520061.0,1781520661.0,6.673333333333333,2.5845609986137985,16.0,9.0,0.0011352809313359214,0,,0,0,0.005
1781520121.0,1781520721.0,6.773333333333333,2.5381007772654645,16.0,9.0,0.000638946219295053,0,,0,0,0.0
1781520181.0,1781520781.0,6.793333333333333,2.527308625571655,16.0,5.0,0.0004997236103433618,0,,0,0,0.0
1781520241.0,1781520841.0,6.9,2.5146238950056397,16.0,7.0,0.0006341128725357602,0,,0,0,0.0
1781520301.0,1781520901.0,6.841666666666667,2.5251925119131453,16.0,8.0,0.00033508426412295433,0,,0,0,0.0
1781520361.0,1781520961.0,6.886666666666667,2.514721102274012,16.0,5.0,-9.461137392049501e-05,0,,0,0,0.005
1781520421.0,1781521021.0,6.8566666666666665,2.4898705901222167,16.0,9.0,-0.00012705590848863398,0,,0,0,0.0
1781520481.0,1781521081.0,6.75,2.5001666611114817,16.0,7.0,-0.00037288992469423584,0,,0,0,0.0
1781520541.0,1781521141.0,6.806666666666667,2.5323155850371855,16.0,8.0,-0.00031888977469381023,0,,0,0,0.0
1781520601.0,1781521201.0,6.791666666666667,2.579069061157964,16.0,4.0,-0.0010949752638201803,0,,0,0,0.0
1781520661.0,1781521261.0,6.763333333333334,2.539157778126878,16.0,6.0,-0.0006837241214558904,0,,0,0,0.0
1781520721.0,1781521321.0,6.753333333333333,2.56433660470349,16.0,6.0,-0.00031183419953944853,0,,0,0,0.0
1781520781.0,1781521381.0,6.8,2.66520793435209,16.0,1.0,0.00021594504429178185,0,,0,0,0.03
1781520841.0,1781521441.0,6.7683333333333335,2.716860422538404,16.0,2.0,0.0011998644440678996,0,,0,0,0.02
1781520901.0,1781521501.0,6.786666666666667,2.6847387623793533,15.0,6.0,0.0006086683574121008,0,,0,0,0.0
1781520961.0,1781521561.0,6.748333333333333,2.6972202769188547,15.0,4.0,0.000439084553012638,0,,0,0,0.0
1781521021.0,1781521621.0,6.735,2.7266783822079197,15.0,12.0,0.00022136172600478922,0,,0,0,0.0
1781521081.0,1781521681.0,6.806666666666667,2.736656516424538,15.0,7.0,-0.0004323345342625913,0,,0,0,0.0
1781521141.0,1781521741.0,6.683333333333334,2.7318593586704925,15.0,3.0,-0.0009801138336495365,0,,0,0,0.005
1781521201.0,1781521801.0,6.666666666666667,2.671246067953223,15.0,7.0,-0.0017597826660629677,0,,0,0,0.01
1781521261.0,1781521861.0,6.616666666666666,2.6651558220028253,15.0,10.0,-0.0018726718685329645,0,,0,0,0.02
1781521321.0,1781521921.0,6.59,2.6435897311547167,15.0,5.0,-0.0015796154989319413,0,,0,0,0.015
1781521381.0,1781521981.0,6.448333333333333,2.575007551229489,15.0,4.0,-0.001456365156569884,0,,0,0,0.02
1781521441.0,1781522041.0,6.318333333333333,2.5755900079183585,15.0,2.0,-0.0012801424448401191,0,,0,0,0.035
1781521501.0,1781522101.0,6.253333333333333,2.5552212341704497,15.0,3.0,-0.001312281423003946,0,,0,0,0.03
1781521561.0,1781522161.0,6.233333333333333,2.5714241622537157,15.0,6.0,-0.0009668360189889513,0,,0,0,0.13
1781521621.0,1781522221.0,6.175,2.491527309369362,15.0,6.0,-0.0008160856002377776,0,,0,0,0.025
1781521681.0,1781522281.0,6.056666666666667,2.479271846508343,15.0,3.0,-0.0005367792688312981,0,,0,0,0.0
1781521741.0,1781522341.0,6.035,2.4826951081435675,15.0,6.0,-0.0011051419587276682,0,,0,0,0.005
1781521801.0,1781522401.0,6.038333333333333,2.523264530105571,15.0,3.0,-0.0008154744874291323,0,,0,0,0.0
1781521861.0,1781522461.0,5.951666666666667,2.517802723716764,15.0,4.0,-0.0009919749777082703,0,,0,0,0.0
1781521921.0,1781522521.0,5.905,2.5402050442172315,15.0,5.0,-9.680582446063256e-05,0,,0,0,0.0
1781521981.0,1781522581.0,6.028333333333333,2.5840918241338784,15.0,6.0,0.0009601415559487788,0,,0,0,0.005
1781522041.0,1781522641.0,6.16,2.5614579181916435,14.0,8.0,0.0017155047652910134,0,,0,0,0.0
1781522101.0,1781522701.0,6.3,2.6324893162176366,14.0,7.0,0.002568562690451919,0,,0,0,0.02
1781522161.0,1781522761.0,6.355,2.632294626366889,14.0,10.0,0.0030598140550390403,0,,0,0,0.03
1781522221.0,1781522821.0,6.513333333333334,2.6968788544455524,14.0,12.0,0.0037429548415412245,0,,0,0,0.02
1781522281.0,1781522881.0,6.66,2.727831861876143,17.0,7.0,0.003286120239222883,0,,0,0,0.0
1781522341.0,1781522941.0,6.745,2.7116984222684746,17.0,6.0,0.002048366801018881,0,,0,0,0.0
1781522401.0,1781523001.0,6.886666666666667,2.74417362586424,17.0,7.0,0.0022923952566534962,0,,0,0,0.0
1781522461.0,1781523061.0,7.0183333333333335,2.729101907628629,17.0,9.0,0.0006381406615018402,0,,0,0,0.005
1781522521.0,1781523121.0,7.161666666666667,2.7071874498986745,17.0,10.0,0.00018486162461561412,0,,0,0,0.0
1781522581.0,1781523181.0,7.368333333333333,2.833019100221921,17.0,7.0,0.0019249775693821393,0,,0,0,0.0
1781522641.0,1781523241.0,7.661666666666667,3.024433372091741,20.0,9.0,0.004060705724182568,0,,0,0,0.0
1781522701.0,1781523301.0,7.931666666666667,3.1559991374453125,20.0,16.0,0.005937044269567417,0,,0,0,0.01
1781522761.0,1781523361.0,8.203333333333333,3.199269013731453,20.0,14.0,0.006228795079986336,0,,0,0,0.02
1781522821.0,1781523421.0,8.321666666666667,3.218415327800659,20.0,7.0,0.0059464887402465045,0,,0,0,0.005
1781522881.0,1781523481.0,8.403333333333334,3.212577711986989,20.0,10.0,0.004315623098953056,0,,0,0,0.125
1781522941.0,1781523541.0,8.618333333333334,3.2211794768721322,20.0,11.0,0.002450590140528159,0,,0,0,0.21
1781523001.0,1781523601.0,8.663333333333334,3.185904720623153,20.0,4.0,0.0008817802271672979,0,,0,0,0.0
1781523061.0,1781523661.0,8.693333333333333,3.2040529888807323,20.0,6.0,-0.002596062766841021,0,,0,0,0.0
1781523121.0,1781523721.0,8.723333333333333,3.2150876953652276,20.0,9.0,-0.004521457004047246,0,,0,0,0.075
1781523181.0,1781523781.0,8.526666666666667,3.1810829742225977,20.0,14.0,-0.005405126125350347,0,,0,0,0.005
1781523241.0,1781523841.0,8.201666666666666,3.1135719929938275,19.0,5.0,-0.005266875741321491,0,,0,0,0.0
1781523301.0,1781523901.0,7.878333333333333,2.985553643054426,18.0,6.0,-0.00452837368992691,0,,0,0,0.0
1781523361.0,1781523961.0,7.71,2.895266251429507,18.0,12.0,-0.0026085628015633418,0,,0,0,0.0
1781523421.0,1781524021.0,7.975,3.1055394056427623,20.0,10.0,0.0019520332000922272,0,,0,0,0.0
1781523481.0,1781524081.0,8.731666666666667,3.9669044046404185,27.0,22.0,0.008733107591965533,0,,0,0,0.055
1781523541.0,1781524141.0,9.928333333333333,5.45036976319548,36.0,23.0,0.019381192725535346,0,,0,0,0.11
1781523601.0,1781524201.0,10.98,6.047831567319536,36.0,15.0,0.025130903141397605,0,,0,0,0.06
1781523661.0,1781524261.0,12.281666666666666,6.541839488163011,36.0,26.0,0.029145553182092183,0,,0,0,0.365
1781523721.0,1781524321.0,14.493333333333334,8.471518294982442,54.0,54.0,0.04055344598179438,0,,0,0,0.08
1781523781.0,1781524381.0,17.825,11.279673828026528,56.0,36.0,0.055883960788779975,0,,0,0,0.375
1781523841.0,1781524441.0,20.473333333333333,11.614902305037075,56.0,30.0,0.057568715468654094,0,,0,0,0.49
1781523901.0,1781524501.0,22.27,10.815749319087113,56.0,31.0,0.0463393509426415,0,,0,0,0.24
1781523961.0,1781524561.0,23.538333333333334,9.787502093089033,56.0,22.0,0.028842830118972568,0,,0,0,0.01
1781524021.0,1781524621.0,24.375,9.109758961319082,56.0,24.0,0.012093450259584039,0,,0,0,0.0
1781524081.0,1781524681.0,24.635,8.896915664056467,56.0,17.0,-0.00342687063019621,0,,0,0,0.0
1781524141.0,1781524741.0,24.225,9.108661171288201,56.0,17.0,-0.01528201467226301,0,,0,0,0.0
1781524201.0,1781524801.0,23.906666666666666,9.343337495539565,56.0,16.0,-0.02939452609590582,0,,0,0,0.0
1781524261.0,1781524861.0,23.323333333333334,9.714531497824392,56.0,15.0,-0.042395006652796254,0,,0,0,0.0
1781524321.0,1781524921.0,21.651666666666667,9.666281457842112,56.0,13.0,-0.0444561512670868,0,,0,0,0.0
1781524381.0,1781524981.0,18.983333333333334,7.334147682057011,48.0,12.0,-0.030715751988199945,0,,0,0,0.0
1781524441.0,1781525041.0,16.893333333333334,5.553853517053622,36.0,15.0,-0.020725224236733966,0,,0,0,0.24
1781524501.0,1781525101.0,15.765,4.8545279550813865,32.0,15.0,-0.015045291792477183,0,,0,0,0.03
1781524561.0,1781525161.0,14.98,4.592704359452428,32.0,15.0,-0.012419145608737836,0,,0,0,0.01
1781524621.0,1781525221.0,14.228333333333333,4.219344011678698,32.0,13.0,-0.009626276739657616,0,,0,0,0.0
1781524681.0,1781525281.0,13.823333333333334,3.96973410808443,27.0,8.0,-0.005483459676276879,0,,0,0,0.0
1781524741.0,1781525341.0,13.41,3.8916877229979967,26.0,11.0,-0.0037613993372203913,0,,0,0,0.0
1781524801.0,1781525401.0,12.978333333333333,3.818096893596192,26.0,6.0,-0.0036582601618337846,0,,0,0,0.0
1781524861.0,1781525461.0,12.643333333333333,3.808690355256282,26.0,7.0,-0.004075677987994433,0,,0,0,0.0
1781524921.0,1781525521.0,12.426666666666666,3.7702284045163927,26.0,7.0,-0.004687513020869499,0,,0,0,0.0
1781524981.0,1781525581.0,12.181666666666667,3.6159826542111007,25.0,5.0,-0.004067539076497429,0,,0,0,0.0
1781525041.0,1781525641.0,11.993333333333334,3.6596842608193523,25.0,9.0,-0.005353792649424038,0,,0,0,0.0
1781525101.0,1781525701.0,11.73,3.559086961567531,25.0,9.0,-0.004720735335375934,0,,0,0,0.0
1781525161.0,1781525761.0,11.58,3.5398116710732883,25.0,12.0,-0.0041249559026553,0,,0,0,0.0
1781525221.0,1781525821.0,11.44,3.538323520162244,25.0,9.0,-0.004067289075803009,0,,0,0,0.0
1781525281.0,1781525881.0,11.175,3.317786661817383,25.0,12.0,-0.0012347534298706411,0,,0,0,0.0
1781525341.0,1781525941.0,11.081666666666667,3.258577995929445,20.0,10.0,0.0003760843780121775,0,,0,0,0.0
1781525401.0,1781526001.0,11.063333333333333,3.394012702130359,20.0,8.0,0.0003130564251567242,0,,0,0,0.0
1781525461.0,1781526061.0,11.116666666666667,3.377334583497597,20.0,8.0,0.0005486126350350832,0,,0,0,0.0
1781525521.0,1781526121.0,11.09,3.3806163146187806,20.0,14.0,0.0003610565584904401,0,,0,0,0.0
1781525581.0,1781526181.0,11.265,3.4290098182031112,20.0,11.0,0.002524757013213905,0,,0,0,0.0
1781525641.0,1781526241.0,11.568333333333333,3.5192798347894354,23.0,16.0,0.0037739827055075018,0,,0,0,0.01
1781525701.0,1781526301.0,11.771666666666667,3.555211745530153,23.0,15.0,0.004238428440078995,0,,0,0,0.0
1781525761.0,1781526361.0,11.918333333333333,3.5709471977178397,23.0,13.0,0.004456040155667092,0,,0,0,0.0
1781525821.0,1781526421.0,12.035,3.5875397791058243,23.0,15.0,0.0033641482337450923,0,,0,0,0.0
1781525881.0,1781526481.0,12.075,3.588320173377324,24.0,13.0,0.0024582012727813103,0,,0,0,0.0
1781525941.0,1781526541.0,11.928333333333333,3.639120391278945,24.0,9.0,-0.0001448059577943228,0,,0,0,0.0
1781526001.0,1781526601.0,11.84,3.543218875542407,24.0,10.0,-0.002985841627337845,0,,0,0,0.0
1781526061.0,1781526661.0,11.806666666666667,3.5075094044381725,24.0,12.0,-0.0041168447690132365,0,,0,0,0.0
1781526121.0,1781526721.0,11.763333333333334,3.4919892452424435,24.0,8.0,-0.006486684685235237,0,,0,0,0.0
1781526181.0,1781526781.0,11.616666666666667,3.5420882102072064,24.0,14.0,-0.005073014091705812,0,,0,0,0.0
1781526241.0,1781526841.0,11.306666666666667,3.406751466654936,24.0,14.0,-0.003997899994166645,0,,0,0,0.005
1781526301.0,1781526901.0,11.046666666666667,3.3152911720625013,24.0,10.0,-0.003150897641382345,0,,0,0,0.0
1781526361.0,1781526961.0,10.76,3.2556207805373565,24.0,9.0,-0.0024903958066550256,0,,0,0,0.0
1781526421.0,1781527021.0,10.458333333333334,3.21894349472342,24.0,7.0,-0.002688479690221364,0,,0,0,0.0
1781526481.0,1781527081.0,10.185,3.176073309397418,22.0,11.0,-0.0024499790277195156,0,,0,0,0.0
1781526541.0,1781527141.0,10.151666666666667,3.1297492799832316,22.0,10.0,-0.003148203189453301,0,,0,0,0.0
1781526601.0,1781527201.0,10.058333333333334,3.1720020842083665,22.0,16.0,-0.004199483887455248,0,,0,0,0.0
1781526661.0,1781527261.0,9.941666666666666,3.154086855000808,22.0,14.0,-0.003051480698557497,0,,0,0,0.0
1781526721.0,1781527321.0,10.016666666666667,3.260836634294266,22.0,10.0,-0.0013837816216156259,0,,0,0,0.005
1781526781.0,1781527381.0,9.896666666666667,3.186846229250619,20.0,12.0,0.0008690579696054604,0,,0,0,0.0
1781526841.0,1781527441.0,10.008333333333333,3.2508866311960016,20.0,13.0,0.00303720288111911,0,,0,0,0.0
1781526901.0,1781527501.0,10.201666666666666,3.389837344508173,23.0,9.0,0.0053804316123100375,0,,0,0,0.0
1781526961.0,1781527561.0,10.603333333333333,3.6395039344516293,25.0,11.0,0.008259911833088432,0,,0,0,0.005
1781527021.0,1781527621.0,11.068333333333333,3.7643499512605834,25.0,12.0,0.009250220139500387,0,,0,0,0.005
1781527081.0,1781527681.0,11.458333333333334,3.7848289995131297,25.0,10.0,0.008738552051533486,0,,0,0,0.0
1781527141.0,1781527741.0,11.755,3.865441975591752,25.0,12.0,0.007746327073130753,0,,0,0,0.0
1781527201.0,1781527801.0,12.093333333333334,3.7918274691177016,25.0,8.0,0.005417570604362783,0,,0,0,0.0
1781527261.0,1781527861.0,12.243333333333334,3.735967820465743,25.0,11.0,0.002410173361592651,0,,0,0,0.0
1781527321.0,1781527921.0,12.24,3.671838776417069,25.0,12.0,0.0001575559932110818,0,,0,0,0.0
1781527381.0,1781527981.0,12.225,3.6241378285048707,25.0,13.0,-0.003546315406431685,0,,0,0,0.0
1781527441.0,1781528041.0,12.095,3.6248183862551424,25.0,15.0,-0.006077655771266021,0,,0,0,0.0
1781527501.0,1781528101.0,12.048333333333334,3.6054584390276303,25.0,14.0,-0.006227489520804234,0,,0,0,0.0
1781527561.0,1781528161.0,11.645,3.506038837967049,24.0,11.0,-0.006299045275125762,0,,0,0,0.0
1781527621.0,1781528221.0,11.311666666666667,3.45270867902611,23.0,5.0,-0.00533559815443932,0,,0,0,0.0
1781527681.0,1781528281.0,11.02,3.4267963658982326,23.0,11.0,-0.004654901819171725,0,,0,0,0.0
1781527741.0,1781528341.0,10.991666666666667,3.4464857302604472,24.0,19.0,-0.0015048097355826052,0,,0,0,0.0
1781527801.0,1781528401.0,11.013333333333334,3.5298473369569714,24.0,14.0,0.0016451712365867749,0,,0,0,0.0
1781527861.0,1781528461.0,10.84,3.520568135968966,24.0,15.0,0.0009493359703776882,0,,0,0,0.0
1781527921.0,1781528521.0,10.851666666666667,3.5132601984797853,24.0,8.0,0.0016759768777135403,0,,0,0,0.0
1781527981.0,1781528581.0,10.845,3.557289464372183,24.0,7.0,0.0005163625454515092,0,,0,0,0.0
1781528041.0,1781528641.0,10.911666666666667,3.597294894160827,24.0,7.0,-5.3639037886223685e-05,0,,0,0,0.0
1781528101.0,1781528701.0,10.706666666666667,3.525708754594205,24.0,9.0,-0.00020600057222381363,0,,0,0,0.0
1781528161.0,1781528761.0,10.593333333333334,3.562015659083429,24.0,6.0,-0.003028841746782623,0,,0,0,0.0
1781528221.0,1781528821.0,10.463333333333333,3.6049025260362066,24.0,2.0,-0.004703679732443705,0,,0,0,0.0
1781528281.0,1781528881.0,10.291666666666666,3.6523869668417603,24.0,4.0,-0.007089103025286191,0,,0,0,0.0
1781528341.0,1781528941.0,9.903333333333334,3.4723655081546676,23.0,6.0,-0.006648407356687116,0,,0,0,0.21
1781528401.0,1781529001.0,9.465,3.220058229287166,20.0,9.0,-0.004928152578201609,0,,0,0,0.0
1781528461.0,1781529061.0,9.261666666666667,3.246515653572132,20.0,7.0,-0.006276767435465099,0,,0,0,0.0
1781528521.0,1781529121.0,9.055,3.1710106170325782,20.0,5.0,-0.004151039308442527,0,,0,0,0.0
1781528581.0,1781529181.0,8.878333333333334,3.107549499024736,20.0,6.0,-0.0033263703510287485,0,,0,0,0.0
1781528641.0,1781529241.0,8.736666666666666,3.000109257269734,19.0,8.0,-0.0004347789854971816,0,,0,0,0.0
1781528701.0,1781529301.0,9.14,3.919234619157164,31.0,30.0,0.005451292920258105,0,,0,0,0.04
1781528761.0,1781529361.0,13.983333333333333,15.730216852358463,95.0,38.0,0.04784513290314696,0,,0,0,0.005
1781528821.0,1781529421.0,15.07,15.930843250332567,95.0,9.0,0.04723302009172247,0,,0,0,0.015
1781528881.0,1781529481.0,14.966666666666667,15.964300450971502,95.0,7.0,0.03288820246722907,0,,0,0,0.005
1781528941.0,1781529541.0,14.961666666666666,15.961522396758468,95.0,7.0,0.019793693871371858,0,,0,0,0.005
1781529001.0,1781529601.0,14.973333333333333,15.956167738178515,95.0,6.0,0.00658974052705702,0,,0,0,0.005
1781529061.0,1781529661.0,15.141666666666667,15.886417591417171,95.0,12.0,-0.006445934572040478,0,,0,0,0.02
1781529121.0,1781529721.0,15.063333333333333,15.921348002673083,95.0,9.0,-0.019062941841505105,0,,0,0,0.025
1781529181.0,1781529781.0,15.053333333333333,15.928501359373254,95.0,8.0,-0.0322884230233973,0,,0,0,0.005
1781529241.0,1781529841.0,15.008333333333333,15.951539023624719,95.0,10.0,-0.04378392717757552,0,,0,0,0.005
1781529301.0,1781529901.0,14.48,15.944683544471284,95.0,10.0,-0.05136480934669263,0,,0,0,0.005
1781529361.0,1781529961.0,9.533333333333333,5.225471802196961,41.0,7.0,-0.0103946399851111,0,,0,0,0.03
1781529421.0,1781530021.0,8.37,2.932535876450051,18.0,7.0,0.0002534451484587511,0,,0,0,0.0
1781529481.0,1781530081.0,8.386666666666667,2.944569389382578,18.0,5.0,-0.0017876160767113225,0,,0,0,0.0
1781529541.0,1781530141.0,8.363333333333333,2.938478442247885,18.0,9.0,-0.0019775610487806697,0,,0,0,0.0
1781529601.0,1781530201.0,8.251666666666667,3.0174487936371386,18.0,3.0,-0.0028465356848213406,0,,0,0,0.0
1781529661.0,1781530261.0,8.05,3.0382286506010923,18.0,4.0,-0.0024433401203892056,0,,0,0,0.0
1781529721.0,1781530321.0,7.963333333333333,2.9931013273117824,18.0,10.0,-0.0025105069736304944,0,,0,0,0.0
1781529781.0,1781530381.0,7.843333333333334,2.940315553738332,18.0,9.0,-0.002759118775329927,0,,0,0,0.0
1781529841.0,1781530441.0,7.735,2.836331257099565,18.0,5.0,-0.001297142492062483,0,,0,0,0.0
1781529901.0,1781530501.0,7.601666666666667,2.801130228239229,18.0,5.0,-0.0010168083800232805,0,,0,0,0.0
1781529961.0,1781530561.0,7.56,2.8047103237232895,18.0,5.0,-0.0013428926191461628,0,,0,0,0.0
1781530021.0,1781530621.0,7.551666666666667,2.7520896101366725,16.0,8.0,1.1472254089588453e-05,0,,0,0,0.0
1781530081.0,1781530681.0,7.476666666666667,2.738513384220635,16.0,8.0,-0.0008378912163644897,0,,0,0,0.0
1781530141.0,1781530741.0,7.433333333333334,2.7004114912772503,16.0,8.0,0.00017016713935316343,0,,0,0,0.0
1781530201.0,1781530801.0,7.458333333333333,2.6885430792324847,19.0,7.0,0.00016936158155994366,0,,0,0,0.0
1781530261.0,1781530861.0,7.536666666666667,2.684893956109916,19.0,5.0,0.0006634462873508068,0,,0,0,0.0
1781530321.0,1781530921.0,7.535,2.7674491865253827,19.0,14.0,0.0006595296098044722,0,,0,0,0.005
1781530381.0,1781530981.0,7.586666666666667,2.755447130483343,19.0,7.0,0.0004108900302500845,0,,0,0,0.0
1781530441.0,1781531041.0,7.528333333333333,2.7651155290310907,19.0,7.0,0.0006861407948355333,0,,0,0,0.0
1781530501.0,1781531101.0,7.506666666666667,2.7844728206410796,19.0,7.0,-0.00031994533318147387,0,,0,0,0.0
1781530561.0,1781531161.0,7.54,2.772195279316857,19.0,8.0,-0.0006036127878132942,0,,0,0,0.0
1781530621.0,1781531221.0,7.493333333333333,2.7489311053975545,19.0,6.0,0.00017911160864335523,0,,0,0,0.0
1781530681.0,1781531281.0,7.475,2.717727298068492,19.0,9.0,-0.0015041986227739511,0,,0,0,0.0
1781530741.0,1781531341.0,7.258333333333334,2.7595163626178327,19.0,6.0,-0.002945702626951742,0,,0,0,0.0
1781530801.0,1781531401.0,7.071666666666666,2.7012090914173146,17.0,3.0,-0.0039868721857560865,0,,0,0,0.0
1781530861.0,1781531461.0,6.815,2.6995261929951093,17.0,10.0,-0.004200039444554018,0,,0,0,0.0
1781530921.0,1781531521.0,6.63,2.6178426232300525,15.0,5.0,-0.004486734685374131,0,,0,0,0.05
1781530981.0,1781531581.0,6.43,2.6061018143324075,15.0,5.0,-0.004152400423334505,0,,0,0,0.03
1781531041.0,1781531641.0,6.291666666666667,2.57357026111371,15.0,7.0,-0.0034797041102891967,0,,0,0,0.075
1781531101.0,1781531701.0,6.18,2.5227498224490406,15.0,8.0,-0.003223508954191536,0,,0,0,0.095
1781531161.0,1781531761.0,5.998333333333333,2.4505095841930964,15.0,3.0,-0.002081644671235201,0,,0,0,0.0
1781531221.0,1781531821.0,5.78,2.389895395200384,16.0,7.0,-0.000617946160961553,0,,0,0,0.0
1781531281.0,1781531881.0,5.691666666666666,2.3930309697582737,16.0,4.0,0.00010219472831868328,0,,0,0,0.0
1781531341.0,1781531941.0,5.673333333333333,2.422799115807077,16.0,6.0,-0.00033100091944700076,0,,0,0,0.0
1781531401.0,1781532001.0,5.596666666666667,2.4304983485331197,16.0,6.0,-0.0009607804466123512,0,,0,0,0.0
1781531461.0,1781532061.0,5.6466666666666665,2.378757845786092,16.0,5.0,-0.0005315014763929904,0,,0,0,0.0
1781531521.0,1781532121.0,5.615,2.3266803963300733,16.0,7.0,-0.0007576409934471969,0,,0,0,0.0
1781531581.0,1781532181.0,5.595,2.3482564453937593,16.0,4.0,-0.0007804188344967645,0,,0,0,0.0
1781531641.0,1781532241.0,5.566666666666666,2.3456816114345576,16.0,5.0,-0.00020694501929172752,0,,0,0,0.0
1781531701.0,1781532301.0,5.523333333333333,2.3712420561572554,16.0,3.0,-0.00012777813271703498,0,,0,0,0.0
1781531761.0,1781532361.0,5.511666666666667,2.338774014069955,16.0,6.0,0.00017897271936866962,0,,0,0,0.0
1781531821.0,1781532421.0,5.566666666666666,2.329282197492514,12.0,4.0,0.0006767796577212731,0,,0,0,0.0
1781531881.0,1781532481.0,5.613333333333333,2.321742640537251,12.0,8.0,0.0012682257450715153,0,,0,0,0.0
1781531941.0,1781532541.0,5.671666666666667,2.281928399889493,14.0,6.0,0.001359531554254323,0,,0,0,0.0
1781532001.0,1781532601.0,5.773333333333333,2.2895317328125318,14.0,7.0,0.0008102800285556316,0,,0,0,0.0
1781532061.0,1781532661.0,5.828333333333333,2.3364211711266636,14.0,3.0,0.0018989774971597086,0,,0,0,0.0
1781532121.0,1781532721.0,6.028333333333333,2.448304969202616,15.0,5.0,0.0027306464740179818,0,,0,0,0.0
1781532181.0,1781532781.0,6.22,2.535402663615124,15.0,6.0,0.003437342881508002,0,,0,0,0.005
1781532241.0,1781532841.0,6.486666666666666,2.640042087206608,15.0,13.0,0.004910735863155175,0,,0,0,0.05
1781532301.0,1781532901.0,6.891666666666667,2.795817809196841,19.0,7.0,0.006326767574354373,0,,0,0,0.025
1781532361.0,1781532961.0,7.265,2.8996738322324,19.0,9.0,0.0071296586934963746,0,,0,0,0.01
1781532421.0,1781533021.0,7.675,3.105807731761042,19.0,17.0,0.008561496004155568,0,,0,0,0.065
1781532481.0,1781533081.0,8.091666666666667,3.2062330787944218,19.0,11.0,0.009187553298759157,0,,0,0,0.01
1781532541.0,1781533141.0,8.521666666666667,3.256203907756529,19.0,19.0,0.008785774404928897,0,,0,0,0.03
1781532601.0,1781533201.0,9.083333333333334,3.328621670034343,19.0,13.0,0.008737524270900751,0,,0,0,0.13
1781532661.0,1781533261.0,9.775,3.6010704427063533,26.0,10.0,0.010045889016358377,0,,0,0,0.04
1781532721.0,1781533321.0,10.238333333333333,3.670812428998367,26.0,11.0,0.009339275942433181,0,,0,0,0.0
1781532781.0,1781533381.0,10.576666666666666,3.5661541687868117,26.0,6.0,0.006692129700360279,0,,0,0,0.0
1781532841.0,1781533441.0,10.591666666666667,3.578863491234178,26.0,15.0,0.002470312417534484,0,,0,0,0.0
1781532901.0,1781533501.0,10.526666666666667,3.5892369972213065,26.0,9.0,-0.0004955013763927209,0,,0,0,0.0
1781532961.0,1781533561.0,10.478333333333333,3.6623576953772403,26.0,7.0,-0.0032814257817382836,0,,0,0,0.0
1781533021.0,1781533621.0,10.28,3.6343179094111546,26.0,5.0,-0.005794849430137324,0,,0,0,0.0
1781533081.0,1781533681.0,10.01,3.7362949562367263,26.0,12.0,-0.008204133900371955,0,,0,0,0.33
1781533141.0,1781533741.0,9.821666666666667,3.752314470948416,26.0,8.0,-0.009343164842124572,0,,0,0,0.335
1781533201.0,1781533801.0,9.49,3.7210975083524307,26.0,4.0,-0.008912691424142843,0,,0,0,0.2
1781533261.0,1781533861.0,8.915,3.3908369173406143,21.0,4.0,-0.006051877921883119,0,,0,0,0.08
1781533321.0,1781533921.0,8.465,3.1212350653760983,21.0,1.0,-0.003955149875416325,0,,0,0,0.0
1781533381.0,1781533981.0,8.126666666666667,2.990644672232988,21.0,8.0,-0.0023082286339684305,0,,0,0,0.0
1781533441.0,1781534041.0,7.996666666666667,2.949009249825364,21.0,4.0,-0.0026711185308848115,0,,0,0,0.0
1781533501.0,1781534101.0,7.878333333333333,2.9433875985937625,21.0,13.0,-0.0021594782207728347,0,,0,0,0.0
1781533561.0,1781534161.0,7.76,2.859323929416416,18.0,10.0,-0.0012233922872007942,0,,0,0,0.0
1781533621.0,1781534221.0,7.743333333333333,2.83856575677851,18.0,10.0,-0.0005217236714546436,0,,0,0,0.0
1781533681.0,1781534281.0,7.998333333333333,2.9100396140869895,18.0,12.0,0.0014943652621257223,0,,0,0,0.0
1781533741.0,1781534341.0,7.885,2.9071936639997,18.0,5.0,0.0011656976824935585,0,,0,0,0.0
1781533801.0,1781534401.0,7.678333333333334,2.8737079222186486,17.0,4.0,2.441673449092795e-05,0,,0,0,0.0
1781533861.0,1781534461.0,7.546666666666667,2.8689990511597516,17.0,12.0,-0.0009221136725379838,0,,0,0,0.0
1781533921.0,1781534521.0,7.535,2.8853841454244296,17.0,6.0,-0.001145864294067488,0,,0,0,0.0
1781533981.0,1781534581.0,7.5,2.8647280266487196,17.0,6.0,-0.0016983380509390318,0,,0,0,0.0
1781534041.0,1781534641.0,7.556666666666667,2.9005957242531326,20.0,7.0,-0.0016348378745496442,0,,0,0,0.0
1781534101.0,1781534701.0,7.585,2.939859690529465,20.0,4.0,-0.001358420440056778,0,,0,0,0.0
1781534161.0,1781534761.0,7.543333333333333,2.981854382017263,20.0,5.0,-0.0015977266603518351,0,,0,0,0.0
1781534221.0,1781534821.0,7.42,2.9905852270082525,20.0,7.0,-0.001801616115600333,0,,0,0,0.0
1781534281.0,1781534881.0,7.093333333333334,2.857380307593342,20.0,4.0,0.0006253350703751843,0,,0,0,0.0
1781534341.0,1781534941.0,7.12,2.9067048927150023,20.0,12.0,0.0012393367759354805,0,,0,0,0.0
1781534401.0,1781535001.0,7.301666666666667,2.9615306665454084,20.0,11.0,0.001045252903480289,0,,0,0,0.0
1781534461.0,1781535061.0,7.506666666666667,3.00165880065599,20.0,13.0,0.0012555034875096865,0,,0,0,0.0
1781534521.0,1781535121.0,7.756666666666667,3.079088970602975,20.0,4.0,0.0032094533595926657,0,,0,0,0.0
1781534581.0,1781535181.0,8.091666666666667,3.214539452066017,20.0,13.0,0.004873541315392539,0,,0,0,0.14
1781534641.0,1781535241.0,8.301666666666666,3.2609810214446546,18.0,9.0,0.006179156053211265,0,,0,0,0.005
1781534701.0,1781535301.0,8.456666666666667,3.320861668636955,19.0,9.0,0.006701351948199862,0,,0,0,0.005
1781534761.0,1781535361.0,8.753333333333334,3.289248478840654,19.0,9.0,0.007011630587862744,0,,0,0,0.0
1781534821.0,1781535421.0,9.091666666666667,3.2792169627654846,19.0,7.0,0.006098544718179769,0,,0,0,0.0
1781534881.0,1781535481.0,9.488333333333333,3.2341712831711447,19.0,5.0,0.005202375562154347,0,,0,0,0.005
1781534941.0,1781535541.0,9.815,3.1922993280705994,21.0,9.0,0.004119872555201546,0,,0,0,0.01
1781535001.0,1781535601.0,10.09,3.136648954962392,21.0,11.0,0.002984619401720555,0,,0,0,0.0
1781535061.0,1781535661.0,10.225,3.0802123844523015,21.0,8.0,0.001028141744838171,0,,0,0,0.0
1781535121.0,1781535721.0,10.331666666666667,3.0873392895645417,21.0,8.0,0.0012380312167533792,0,,0,0,0.0
1781535181.0,1781535781.0,10.21,3.096648726176951,21.0,3.0,0.00031250086805795696,1,1760.0,1,0,0.0
1781535241.0,1781535841.0,10.268333333333333,3.1858537142952574,21.0,11.0,0.00026941741504837424,1,1700.0,1,0,0.0
1781535301.0,1781535901.0,10.246666666666666,3.1244981819308024,21.0,7.0,-0.0016127822577284975,1,1640.0,1,0,0.0
1781535361.0,1781535961.0,10.103333333333333,3.1447292764596164,21.0,10.0,-0.0029057302936952587,1,1580.0,1,0,0.0
1781535421.0,1781536021.0,9.851666666666667,3.2082701292475706,21.0,14.0,-0.0050222639507332065,1,1520.0,1,0,0.015
1781535481.0,1781536081.0,9.483333333333333,3.228991930756237,21.0,4.0,-0.00639646221239502,1,1460.0,1,0,0.005
1781535541.0,1781536141.0,9.113333333333333,3.2425024629477495,21.0,5.0,-0.0070825196736657775,1,1400.0,1,0,0.005
1781535601.0,1781536201.0,8.655,3.277088392664033,21.0,6.0,-0.007983772177144922,1,1340.0,1,0,0.025
1781535661.0,1781536261.0,8.231666666666667,3.3318659270078013,21.0,2.0,-0.009394553873760762,1,1280.0,1,0,0.0
1781535721.0,1781536321.0,7.676666666666667,3.251480004893498,21.0,4.0,-0.008950080416890055,1,1220.0,1,0,0.005
1781535781.0,1781536381.0,7.291666666666667,3.2233415201550635,21.0,3.0,-0.009386276072989093,1,1160.0,1,0,0.025
1781535841.0,1781536441.0,6.776666666666666,2.942808560240068,16.0,3.0,-0.0076414101150281,1,1100.0,1,0,0.0
1781535901.0,1781536501.0,6.35,2.8084693339967237,15.0,6.0,-0.006629185081069677,1,1040.0,1,0,0.0
1781535961.0,1781536561.0,5.985,2.677332316566872,15.0,9.0,-0.0050255417376159454,1,980.0,1,0,0.0
1781536021.0,1781536621.0,5.763333333333334,2.6007669808902314,15.0,9.0,-0.0036551212642257297,1,920.0,1,0,0.0
1781536081.0,1781536681.0,5.551666666666667,2.5463694198254543,15.0,4.0,-0.002744257622937843,1,860.0,1,0,0.0
1781536141.0,1781536741.0,5.411666666666667,2.450618402680343,14.0,8.0,-0.0009136414267817386,1,800.0,1,0,0.0
1781536201.0,1781536801.0,5.3566666666666665,2.3915383240825463,14.0,6.0,0.00010577807160575881,1,740.0,1,0,0.0
1781536261.0,1781536861.0,5.351666666666667,2.423770593288253,13.0,5.0,0.0006304184178289429,1,680.0,1,0,0.0
1781536321.0,1781536921.0,5.4816666666666665,2.460961307204068,13.0,8.0,0.0018740329834249605,1,620.0,1,0,0.0
1781536381.0,1781536981.0,5.54,2.48496814198224,13.0,5.0,0.0021122280895224744,1,560.0,1,0,0.0
1781536441.0,1781537041.0,5.611666666666666,2.479421415482966,13.0,7.0,0.002381923283120233,1,500.0,1,0,0.0
1781536501.0,1781537101.0,5.698333333333333,2.4665760118476427,13.0,5.0,0.001808310578640502,1,440.0,1,0,0.0
1781536561.0,1781537161.0,5.8133333333333335,2.487667358970827,13.0,5.0,0.001747671521309783,1,380.0,1,0,0.0
1781536621.0,1781537221.0,5.841666666666667,2.47990535213656,13.0,10.0,0.0012151422642840699,1,320.0,1,0,0.0
1781536681.0,1781537281.0,5.891666666666667,2.4892965315972746,13.0,5.0,5.175014375039704e-05,1,260.0,1,0,0.0
1781536741.0,1781537341.0,5.863333333333333,2.4673850305310863,13.0,4.0,-0.0006497240270111837,1,200.0,1,0,0.0
1781536801.0,1781537401.0,5.868333333333333,2.484820024781585,13.0,8.0,-0.0011308642524006994,1,140.0,1,0,0.0
1781536861.0,1781537461.0,5.855,2.427751016887852,13.0,6.0,-0.0018299773054925139,1,80.0,1,0,0.0
1781536921.0,1781537521.0,5.791666666666667,2.403801965405821,13.0,9.0,-0.0007328631468420778,1,20.0,1,0,0.0
1781536981.0,1781537581.0,5.765,2.355088462598946,12.0,7.0,-0.0006469184636624068,0,,0,0,0.0
1781537041.0,1781537641.0,5.816666666666666,2.399247567236214,12.0,10.0,0.0004291678587996038,0,,0,0,0.0
1781537101.0,1781537701.0,5.915,2.44767406599272,13.0,7.0,0.0012797535548709842,0,,0,0,0.0
1781537161.0,1781537761.0,5.956666666666667,2.4768505988228053,16.0,6.0,0.002452840146778188,0,,0,0,0.0
1781537221.0,1781537821.0,6.011666666666667,2.4626944367681687,16.0,4.0,0.002481701338059267,0,,0,0,0.0
1781537281.0,1781537881.0,6.105,2.4987947094549408,16.0,2.0,0.0023365898238606173,0,,0,0,0.005
1781537341.0,1781537941.0,6.2,2.51064400768674,16.0,8.0,0.0018333939816499519,0,,0,0,0.02
1781537401.0,1781538001.0,6.286666666666667,2.5621258534445355,18.0,8.0,0.0015714488095800235,0,,0,0,0.015
1781537461.0,1781538061.0,6.456666666666667,2.597073138917903,18.0,5.0,0.001409003913899759,0,,0,0,0.0
1781537521.0,1781538121.0,6.5,2.621704280298091,18.0,8.0,0.001031113975316593,0,,0,0,0.0
1781537581.0,1781538181.0,6.551666666666667,2.674072528726341,18.0,5.0,-0.00016225045069569896,0,,0,0,0.0
1781537641.0,1781538241.0,6.503333333333333,2.6570639602555466,18.0,1.0,-0.0005055014041705678,0,,0,0,0.0
1781537701.0,1781538301.0,6.4383333333333335,2.5992685937052027,18.0,9.0,-0.0005245847905133141,0,,0,0,0.0
1781537761.0,1781538361.0,6.405,2.5995464347971677,18.0,1.0,-0.0003209175581043383,0,,0,0,0.005
1781537821.0,1781538421.0,6.43,2.638515997045814,18.0,11.0,-0.000378001050002921,0,,0,0,0.005
1781537881.0,1781538481.0,6.47,2.5863294453723404,18.0,8.0,4.911124753124545e-05,0,,0,0,0.02
1781537941.0,1781538541.0,6.526666666666666,2.5689081121925885,18.0,10.0,0.00030022305617515623,0,,0,0,0.0
1781538001.0,1781538601.0,6.505,2.479914313035836,15.0,7.0,0.00012025033402869999,0,,0,0,0.0
1781538061.0,1781538661.0,6.45,2.4672859582950655,16.0,4.0,0.000922224783957738,0,,0,0,0.005
1781538121.0,1781538721.0,6.465,2.460780702676829,16.0,4.0,0.0010682529673693556,0,,0,0,0.01
1781538181.0,1781538781.0,6.555,2.4927177270334218,16.0,5.0,0.0012755313209203373,0,,0,0,0.0
1781538241.0,1781538841.0,6.633333333333334,2.501110864307209,16.0,5.0,0.0010557251547920847,0,,0,0,0.01
1781538301.0,1781538901.0,6.69,2.5581047672055965,16.0,7.0,0.0005641682338006474,0,,0,0,0.0
1781538361.0,1781538961.0,6.821666666666666,2.5429373872660643,16.0,6.0,0.0011360309334192589,0,,0,0,0.0
1781538421.0,1781539021.0,6.86,2.523304711418474,16.0,8.0,0.0008687246353462102,0,,0,0,0.0
1781538481.0,1781539081.0,6.835,2.516831672294885,16.0,7.0,0.0006598629440637331,0,,0,0,0.0
1781538541.0,1781539141.0,6.816666666666666,2.5264709686745968,16.0,9.0,0.0006842796785546582,0,,0,0,0.0
1781538601.0,1781539201.0,6.798333333333333,2.563395642935796,16.0,7.0,-0.0004536957047102944,0,,0,0,0.0
1781538661.0,1781539261.0,6.783333333333333,2.5363468918023724,15.0,3.0,-0.0009991694421373398,0,,0,0,0.035
1781538721.0,1781539321.0,6.79,2.504509266636214,15.0,9.0,-0.001248503468065181,0,,0,0,0.45
1781538781.0,1781539381.0,6.695,2.4444443813131302,15.0,6.0,-0.0014771429920638708,0,,0,0,0.065
1781538841.0,1781539441.0,6.583333333333333,2.4405714267131966,14.0,2.0,-0.0021262281284114694,0,,0,0,0.0
1781538901.0,1781539501.0,6.593333333333334,2.4422576076700473,14.0,3.0,-0.0018136717046436251,0,,0,0,0.0
1781538961.0,1781539561.0,6.415,2.4838360788640355,14.0,2.0,-0.001160697668604632,0,,0,0,0.0
1781539021.0,1781539621.0,6.306666666666667,2.4804479882114485,14.0,3.0,-0.0011567254353484302,0,,0,0,0.0
1781539081.0,1781539681.0,6.223333333333334,2.531163544476905,14.0,6.0,-0.0012788368856580115,0,,0,0,0.01
1781539141.0,1781539741.0,6.191666666666666,2.473512459820829,14.0,11.0,-0.0005703071397420541,0,,0,0,0.0
1781539201.0,1781539801.0,6.273333333333333,2.5037216742725663,17.0,5.0,5.4166817130045074e-05,0,,0,0,0.0
1781539261.0,1781539861.0,6.278333333333333,2.529992863406711,17.0,9.0,0.00046636240656223473,0,,0,0,0.0
1781539321.0,1781539921.0,6.295,2.5686523704074866,17.0,8.0,0.0014564207122797625,0,,0,0,0.015
1781539381.0,1781539981.0,6.3,2.5967928938083094,17.0,3.0,0.0011568921024780565,0,,0,0,0.11
1781539441.0,1781540041.0,6.4383333333333335,2.6228859211859663,17.0,9.0,0.0013466981852727287,0,,0,0,0.005
1781539501.0,1781540101.0,6.526666666666666,2.6588134362698126,17.0,5.0,0.0028656746268739684,0,,0,0,0.0
1781539561.0,1781540161.0,6.601666666666667,2.5935170243427272,17.0,5.0,0.002265978516606991,0,,0,0,0.01
1781539621.0,1781540221.0,6.735,2.615614969116568,17.0,9.0,0.0018700329723138082,0,,0,0,0.0
1781539681.0,1781540281.0,6.8,2.5858589804292627,17.0,5.0,0.0005645571237697854,0,,0,0,0.0
1781539741.0,1781540341.0,6.755,2.640386650978729,17.0,5.0,-0.000622418395606663,0,,0,0,0.0
1781539801.0,1781540401.0,6.663333333333333,2.66019840529904,16.0,6.0,-0.001062225172847706,0,,0,0,0.0
1781539861.0,1781540461.0,6.61,2.639046544998149,16.0,4.0,-0.0018521162558784857,0,,0,0,0.0
1781539921.0,1781540521.0,6.486666666666666,2.6216703750768433,16.0,12.0,-0.0024458401273336917,0,,0,0,0.0
1781539981.0,1781540581.0,6.43,2.6035424585232585,16.0,5.0,-0.0035573432148422505,0,,0,0,0.0
1781540041.0,1781540641.0,6.278333333333333,2.5840918241338784,16.0,5.0,-0.003495759710443639,0,,0,0,0.005
1781540101.0,1781540701.0,6.0633333333333335,2.487164829457205,16.0,9.0,-0.002626229517304216,0,,0,0,0.0
1781540161.0,1781540761.0,6.026666666666666,2.4588524875550295,16.0,6.0,-0.0016997269436859605,0,,0,0,0.0
1781540221.0,1781540821.0,5.855,2.3806109159905433,15.0,6.0,-0.0009884194122761548,0,,0,0,0.0
1781540281.0,1781540881.0,5.775,2.341874249399399,15.0,7.0,-0.0005705293625815704,0,,0,0,0.0
1781540341.0,1781540941.0,5.725,2.3457852274522777,15.0,3.0,-0.0005991405531682125,0,,0,0,0.0
1781540401.0,1781541001.0,5.726666666666667,2.2624372305596068,12.0,2.0,-1.5166708796416452e-05,0,,0,0,0.0
1781540461.0,1781541061.0,5.701666666666667,2.2448453299850204,13.0,7.0,0.00020169500470835198,0,,0,0,0.0
1781540521.0,1781541121.0,5.76,2.267686045289339,13.0,6.0,0.0005933905371959281,0,,0,0,0.0
1781540581.0,1781541181.0,5.876666666666667,2.3226684844998626,14.0,10.0,0.0014048372356589979,0,,0,0,0.0
1781540641.0,1781541241.0,6.193333333333333,2.530998924447728,20.0,9.0,0.003825288403578901,0,,0,0,0.02
1781540701.0,1781541301.0,6.718333333333334,2.9482758615088165,20.0,9.0,0.007221881171892142,0,,0,0,0.03
1781540761.0,1781541361.0,6.9383333333333335,3.0650498455254453,20.0,9.0,0.008333106480851333,0,,0,0,0.205
1781540821.0,1781541421.0,7.1033333333333335,3.046745075577469,20.0,6.0,0.006775741043725122,0,,0,0,0.025
1781540881.0,1781541481.0,7.19,3.0671213431055078,20.0,10.0,0.004622568396023322,0,,0,0,0.0
1781540941.0,1781541541.0,7.29,3.002093713838172,20.0,7.0,0.002069505748627074,0,,0,0,0.0
1781541001.0,1781541601.0,7.251666666666667,3.0629501936676813,20.0,7.0,-0.0007640854557929312,0,,0,0,0.0
1781541061.0,1781541661.0,7.176666666666667,3.1276384417355887,20.0,3.0,-0.004474123539232061,0,,0,0,0.0
1781541121.0,1781541721.0,7.093333333333334,3.144511974147269,20.0,2.0,-0.007124575346042628,0,,0,0,0.0
1781541181.0,1781541781.0,6.946666666666666,3.1838900036834743,20.0,6.0,-0.009106914185872728,0,,0,0,0.0
1781541241.0,1781541841.0,6.78,3.1163440118189776,19.0,9.0,-0.006855407931688693,0,,0,0,0.0
1781541301.0,1781541901.0,6.695,3.0765741228407504,19.0,6.0,0.0002952508201411679,0,,0,0,0.01
1781541361.0,1781541961.0,6.406666666666666,2.9879684662920316,19.0,7.0,0.0013090591918310836,0,,0,0,0.01
1781541421.0,1781542021.0,6.2283333333333335,2.97425574257195,19.0,8.0,0.0011085308570301558,0,,0,0,0.025
1781541481.0,1781542081.0,6.046666666666667,2.95372457905081,19.0,6.0,5.294459151275217e-05,0,,0,0,0.005
1781541541.0,1781542141.0,5.86,2.9833538174343315,19.0,5.0,-0.00080894669151859,0,,0,0,0.005
1781541601.0,1781542201.0,5.823333333333333,2.975811747331399,19.0,8.0,-0.0015106708629746138,0,,0,0,0.005
1781541661.0,1781542261.0,5.776666666666666,2.979394047266808,19.0,3.0,-0.003650676807435575,0,,0,0,0.005
1781541721.0,1781542321.0,5.7716666666666665,3.034171587471978,19.0,7.0,-0.004488262467395744,0,,0,0,0.005
1781541781.0,1781542381.0,5.7,3.0072135496724095,19.0,3.0,-0.006061461281836897,0,,0,0,0.005
1781541841.0,1781542441.0,5.451666666666667,2.89211523898263,19.0,3.0,-0.005531209808916141,0,,0,0,0.005
1781541901.0,1781542501.0,4.953333333333333,2.2973511316780075,17.0,7.0,-0.0009412248367356617,0,,0,0,0.0
1781541961.0,1781542561.0,4.888333333333334,2.2581402131449284,14.0,7.0,-0.00018052827924521783,0,,0,0,0.0
1781542021.0,1781542621.0,4.895,2.2451373380411868,14.0,6.0,0.0006958630440640048,0,,0,0,0.0
1781542081.0,1781542681.0,5.06,2.261209116085168,14.0,6.0,0.0017641715671432438,0,,0,0,0.0
1781542141.0,1781542741.0,5.233333333333333,2.304825855075004,14.0,9.0,0.0024009511137530947,0,,0,0,0.0
1781542201.0,1781542801.0,5.373333333333333,2.3637446750630424,14.0,9.0,0.003853177369937141,0,,0,0,0.0
1781542261.0,1781542861.0,5.711666666666667,2.4916923075603767,14.0,10.0,0.005163208786691078,0,,0,0,0.005
1781542321.0,1781542921.0,6.001666666666667,2.622021590723887,18.0,11.0,0.007050936252600701,0,,0,0,0.005
1781542381.0,1781542981.0,6.415,2.782584230531037,18.0,8.0,0.007986716629768418,0,,0,0,0.02
1781542441.0,1781543041.0,6.846666666666667,2.8930645036400797,18.0,5.0,0.008335689821360619,0,,0,0,0.015
1781542501.0,1781543101.0,7.118333333333333,2.893267568377011,18.0,11.0,0.006994158317106432,0,,0,0,0.0
1781542561.0,1781543161.0,7.468333333333334,2.847630106285264,18.0,10.0,0.005866655185153287,0,,0,0,0.0
1781542621.0,1781543221.0,7.693333333333333,2.822402443939481,18.0,6.0,0.003663621287836917,0,,0,0,0.0
1781542681.0,1781543281.0,7.833333333333333,2.821150277615301,18.0,5.0,0.0021886171906032926,0,,0,0,0.0
1781542741.0,1781543341.0,7.871666666666667,2.7985467458823856,18.0,9.0,-0.0004553623760065951,0,,0,0,0.0
1781542801.0,1781543401.0,7.946666666666666,2.7641434276985137,18.0,7.0,-0.0021835060652946226,0,,0,0,0.0
1781542861.0,1781543461.0,7.745,2.8284227053253552,18.0,6.0,-0.004145205958905432,0,,0,0,0.0
1781542921.0,1781543521.0,7.576666666666667,2.7941824485089652,17.0,5.0,-0.004704401956672104,0,,0,0,0.0
1781542981.0,1781543581.0,7.375,2.7576031259048137,17.0,7.0,-0.0042245395126097535,0,,0,0,0.0
1781543041.0,1781543641.0,7.126666666666667,2.6609438592766708,17.0,6.0,-0.0032405645571237755,0,,0,0,0.0
1781543101.0,1781543701.0,6.995,2.63975535482615,17.0,9.0,-0.003311592532201485,0,,0,0,0.01
1781543161.0,1781543761.0,6.745,2.6012769300223817,17.0,6.0,-0.0026499795832766355,0,,0,0,0.0
1781543221.0,1781543821.0,6.57,2.5615945554803683,15.0,6.0,-0.002464729068691863,0,,0,0,0.425
1781543281.0,1781543881.0,6.38,2.5869415661484636,15.0,2.0,-0.0018579496054155751,0,,0,0,0.015
1781543341.0,1781543941.0,6.275,2.5741098785146423,15.0,4.0,-0.002133089258581278,0,,0,0,0.04
1781543401.0,1781544001.0,6.155,2.528696963523572,15.0,5.0,-0.0008422523395898345,0,,0,0,0.01
1781543461.0,1781544061.0,6.198333333333333,2.4971311316967095,15.0,6.0,-0.0010578084939124861,0,,0,0,0.335
1781543521.0,1781544121.0,6.12,2.4621670671720604,15.0,5.0,-0.0010842252339589797,0,,0,0,0.0
1781543581.0,1781544181.0,6.09,2.417691736622627,14.0,2.0,-0.00018755607654466155,0,,0,0,0.0
1781543641.0,1781544241.0,6.12,2.489096221522985,14.0,5.0,0.00081272447979022,0,,0,0,0.0
1781543701.0,1781544301.0,6.18,2.459864494912948,14.0,8.0,0.0017635604543345862,0,,0,0,0.0
1781543761.0,1781544361.0,6.448333333333333,2.5956368304436497,16.0,10.0,0.003763482676340772,0,,0,0,0.105
1781543821.0,1781544421.0,6.745,2.677058398068049,16.0,4.0,0.005278320217556157,0,,0,0,0.005
1781543881.0,1781544481.0,7.08,2.7465614866592736,17.0,13.0,0.006490962474895763,0,,0,0,0.02
1781543941.0,1781544541.0,7.555,2.9983842871342112,19.0,12.0,0.007949772082700226,0,,0,0,0.2
1781544001.0,1781544601.0,7.951666666666667,3.20093692881041,19.0,9.0,0.008947052630701752,0,,0,0,0.02
1781544061.0,1781544661.0,8.413333333333334,3.3579491095343035,19.0,16.0,0.009842305117514211,0,,0,0,0.075
1781544121.0,1781544721.0,9.041666666666666,3.5336379585665285,22.0,14.0,0.01021805616126711,0,,0,0,0.37
1781544181.0,1781544781.0,9.64,3.5963500015061567,22.0,13.0,0.01038997330548141,0,,0,0,0.065
1781544241.0,1781544841.0,10.153333333333334,3.5237038594196433,22.0,13.0,0.009327637021213945,0,,0,0,0.01
1781544301.0,1781544901.0,10.653333333333334,3.488527228247219,22.0,9.0,0.007409798360551005,0,,0,0,0.0
1781544361.0,1781544961.0,10.948333333333334,3.4884089815017707,22.0,9.0,0.006098655829599525,0,,0,0,0.0
1781544421.0,1781545021.0,11.218333333333334,3.4915131231156624,22.0,8.0,0.00426376184378289,0,,0,0,0.0
1781544481.0,1781545081.0,11.45,3.500119045594497,22.0,7.0,0.002188228300634169,0,,0,0,0.0
1781544541.0,1781545141.0,11.54,3.4753992576393293,22.0,7.0,0.0008752802091116926,0,,0,0,0.0
1781544601.0,1781545201.0,11.636666666666667,3.3825023610076346,22.0,8.0,-0.0009581693282481417,0,,0,0,0.0
1781544661.0,1781545261.0,11.698333333333334,3.350720900874251,22.0,13.0,-0.0018738663162953253,0,,0,0,0.0
1781544721.0,1781545321.0,11.566666666666666,3.3068951533962423,22.0,11.0,-0.0023822288395245706,0,,0,0,0.0
1781544781.0,1781545381.0,11.531666666666666,3.32600820136625,23.0,15.0,-0.0010234750652085161,0,,0,0,0.0
1781544841.0,1781545441.0,11.576666666666666,3.4308583312181353,23.0,17.0,0.00022672285200792683,0,,0,0,0.0
1781544901.0,1781545501.0,11.706666666666667,3.451659826164154,23.0,10.0,0.00214150594862764,0,,0,0,0.0
1781544961.0,1781545561.0,11.913333333333334,3.5008316472264447,25.0,15.0,0.00379656610157251,0,,0,0,0.01
1781545021.0,1781545621.0,12.163333333333334,3.6078602461231166,25.0,15.0,0.005299736943713724,0,,0,0,0.0
1781545081.0,1781545681.0,12.315,3.624790798561116,25.0,13.0,0.00536643157342104,0,,0,0,0.0
1781545141.0,1781545741.0,12.43,3.6191757809387117,25.0,11.0,0.004417512270867408,0,,0,0,0.0
1781545201.0,1781545801.0,12.616666666666667,3.5967191840466066,25.0,11.0,0.003612843369009364,0,,0,0,0.0
1781545261.0,1781545861.0,12.721666666666666,3.608905266451618,25.0,11.0,0.002396423323398114,0,,0,0,0.0
1781545321.0,1781545921.0,12.796666666666667,3.557900442052244,25.0,9.0,-0.0009272247978466702,0,,0,0,0.0
1781545381.0,1781545981.0,12.703333333333333,3.6389543675194513,25.0,9.0,-0.0032595646099016907,0,,0,0,0.0
1781545441.0,1781546041.0,12.325,3.797724099159039,25.0,6.0,-0.007453548482079138,0,,0,0,0.0
1781545501.0,1781546101.0,11.865,3.9021500483707694,25.0,15.0,-0.00971061030725085,0,,0,0,0.005
1781545561.0,1781546161.0,11.458333333333334,3.861553731624386,24.0,15.0,-0.009831555087653038,0,,0,0,0.0
1781545621.0,1781546221.0,10.983333333333333,3.723760047168572,24.0,11.0,-0.00892058033494538,0,,0,0,0.0
1781545681.0,1781546281.0,10.561666666666667,3.6271472567600864,24.0,10.0,-0.008610829474526321,0,,0,0,0.0
1781545741.0,1781546341.0,10.145,3.543158901319556,22.0,7.0,-0.008540607057241833,0,,0,0,0.01
1781545801.0,1781546401.0,9.708333333333334,3.413687725743069,22.0,13.0,-0.006641435115097541,0,,0,0,0.02
1781545861.0,1781546461.0,9.326666666666666,3.2067567554912686,21.0,7.0,-0.004316678657440718,0,,0,0,0.01
1781545921.0,1781546521.0,9.021666666666667,3.0958892996287117,20.0,11.0,-0.0027274797985550074,0,,0,0,0.0
1781545981.0,1781546581.0,8.788333333333334,2.8902474903640263,19.0,7.0,-0.0006144739290942447,0,,0,0,0.0
1781546041.0,1781546641.0,8.85,2.8526303651191824,19.0,9.0,-0.0003683343564843314,0,,0,0,0.0
1781546101.0,1781546701.0,8.851666666666667,2.9296752759004234,20.0,10.0,-0.0008270856307934122,0,,0,0,0.0
1781546161.0,1781546761.0,8.723333333333333,2.929184566090403,20.0,12.0,-0.00041183447731799543,0,,0,0,0.0
1781546221.0,1781546821.0,8.568333333333333,2.923239736243943,20.0,8.0,-0.0007321409226136626,0,,0,0,0.0
1781546281.0,1781546881.0,8.42,2.9206620254090794,20.0,2.0,-0.001614226706185303,0,,0,0,0.0
1781546341.0,1781546941.0,8.345,2.947763276339084,20.0,5.0,-0.002535757043769572,0,,0,0,0.0
1781546401.0,1781547001.0,8.175,2.951447385041222,20.0,6.0,-0.003427037297325829,0,,0,0,0.0
1781546461.0,1781547061.0,7.976666666666667,2.9545652058391867,20.0,9.0,-0.004046233461759613,0,,0,0,0.0
1781546521.0,1781547121.0,7.7683333333333335,2.9795968220922475,20.0,4.0,-0.005019541720949234,0,,0,0,0.0
1781546581.0,1781547181.0,7.59,2.9600506752418956,20.0,6.0,-0.004631179531054261,0,,0,0,0.0
1781546641.0,1781547241.0,7.3966666666666665,2.9056248132812255,20.0,8.0,-0.003185286625796188,0,,0,0,0.0
1781546701.0,1781547301.0,7.2683333333333335,2.7778283884278303,16.0,7.0,-0.0017504770846585688,0,,0,0,0.0
1781546761.0,1781547361.0,7.161666666666667,2.748732536198376,16.0,8.0,-0.0006652518479217906,0,,0,0,0.0
1781546821.0,1781547421.0,7.088333333333333,2.7197788921569015,16.0,6.0,-0.00015741710393639638,0,,0,0,0.0
1781546881.0,1781547481.0,7.1,2.7129319932501073,16.0,6.0,0.00041155669876861,0,,0,0,0.0
1781546941.0,1781547541.0,7.133333333333334,2.705960499013654,16.0,4.0,0.0016211156142100348,0,,0,0,0.0
1781547001.0,1781547601.0,7.255,2.704312913354025,16.0,8.0,0.0024429790082750227,0,,0,0,0.0
1781547061.0,1781547661.0,7.453333333333333,2.7924580967710546,19.0,11.0,0.0033390092750257643,0,,0,0,0.0
1781547121.0,1781547721.0,7.65,2.7929971953679678,19.0,7.0,0.002913785871627422,0,,0,0,0.0
1781547181.0,1781547781.0,7.741666666666666,2.834595307192114,19.0,9.0,0.0024522568118244773,0,,0,0,0.0
1781547241.0,1781547841.0,8.036666666666667,2.980825761801958,20.0,13.0,0.004156955991544421,0,,0,0,0.025
1781547301.0,1781547901.0,8.47,3.2221783521917793,20.0,14.0,0.006807963355453768,0,,0,0,0.09
1781547361.0,1781547961.0,8.586666666666666,3.2278716758191544,20.0,9.0,0.005310125861460723,0,,0,0,0.03
1781547421.0,1781548021.0,8.508333333333333,3.2542173491571758,20.0,2.0,0.0013781982727729691,0,,0,0,0.035
1781547481.0,1781548081.0,8.365,3.3158872618551634,20.0,7.0,-0.002055200153333757,0,,0,0,0.025
1781547541.0,1781548141.0,8.205,3.3644675160664974,20.0,4.0,-0.004461817949494304,0,,0,0,0.03
1781547601.0,1781548201.0,7.97,3.434011259931064,20.0,8.0,-0.0065936294267484145,0,,0,0,0.08
1781547661.0,1781548261.0,7.696666666666666,3.433364077532252,20.0,4.0,-0.007505798627218407,0,,0,0,0.035
1781547721.0,1781548321.0,7.4366666666666665,3.4179899876324327,20.0,4.0,-0.008602301673060203,0,,0,0,0.005
1781547781.0,1781548381.0,7.273333333333333,3.3751971135854504,20.0,6.0,-0.009123136453156813,0,,0,0,0.025
1781547841.0,1781548441.0,6.796666666666667,3.163119065451413,18.0,8.0,-0.007528132022588957,0,,0,0,0.0
1781547901.0,1781548501.0,6.171666666666667,2.5952900715633995,16.0,4.0,-0.0033609815582821105,0,,0,0,0.01
1781547961.0,1781548561.0,5.885,2.3745403063891475,15.0,8.0,-0.0013545315403653852,0,,0,0,0.0
1781548021.0,1781548621.0,5.868333333333333,2.377883629523437,14.0,6.0,-0.0007730854807929987,0,,0,0,0.0
1781548081.0,1781548681.0,5.826666666666667,2.4020731786428895,16.0,8.0,-0.0008834468984636075,0,,0,0,0.0
1781548141.0,1781548741.0,5.841666666666667,2.4269179128177276,16.0,9.0,0.00014530595918322016,0,,0,0,0.0
1781548201.0,1781548801.0,5.92,2.4427307124063704,16.0,10.0,0.0009035025097291872,0,,0,0,0.0
1781548261.0,1781548861.0,5.973333333333334,2.4445767640954856,16.0,10.0,0.0016175600487779171,0,,0,0,0.0
1781548321.0,1781548921.0,6.043333333333333,2.4842414446980703,16.0,4.0,0.0017878938552607095,0,,0,0,0.0
1781548381.0,1781548981.0,6.09,2.49904648482843,16.0,6.0,0.002651451809588358,0,,0,0,0.0
1781548441.0,1781549041.0,6.191666666666666,2.494981073185838,16.0,11.0,0.002288589690526922,0,,0,0,0.03
1781548501.0,1781549101.0,6.208333333333333,2.506311477494811,16.0,1.0,0.0010104750290972938,0,,0,0,0.11
1781548561.0,1781549161.0,6.183333333333334,2.493268715740221,16.0,1.0,-0.0005472237422881743,0,,0,0,0.01
1781548621.0,1781549221.0,6.2,2.512634739339034,16.0,10.0,-0.0006992241645115644,0,,0,0,0.005
1781548681.0,1781549281.0,6.283333333333333,2.5092606259392207,14.0,7.0,-0.0012146700407501137,0,,0,0,0.02
1781548741.0,1781549341.0,6.471666666666667,2.6024086065711427,14.0,4.0,0.0008455856821824562,0,,0,0,0.0
1781548801.0,1781549401.0,6.973333333333334,3.3668910816293947,25.0,22.0,0.005861016280600776,0,,0,0,0.095
1781548861.0,1781549461.0,10.096666666666666,10.538531944989092,61.0,54.0,0.03374620485056903,0,,0,0,0.005
1781548921.0,1781549521.0,15.598333333333333,18.822335948429878,91.0,35.0,0.07568468245745127,1,1772.0,1,0,0.01
1781548981.0,1781549581.0,17.421666666666667,19.069535841813828,91.0,9.0,0.0738566773796594,1,1712.0,1,0,0.015
1781549041.0,1781549641.0,18.23,18.773929618844676,91.0,13.0,0.05916333100925281,1,1652.0,1,0,0.02
1781549101.0,1781549701.0,18.815,18.48154327069757,91.0,10.0,0.039181303281398,1,1592.0,1,0,0.01
1781549161.0,1781549761.0,19.26,18.22129889259636,91.0,9.0,0.016134822596729437,1,1532.0,1,0,0.0
1781549221.0,1781549821.0,19.465,18.088175926094188,91.0,6.0,-0.008090439140108732,1,1472.0,1,0,0.01
1781549281.0,1781549881.0,19.713333333333335,17.93212635343493,91.0,14.0,-0.03195686654685154,1,1412.0,1,0,0.0
1781549341.0,1781549941.0,19.623333333333335,17.986609525483736,91.0,4.0,-0.05556504323623126,1,1352.0,1,0,0.0
1781549401.0,1781550001.0,19.268333333333334,18.117385680304125,91.0,6.0,-0.07493840260667393,1,1292.0,1,0,0.0
1781549461.0,1781550061.0,16.165,16.8884904101383,91.0,9.0,-0.06638476773546599,1,1232.0,1,0,0.005
1781549521.0,1781550121.0,10.741666666666667,6.918448565650796,53.0,8.0,-0.024455540154278237,1,1172.0,1,0,0.0
1781549581.0,1781550181.0,9.01,3.6914179750695624,23.0,4.0,-0.010986030516751441,1,1112.0,1,0,0.105
1781549641.0,1781550241.0,8.285,3.1231034244802074,22.0,14.0,-0.0063818788385523375,1,1052.0,1,0,0.01
1781549701.0,1781550301.0,7.8966666666666665,2.8312521768448833,18.0,10.0,-0.003448620690613036,1,992.0,1,0,0.0
1781549761.0,1781550361.0,7.616666666666666,2.6795003680205425,16.0,9.0,-0.00222900619168387,1,932.0,1,0,0.0
1781549821.0,1781550421.0,7.541666666666667,2.689782622361063,16.0,6.0,-0.001643143453176254,1,872.0,1,0,0.0
1781549881.0,1781550481.0,7.3,2.5922962793631443,14.0,4.0,-0.001101280836891212,1,812.0,1,0,0.005
1781549941.0,1781550541.0,7.211666666666667,2.596188980452352,14.0,7.0,-0.0017306436962324888,1,752.0,1,0,0.035
1781550001.0,1781550601.0,6.98,2.622899159327327,14.0,9.0,-0.002005116680879666,1,692.0,1,0,0.035
1781550061.0,1781550661.0,6.788333333333333,2.707433696736122,14.0,3.0,-0.004152650424028956,1,632.0,1,0,0.0
1781550121.0,1781550721.0,6.656666666666666,2.6824346321123196,14.0,5.0,-0.004551734865930181,1,572.0,1,0,0.0
1781550181.0,1781550781.0,6.448333333333333,2.678431858797648,14.0,8.0,-0.004386762185450525,1,512.0,1,0,0.0
1781550241.0,1781550841.0,6.2316666666666665,2.656689146705392,14.0,4.0,-0.00464920735890933,1,452.0,1,0,0.0
1781550301.0,1781550901.0,6.045,2.603774503805325,14.0,8.0,-0.0035669821305059136,1,392.0,1,0,0.0
1781550361.0,1781550961.0,5.94,2.5748268550202233,14.0,7.0,-0.0026753963205453386,1,332.0,1,0,0.0
1781550421.0,1781551021.0,5.738333333333333,2.4501422861177313,13.0,3.0,-0.0013336425934516605,1,272.0,1,0,0.0
1781550481.0,1781551081.0,5.568333333333333,2.42046770044322,13.0,5.0,-0.0013587537743160452,1,212.0,1,0,0.0
1781550541.0,1781551141.0,5.383333333333334,2.3999421289319085,13.0,4.0,-0.0010488362467673483,1,152.0,1,0,0.0
1781550601.0,1781551201.0,5.201666666666667,2.3425763357655796,13.0,4.0,-0.0019022552840424593,1,92.0,1,0,0.0
1781550661.0,1781551261.0,5.168333333333333,2.3558432083273755,13.0,3.0,-0.0029440359556554305,1,32.0,1,0,0.0
1781550721.0,1781551321.0,4.965,2.2935652741238184,13.0,5.0,-0.0033184258845163485,0,,0,0,0.0
1781550781.0,1781551381.0,4.816666666666666,2.281020726682587,13.0,5.0,-0.003432731757588224,0,,0,0,0.0
1781550841.0,1781551441.0,4.658333333333333,2.290181336828059,13.0,3.0,-0.004230872863535731,0,,0,0,0.0
1781550901.0,1781551501.0,4.491666666666666,2.209810826493727,13.0,2.0,-0.003592537757049324,0,,0,0,0.0
1781550961.0,1781551561.0,4.2683333333333335,2.1188826982371842,13.0,5.0,-0.002843369009358367,0,,0,0,0.02
1781551021.0,1781551621.0,4.028333333333333,2.0357301447446865,12.0,3.0,-0.0024887013575037725,0,,0,0,0.0
1781551081.0,1781551681.0,3.9383333333333335,2.0160680929858383,12.0,3.0,-0.001798366106572517,0,,0,1,0.555
1781551141.0,1781551741.0,3.8466666666666667,1.9620963845393076,10.0,1.0,-0.001142947619298941,0,,0,0,0.0
1781551201.0,1781551801.0,3.845,1.9623901243126964,10.0,3.0,-0.0009050302917508136,0,,0,0,0.0
1781551261.0,1781551861.0,3.763333333333333,1.886086483229818,10.0,1.0,-0.00027677854660707214,0,,0,0,0.0
1781551321.0,1781551921.0,3.7616666666666667,1.9117698315667837,10.0,4.0,-0.0001302503618065631,0,,0,0,0.0
1781551381.0,1781551981.0,3.73,1.9123545696339892,11.0,0.0,0.00023983399953888973,0,,0,0,0.0
1781551441.0,1781552041.0,3.7333333333333334,1.890913947157711,11.0,2.0,-8.411134475373311e-05,0,,0,0,0.0
1781551501.0,1781552101.0,3.7016666666666667,1.8777638888375243,11.0,5.0,0.0003117508659746284,0,,0,0,0.0
1781551561.0,1781552161.0,3.7183333333333333,1.8732317588120864,11.0,2.0,0.00040814002261117414,0,,0,0,0.0
1781551621.0,1781552221.0,3.7983333333333333,1.884408984860299,11.0,5.0,-0.00011780588279411445,0,,0,0,0.0
1781551681.0,1781552281.0,3.79,1.8482153554172198,11.0,4.0,-1.088891913589144e-05,0,,0,0,0.0
1781551741.0,1781552341.0,3.776666666666667,1.8239487078558128,11.0,2.0,-0.0001614448929024816,0,,0,0,0.005
1781551801.0,1781552401.0,3.715,1.817628950033532,11.0,1.0,-0.00038580662724063084,0,,0,0,0.005
1781551861.0,1781552461.0,3.6533333333333333,1.819291681457985,11.0,2.0,-0.0009641693449148426,0,,0,0,0.005
1781551921.0,1781552521.0,3.651666666666667,1.8175983849269037,11.0,5.0,-0.0006076961324892596,0,,0,0,0.0
1781551981.0,1781552581.0,3.7016666666666667,1.7951779546576683,10.0,6.0,0.00012486145794849307,0,,0,0,0.0
1781552041.0,1781552641.0,3.7133333333333334,1.7947577985777234,9.0,4.0,-7.166686574139534e-06,0,,0,0,0.01
1781552101.0,1781552701.0,3.7066666666666666,1.8395530858215414,9.0,2.0,-5.000013888921714e-06,0,,0,0,0.005
1781552161.0,1781552761.0,3.7133333333333334,1.8782497763136357,12.0,8.0,0.0003243342342617646,0,,0,0,0.0
1781552221.0,1781552821.0,3.736666666666667,1.9089234895324876,12.0,3.0,0.0008906135850377344,0,,0,0,0.0
1781552281.0,1781552881.0,3.783333333333333,1.9544109655398023,12.0,2.0,0.0014305039736221448,0,,0,0,0.005
1781552341.0,1781552941.0,3.9066666666666667,2.0333770487104013,12.0,6.0,0.002236061766838248,0,,0,0,0.0
1781552401.0,1781553001.0,4.055,2.074923693376056,12.0,6.0,0.0024367012130589263,0,,0,0,0.0
1781552461.0,1781553061.0,4.195,2.0737184797684893,12.0,3.0,0.00175731043697344,0,,0,0,0.0
1781552521.0,1781553121.0,4.246666666666667,2.098210878078962,12.0,3.0,0.0014231150642085063,0,,0,0,0.01
1781552581.0,1781553181.0,4.2283333333333335,2.1078102117811484,12.0,6.0,0.0013214203372787165,0,,0,0,0.055
1781552641.0,1781553241.0,4.241666666666666,2.1079050948486486,12.0,0.0,0.00039791777199381557,0,,0,0,0.035
1781552701.0,1781553301.0,4.345,2.10538397131418,12.0,6.0,0.00021275059097385868,0,,0,0,0.0
1781552761.0,1781553361.0,4.488333333333333,2.122073802256232,12.0,2.0,0.0006152517090325181,0,,0,0,0.0
1781552821.0,1781553421.0,4.565,2.1100809621118017,12.0,7.0,0.0005788071633532356,0,,0,0,0.0
1781552881.0,1781553481.0,4.5616666666666665,2.1125491447274993,12.0,1.0,-4.880569112692406e-05,0,,0,0,0.0
1781552941.0,1781553541.0,4.445,2.072914614739353,12.0,5.0,-0.0005038625107292053,0,,0,0,0.0
1781553001.0,1781553601.0,4.335,2.0767221768931923,12.0,5.0,-0.0007556409878916333,0,,0,0,0.0
1781553061.0,1781553661.0,4.218333333333334,2.100158062834531,12.0,5.0,-0.0014985874960763783,0,,0,0,0.03
1781553121.0,1781553721.0,4.131666666666667,2.0851052464777142,12.0,3.0,-0.00202536673712983,0,,0,0,0.01
1781553181.0,1781553781.0,4.078333333333333,2.1131801994992183,12.0,2.0,-0.0025797016102822503,0,,0,0,0.0
1781553241.0,1781553841.0,4.048333333333333,2.1203766698919844,12.0,3.0,-0.0033683704676957444,0,,0,0,0.015
1781553301.0,1781553901.0,3.9383333333333335,2.061034664649988,11.0,1.0,-0.00304236956213767,0,,0,0,0.0
1781553361.0,1781553961.0,3.7316666666666665,1.9739124994678858,11.0,3.0,-0.0021130336473156844,0,,0,0,0.0
1781553421.0,1781554021.0,3.5833333333333335,1.9095520126168046,11.0,3.0,-0.0010756140989280503,0,,0,0,0.005
1781553481.0,1781554081.0,3.5016666666666665,1.869936867621174,10.0,5.0,-0.0005071958533218125,0,,0,0,0.005
1781553541.0,1781554141.0,3.5016666666666665,1.8788286835744823,10.0,4.0,-0.00010869474637429826,0,,0,0,0.0
1781553601.0,1781554201.0,3.5433333333333334,1.9108782157834014,10.0,7.0,0.0007123353120425334,0,,0,0,0.0
1781553661.0,1781554261.0,3.6166666666666667,1.9060575950258047,10.0,7.0,0.000906446962352677,0,,0,0,0.0
1781553721.0,1781554321.0,3.6216666666666666,1.9101127075530269,10.0,7.0,0.0006538629273970208,0,,0,0,0.0
1781553781.0,1781554381.0,3.611666666666667,1.8755080793095922,10.0,6.0,0.00046914019205608853,0,,0,0,0.0
1781553841.0,1781554441.0,3.6483333333333334,1.8959598858860094,10.0,7.0,0.0006679185219958955,0,,0,0,0.0
1781553901.0,1781554501.0,3.6566666666666667,1.9049380275717342,10.0,7.0,0.0007076130767029915,0,,0,0,0.0
1781553961.0,1781554561.0,3.775,1.981844679416965,10.0,8.0,0.001001752782646617,0,,0,0,0.0
1781554021.0,1781554621.0,3.875,2.0123058912600738,10.0,5.0,0.0011658087939133098,0,,0,0,0.0
1781554081.0,1781554681.0,3.945,2.022863070007458,10.0,5.0,0.0009198081105780881,0,,0,0,0.0
1781554141.0,1781554741.0,4.058333333333334,2.0457102814317465,10.0,5.0,0.0014446984574957187,0,,0,0,0.0
1781554201.0,1781554801.0,4.086666666666667,2.022990086206279,10.0,7.0,0.0018301717504770865,0,,0,0,0.0
1781554261.0,1781554861.0,4.141666666666667,2.061131701005273,10.0,4.0,0.002236089544693183,0,,0,0,0.0
1781554321.0,1781554921.0,4.333333333333333,2.1037004433986213,13.0,3.0,0.002726674240761779,0,,0,0,0.0
1781554381.0,1781554981.0,4.738333333333333,2.4069061515194607,18.0,10.0,0.004687429687304691,0,,0,0,0.01
1781554441.0,1781555041.0,5.1466666666666665,2.693539596062318,18.0,9.0,0.006711740865946848,0,,0,0,0.0
1781554501.0,1781555101.0,5.738333333333333,3.008299168781072,18.0,6.0,0.009114497540270943,0,,0,0,0.005
1781554561.0,1781555161.0,6.218333333333334,3.2105031623649825,19.0,7.0,0.01084905791404976,0,,0,0,0.025
1781554621.0,1781555221.0,6.6033333333333335,3.2669030526716827,19.0,7.0,0.010734085372459365,0,,0,0,0.02
1781554681.0,1781555281.0,7.0183333333333335,3.2297570428060927,19.0,10.0,0.009458665162958782,0,,0,0,0.265
1781554741.0,1781555341.0,7.326666666666667,3.2300601989574265,19.0,5.0,0.007846466240184006,0,,0,0,0.125
1781554801.0,1781555401.0,7.698333333333333,3.1491793463624065,19.0,10.0,0.005402098339162053,0,,0,0,0.0
1781554861.0,1781555461.0,8.053333333333333,3.018910767515698,19.0,7.0,0.002441006780574393,0,,0,0,0.0
1781554921.0,1781555521.0,8.44,2.966996236375548,19.0,9.0,0.0006909463637399003,0,,0,0,0.0
1781554981.0,1781555581.0,8.635,2.9447877682440886,19.0,9.0,0.0005590293306370229,0,,0,0,0.0
1781555041.0,1781555641.0,8.818333333333333,2.971306764521107,20.0,20.0,0.0009264192400534416,0,,0,0,0.0
1781555101.0,1781555701.0,8.796666666666667,3.0285291626281046,20.0,12.0,0.002334784263289616,0,,0,0,0.0
1781555161.0,1781555761.0,8.775,3.009048853043101,20.0,3.0,0.003012202811674472,0,,0,0,0.0
1781555221.0,1781555821.0,8.918333333333333,3.0416547944973784,20.0,6.0,0.003287425798404996,0,,0,0,0.01
1781555281.0,1781555881.0,9.33,3.3388271393809332,25.0,17.0,0.005827571743254832,0,,0,0,0.025
1781555341.0,1781555941.0,9.92,3.7157682023147425,27.0,15.0,0.008197133880927448,0,,0,0,0.11
1781555401.0,1781556001.0,10.158333333333333,3.7429841778393294,27.0,15.0,0.006718990886085799,0,,0,0,0.005
1781555461.0,1781556061.0,10.263333333333334,3.718062518152282,27.0,6.0,0.0035876766324350797,0,,0,0,0.0
1781555521.0,1781556121.0,10.061666666666667,3.793133782097448,27.0,9.0,-0.00020413945594293444,0,,0,0,0.1
1781555581.0,1781556181.0,9.831666666666667,3.8897297106897057,27.0,3.0,-0.0034668707413076302,0,,0,0,0.065
1781555641.0,1781556241.0,9.763333333333334,3.8855272772459366,27.0,11.0,-0.0040742890952474835,0,,0,0,0.11
1781555701.0,1781556301.0,10.281666666666666,4.218490712196589,27.0,13.0,-9.008358356550909e-05,0,,0,0,0.085
1781555761.0,1781556361.0,10.558333333333334,4.2520501591062585,27.0,9.0,-0.00016708379745498773,0,,0,0,0.065
1781555821.0,1781556421.0,10.471666666666666,4.252355882984814,27.0,13.0,-0.0027157575437709532,0,,0,0,0.08
1781555881.0,1781556481.0,10.025,4.180634919881588,27.0,10.0,-0.0030052027922299715,0,,0,0,0.135
1781555941.0,1781556541.0,9.448333333333334,3.853223398085758,25.0,7.0,-0.0004941958172106002,0,,0,0,0.12
1781556001.0,1781556601.0,9.038333333333334,3.8492679679244066,25.0,4.0,-0.0020389778860496807,0,,0,0,0.105
1781556061.0,1781556661.0,8.758333333333333,3.885005005001781,25.0,7.0,-0.004183928288689683,0,,0,0,0.29
1781556121.0,1781556721.0,8.661666666666667,3.9417251581283823,25.0,3.0,-0.007964049900138617,0,,0,0,0.125
1781556181.0,1781556781.0,8.511666666666667,3.982862942937181,25.0,3.0,-0.012351895421931713,0,,0,0,0.055
1781556241.0,1781556841.0,8.155,3.9830024269805984,25.0,6.0,-0.014399734443706777,0,,0,0,0.11
1781556301.0,1781556901.0,7.245,3.249355064214025,20.0,3.0,-0.009814166150461543,0,,0,0,0.0
1781556361.0,1781556961.0,6.575,2.7738736452837935,18.0,4.0,-0.006654212928369239,0,,0,0,0.0
1781556421.0,1781557021.0,6.171666666666667,2.6768508653930567,18.0,6.0,-0.005763543787621634,0,,0,0,0.005
1781556481.0,1781557081.0,5.863333333333333,2.5523823294239354,17.0,4.0,-0.005093958594329436,0,,0,0,0.0
1781556541.0,1781557141.0,5.566666666666666,2.3612614331233117,17.0,3.0,-0.0033793427203964495,0,,0,0,0.0
1781556601.0,1781557201.0,5.383333333333334,2.3100625292162307,17.0,1.0,-0.0033153980983280564,0,,0,0,0.0
1781556661.0,1781557261.0,5.215,2.2720273619244407,17.0,2.0,-0.0027985911071975182,0,,0,0,0.0
1781556721.0,1781557321.0,5.0616666666666665,2.231112701969331,12.0,3.0,-0.0019665887960799836,0,,0,0,0.0
1781556781.0,1781557381.0,4.9816666666666665,2.1987869130247453,12.0,4.0,-0.0014378651051808453,0,,0,0,0.0
1781556841.0,1781557441.0,4.8966666666666665,2.2089187903185175,12.0,5.0,-0.001016502823618953,0,,0,0,0.0
1781556901.0,1781557501.0,4.77,2.1688168817737163,12.0,4.0,-0.0009631137864271832,0,,0,0,0.0
1781556961.0,1781557561.0,4.716666666666667,2.2135316176242483,12.0,3.0,-0.0007712799202220031,0,,0,0,0.0
1781557021.0,1781557621.0,4.661666666666667,2.1595980850354746,12.0,4.0,-0.0010584751624310048,0,,0,0,0.0
1781557081.0,1781557681.0,4.618333333333333,2.1164429015580732,12.0,1.0,-0.0011029752860424627,0,,0,0,0.0
1781557141.0,1781557741.0,4.523333333333333,2.1133201892335722,11.0,4.0,-0.0010046694574151562,0,,0,0,0.0
1781557201.0,1781557801.0,4.49,2.140070092310063,11.0,4.0,-0.0012047255686821361,0,,0,0,0.0
1781557261.0,1781557861.0,4.463333333333333,2.121003431292735,11.0,6.0,-0.0010265584071066892,0,,0,0,0.0
1781557321.0,1781557921.0,4.42,2.066462355492271,11.0,5.0,-0.0007649465692960234,0,,0,0,0.0
1781557381.0,1781557981.0,4.325,2.0734934289743965,11.0,6.0,-0.0007200853335703688,0,,0,0,0.0
1781557441.0,1781558041.0,4.355,2.0604954905717863,11.0,5.0,0.00034219539498720456,0,,0,0,0.0
1781557501.0,1781558101.0,4.405,2.043112413288445,11.0,7.0,0.0005450848474579096,0,,0,0,0.0
1781557561.0,1781558161.0,4.4383333333333335,2.041126459145102,11.0,5.0,0.001170808807802242,0,,0,0,0.0
1781557621.0,1781558221.0,4.448333333333333,2.0405874698777855,11.0,5.0,0.0008795857766271595,0,,0,0,0.0
1781557681.0,1781558281.0,4.505,2.111865289264445,11.0,0.0,0.0012953647093464167,0,,0,0,0.0
1781557741.0,1781558341.0,4.55,2.167371680169324,12.0,5.0,0.0009448359578776634,0,,0,0,0.0
1781557801.0,1781558401.0,4.548333333333333,2.1128962481758435,12.0,4.0,0.0003499176386601034,0,,0,0,0.0
1781557861.0,1781558461.0,4.535,2.1288748984694554,12.0,4.0,4.125011458364849e-05,0,,0,0,0.0
1781557921.0,1781558521.0,4.555,2.1307999280395458,12.0,4.0,-0.00018102828063411424,0,,0,0,0.0
1781557981.0,1781558581.0,4.571666666666666,2.134993494655715,12.0,4.0,-0.0013043647343464872,0,,0,0,0.0
1781558041.0,1781558641.0,4.466666666666667,2.1037004433986213,12.0,5.0,-0.0013940594279428626,0,,0,0,0.0
1781558101.0,1781558701.0,4.401666666666666,2.1276741344064467,12.0,6.0,-0.0014948097078047455,0,,0,0,0.0
1781558161.0,1781558761.0,4.348333333333334,2.084945376316181,12.0,9.0,-0.0009618082272450728,0,,0,0,0.0
1781558221.0,1781558821.0,4.328333333333333,2.1135745130518164,12.0,3.0,-0.0011449198469995804,0,,0,0,0.0
1781558281.0,1781558881.0,4.253333333333333,2.039400783454678,12.0,3.0,-0.0005431126197572812,0,,0,0,0.005
1781558341.0,1781558941.0,4.28,2.0087143483664702,12.0,4.0,0.00036488990247194605,0,,0,0,0.015
1781558401.0,1781559001.0,4.526666666666666,2.2448360494452344,14.0,6.0,0.0025356181544948747,0,,0,0,0.0
1781558461.0,1781559061.0,4.82,2.443549331061956,14.0,13.0,0.004777735493709708,0,,0,0,0.005
1781558521.0,1781559121.0,5.046666666666667,2.5588712789474624,14.0,5.0,0.006251961811005032,0,,0,0,0.0
1781558581.0,1781559181.0,5.286666666666667,2.642818360933813,17.0,6.0,0.006440795668876857,0,,0,0,0.0
1781558641.0,1781559241.0,5.491666666666666,2.699987139887069,17.0,7.0,0.005656710157528218,0,,0,0,0.0
1781558701.0,1781559301.0,5.705,2.739460104959856,17.0,15.0,0.004778929941472061,0,,0,0,0.08
1781558761.0,1781559361.0,5.84,2.718038508434591,17.0,4.0,0.0032726757574326614,0,,0,0,0.01
1781558821.0,1781559421.0,5.965,2.6976115979386903,17.0,6.0,0.0009974194372762105,0,,0,0,0.005
1781558881.0,1781559481.0,6.115,2.687956162836986,17.0,2.0,-0.001133864260734056,0,,0,0,0.0
1781558941.0,1781559541.0,6.155,2.695238084721521,17.0,6.0,-0.0033009813916149737,0,,0,0,0.0
1781559001.0,1781559601.0,6.023333333333333,2.6619771265400125,17.0,3.0,-0.0034451762366006626,0,,0,0,0.0
1781559061.0,1781559661.0,5.821666666666666,2.590340496708664,17.0,5.0,-0.002789535526487579,0,,0,0,0.005
1781559121.0,1781559721.0,5.648333333333333,2.5822465455920787,17.0,5.0,-0.002330145361514892,0,,0,0,0.0
1781559181.0,1781559781.0,5.5,2.5317977802344327,15.0,9.0,-0.0019274497984716591,0,,0,0,0.02
1781559241.0,1781559841.0,5.406666666666666,2.477489769011278,15.0,4.0,-0.001723338120383671,0,,0,0,0.0
1781559301.0,1781559901.0,5.278333333333333,2.395314291602577,14.0,1.0,-0.001336253711815871,0,,0,0,0.0
1781559361.0,1781559961.0,5.216666666666667,2.39089708872818,14.0,5.0,-0.0009969472137422602,0,,0,0,0.0
1781559421.0,1781560021.0,5.16,2.3624281294182614,14.0,1.0,-0.0011063919621998966,0,,0,0,0.0
1781559481.0,1781560081.0,5.116666666666666,2.337318026190607,14.0,1.0,-0.00038083439120664567,0,,0,0,0.0
1781559541.0,1781560141.0,5.0633333333333335,2.3293752142771864,13.0,6.0,-0.000594168317134218,0,,0,0,0.0
1781559601.0,1781560201.0,5.073333333333333,2.320478877779805,14.0,4.0,0.00015238931219253374,0,,0,0,0.0
1781559661.0,1781560261.0,4.9816666666666665,2.325510099359326,14.0,3.0,-0.00039875110764196243,0,,0,0,0.0
1781559721.0,1781560321.0,4.968333333333334,2.2746422185087094,14.0,2.0,-0.00034780652168478086,0,,0,0,0.0
1781559781.0,1781560381.0,4.966666666666667,2.2698507048310956,14.0,1.0,-0.000353445426237298,0,,0,0,0.0
1781559841.0,1781560441.0,4.865,2.270853363826031,14.0,3.0,-0.0010561973783260487,0,,0,0,0.0
1781559901.0,1781560501.0,4.823333333333333,2.2290780356212045,14.0,2.0,-0.0013363926010905565,0,,0,0,0.0
1781559961.0,1781560561.0,4.748333333333333,2.2667885996615467,15.0,3.0,-0.0014123650343473165,0,,0,0,0.0
1781560021.0,1781560621.0,4.776666666666666,2.294222211459813,15.0,3.0,-0.001041169558804325,0,,0,0,0.0
1781560081.0,1781560681.0,4.71,2.2448236753325044,15.0,3.0,-0.0006606129461470691,0,,0,0,0.01
1781560141.0,1781560741.0,4.666666666666667,2.2027760263409037,15.0,3.0,-0.0010305028625079526,0,,0,0,0.015
1781560201.0,1781560801.0,4.506666666666667,2.1571483233400732,15.0,3.0,-0.0008303911955311064,0,,0,0,0.0
1781560261.0,1781560861.0,4.54,2.136601663077764,15.0,1.0,-0.0008774468817968952,0,,0,0,0.0
1781560321.0,1781560921.0,4.455,2.102690736492966,15.0,3.0,-0.0008068077966883248,0,,0,0,0.015
1781560381.0,1781560981.0,4.323333333333333,2.0401279916275405,15.0,5.0,-0.0009161136558712724,0,,0,0,0.025
1781560441.0,1781561041.0,4.331666666666667,2.026079273429898,15.0,4.0,-0.0013500870835752342,0,,0,0,0.025
1781560501.0,1781561101.0,4.258333333333334,2.0497797984715875,15.0,3.0,-0.001689699138053164,0,,0,0,0.045
1781560561.0,1781561161.0,4.266666666666667,2.00554786086551,13.0,1.0,-0.00147105964183234,0,,0,0,0.0
1781560621.0,1781561221.0,4.11,1.9099476432614584,10.0,7.0,-0.0011295586932185888,0,,0,0,0.0
1781560681.0,1781561281.0,3.9883333333333333,1.8977698900434572,10.0,1.0,-0.001206531129253139,0,,0,0,0.005
1781560741.0,1781561341.0,3.9566666666666666,1.922183365053628,10.0,3.0,-0.0009093914149761515,0,,0,0,0.0
1781560801.0,1781561401.0,3.985,1.9342806587118289,10.0,1.0,-0.0008275856321823173,0,,0,0,0.0
1781560861.0,1781561461.0,3.861666666666667,1.9224629746470772,10.0,2.0,-0.0006078072439090129,0,,0,0,0.0
1781560921.0,1781561521.0,3.865,1.957917686386909,10.0,2.0,-0.00011708365856572029,0,,0,0,0.0
1781560981.0,1781561581.0,3.885,1.9736028813652795,10.0,4.0,-0.00034480651335142795,0,,0,0,0.0
1781561041.0,1781561641.0,3.865,1.9681061116379541,10.0,5.0,2.0361167669908963e-05,0,,0,0,0.0
1781561101.0,1781561701.0,3.88,1.9711925324533874,11.0,6.0,-4.077789104969519e-05,0,,0,0,0.0
1781561161.0,1781561761.0,3.9033333333333333,1.9884639521220617,11.0,2.0,0.0012970591584976622,0,,0,0,0.0
1781561221.0,1781561821.0,4.085,2.1356751469578263,11.0,6.0,0.0022727563132119754,0,,0,0,0.0
1781561281.0,1781561881.0,4.5183333333333335,2.45214135445374,15.0,7.0,0.004827430076194646,0,,0,0,0.015
1781561341.0,1781561941.0,4.82,2.5815240976343152,16.0,8.0,0.00645890683029675,0,,0,0,0.015
1781561401.0,1781562001.0,5.108333333333333,2.652658519716064,16.0,11.0,0.007737438159550443,0,,0,0,0.015
1781561461.0,1781562061.0,5.371666666666667,2.6369547883032722,16.0,7.0,0.006696490823585624,0,,0,0,0.01
1781561521.0,1781562121.0,5.591666666666667,2.6327926660149714,16.0,7.0,0.0062258228495079134,0,,0,0,0.01
1781561581.0,1781562181.0,5.763333333333334,2.590493303514903,16.0,10.0,0.004341678726885357,0,,0,0,0.03
1781561641.0,1781562241.0,5.955,2.5546640353152767,16.0,4.0,0.002418867830188415,0,,0,0,0.0
1781561701.0,1781562301.0,6.055,2.488367939031525,16.0,5.0,-0.0007630298973052663,0,,0,0,0.0
1781561761.0,1781562361.0,6.098333333333334,2.447855637537112,16.0,7.0,-0.003157314325873133,0,,0,0,0.0
1781561821.0,1781562421.0,6.033333333333333,2.4129281427805145,16.0,4.0,-0.005270292417478938,0,,0,0,0.0
1781561881.0,1781562481.0,5.738333333333333,2.340198828210021,16.0,9.0,-0.004547707076964111,0,,0,0,0.0
1781561941.0,1781562541.0,5.51,2.287626134955914,14.0,2.0,-0.004150455973488818,0,,0,0,0.0
1781562001.0,1781562601.0,5.278333333333333,2.257771147737422,14.0,7.0,-0.0031428698413051175,0,,0,0,0.0
1781562061.0,1781562661.0,5.2,2.2323380867004294,14.0,10.0,-0.002281506337517608,0,,0,0,0.0
1781562121.0,1781562721.0,5.093333333333334,2.181273837819442,13.0,7.0,-0.0009627804521679197,0,,0,0,0.0
1781562181.0,1781562781.0,5.005,2.1613980814895406,13.0,4.0,-0.0007753632648979534,0,,0,0,0.0
1781562241.0,1781562841.0,4.933333333333334,2.181487769594157,13.0,5.0,0.000280945224847849,0,,0,0,0.0
1781562301.0,1781562901.0,4.948333333333333,2.2020438738186443,13.0,3.0,0.000397306659185163,0,,0,0,0.0
1781562361.0,1781562961.0,4.946666666666666,2.2510343301592615,13.0,13.0,0.0007245575682154745,0,,0,0,0.0
1781562421.0,1781563021.0,5.016666666666667,2.272235805447039,13.0,7.0,0.0009235025652849038,0,,0,0,0.0
1781562481.0,1781563081.0,5.135,2.302920247569739,14.0,3.0,0.0014934208150578186,0,,0,0,0.0
1781562541.0,1781563141.0,5.21,2.2983834899047344,14.0,3.0,0.0013070036305656352,0,,0,0,0.0
1781562601.0,1781563201.0,5.261666666666667,2.3100931919633796,14.0,6.0,0.0008090300250833984,0,,0,0,0.0
1781562661.0,1781563261.0,5.291666666666667,2.3416370104883653,14.0,7.0,0.0010685307459187348,0,,0,0,0.0
1781562721.0,1781563321.0,5.22,2.329864087595383,14.0,2.0,0.000340834280095224,0,,0,0,0.0
1781562781.0,1781563381.0,5.255,2.339510276389769,14.0,2.0,-0.00039908444190122895,0,,0,0,0.0
1781562841.0,1781563441.0,5.2283333333333335,2.307133262056808,14.0,2.0,-0.0008112522534784831,0,,0,0,0.0
1781562901.0,1781563501.0,5.2283333333333335,2.310742425186233,14.0,3.0,-0.0011349753749315956,0,,0,0,0.0
1781562961.0,1781563561.0,5.241666666666666,2.2619896600608547,14.0,4.0,-0.0013356425990072218,0,,0,0,0.0
1781563021.0,1781563621.0,5.275,2.266283668622855,14.0,7.0,-0.0006983074952986,0,,0,0,0.0
1781563081.0,1781563681.0,5.27,2.3152609644127233,13.0,6.0,0.0006782796618879449,0,,0,0,0.0
1781563141.0,1781563741.0,5.325,2.3662998542027593,13.0,6.0,0.0015473654093483503,0,,0,0,0.0
1781563201.0,1781563801.0,5.341666666666667,2.335579276230108,13.0,9.0,0.0015719765888238518,0,,0,0,0.0
1781563261.0,1781563861.0,5.308333333333334,2.323775065611032,13.0,5.0,0.0017493659704610328,0,,0,0,0.0
1781563321.0,1781563921.0,5.406666666666666,2.334799539337133,13.0,6.0,0.0011230586751629907,0,,0,0,0.0
1781563381.0,1781563981.0,5.4383333333333335,2.3522040491608904,13.0,7.0,0.0007174186594962814,0,,0,0,0.0
1781563441.0,1781564041.0,5.47,2.312091405344232,13.0,8.0,-0.00012594479429109574,0,,0,0,0.0
1781563501.0,1781564101.0,5.4366666666666665,2.3300906038654854,13.0,4.0,-0.0012170589362748235,0,,0,0,0.0
1781563561.0,1781564161.0,5.413333333333333,2.3364835876923156,13.0,5.0,-0.0018916719213108895,0,,0,0,0.0
1781563621.0,1781564221.0,5.286666666666667,2.3404747856412005,13.0,2.0,-0.002386284406345573,0,,0,0,0.0
1781563681.0,1781564281.0,5.13,2.2449424639991706,13.0,3.0,-0.002551118197550565,0,,0,0,0.0
1781563741.0,1781564341.0,4.988333333333333,2.1935201288238853,13.0,2.0,-0.0020891446920685863,0,,0,0,0.0
1781563801.0,1781564401.0,4.863333333333333,2.2018149079540925,13.0,4.0,-0.0023702843619010064,0,,0,0,0.0
1781563861.0,1781564461.0,4.775,2.1496608259599155,13.0,9.0,-0.002428367856577386,0,,0,0,0.0
1781563921.0,1781564521.0,4.645,2.1515052870025673,13.0,4.0,-0.002053700149167081,0,,0,0,0.0
1781563981.0,1781564581.0,4.513333333333334,2.1157714642392,13.0,5.0,-0.0018213383926066458,0,,0,0,0.0
1781564041.0,1781564641.0,4.406666666666666,2.124764039186992,13.0,7.0,-0.0014030594529429207,0,,0,0,0.0
1781564101.0,1781564701.0,4.395,2.0523908821989374,13.0,4.0,-0.0008753635426765029,0,,0,0,0.0
1781564161.0,1781564761.0,4.331666666666667,2.057100845580714,13.0,3.0,-0.0002640285111903096,0,,0,0,0.0
1781564221.0,1781564821.0,4.338333333333333,2.0737720596911213,13.0,1.0,0.000100861391281648,0,,0,0,0.0
1781564281.0,1781564881.0,4.368333333333333,2.091091554401406,13.0,4.0,0.0003969177692160218,0,,0,0,0.0
1781564341.0,1781564941.0,4.388333333333334,2.0698302399525965,13.0,4.0,0.0009767527132019814,0,,0,0,0.0
1781564401.0,1781565001.0,4.458333333333333,2.1318842734903685,14.0,2.0,0.0011544198733885367,0,,0,0,0.0
1781564461.0,1781565061.0,4.485,2.1717370160004794,14.0,6.0,0.0011991977755493731,0,,0,0,0.0
1781564521.0,1781565121.0,4.525,2.183889878176095,15.0,4.0,0.0010144750402084415,0,,0,0,0.03
1781564581.0,1781565181.0,4.571666666666666,2.1613723778089597,15.0,2.0,0.00048680690779696873,0,,0,0,0.0
1781564641.0,1781565241.0,4.658333333333333,2.1513400216815772,15.0,5.0,0.00041130669807415887,0,,0,0,0.0
1781564701.0,1781565301.0,4.663333333333333,2.193928490681094,15.0,6.0,0.00036350100972502733,0,,0,0,0.035
1781564761.0,1781565361.0,4.711666666666667,2.2260272285446603,15.0,7.0,0.00021336170378251194,0,,0,0,0.055
1781564821.0,1781565421.0,4.78,2.2289608939294263,15.0,5.0,0.0005571126586462741,0,,0,0,0.04
1781564881.0,1781565481.0,4.85,2.2399776784602117,15.0,4.0,0.0009681693560259877,0,,0,0,0.025
1781564941.0,1781565541.0,4.9,2.297825058615212,15.0,6.0,0.001332337034269539,0,,0,0,0.0
1781565001.0,1781565601.0,4.935,2.254796738806701,15.0,3.0,0.0015964211011697243,0,,0,0,0.0
1781565061.0,1781565661.0,4.965,2.2309433729553363,15.0,1.0,0.0011946977630493398,0,,0,0,0.03
1781565121.0,1781565721.0,5.025,2.2040209466639222,12.0,6.0,0.0011095864155178216,0,,0,0,0.0
1781565181.0,1781565781.0,5.093333333333334,2.23933521881433,13.0,5.0,0.0006986130517029209,0,,0,0,0.0
1781565241.0,1781565841.0,5.06,2.2530867715203513,13.0,1.0,0.00019272275756320974,0,,0,0,0.0
1781565301.0,1781565901.0,5.113333333333333,2.2502938079775765,13.0,5.0,-0.00010394473317982087,0,,0,0,0.0
1781565361.0,1781565961.0,5.125,2.226216895692481,13.0,7.0,-0.0005681404670568559,0,,0,0,0.0
1781565421.0,1781566021.0,5.138333333333334,2.2028460126744123,13.0,5.0,-0.0002773063258509107,0,,0,0,0.0
1781565481.0,1781566081.0,5.161666666666667,2.2343225421192487,13.0,3.0,0.0003114175317153676,0,,0,0,0.0
1781565541.0,1781566141.0,5.19,2.188736317299703,13.0,1.0,0.0007913910871974664,0,,0,0,0.0
1781565601.0,1781566201.0,5.27,2.1833689564523904,13.0,6.0,0.0015707821410615018,0,,0,0,0.0
1781565661.0,1781566261.0,5.361666666666666,2.2451868271680397,13.0,10.0,0.0017007547243186813,0,,0,0,0.0
1781565721.0,1781566321.0,5.425,2.2592863917617882,13.0,4.0,0.0019765332681479617,0,,0,0,0.0
1781565781.0,1781566381.0,5.4783333333333335,2.2962717367264895,12.0,4.0,0.0020319223108953123,0,,0,0,0.0
1781565841.0,1781566441.0,5.621666666666667,2.3069165327096015,12.0,9.0,0.0017007547243186715,0,,0,0,0.0
1781565901.0,1781566501.0,5.788333333333333,2.374909939812923,13.0,9.0,0.0023708121411448353,0,,0,0,0.0
1781565961.0,1781566561.0,5.951666666666667,2.4240456312169996,14.0,9.0,0.0021639226775629905,0,,0,0,0.0
1781566021.0,1781566621.0,6.046666666666667,2.4470027017194367,14.0,6.0,0.0018447829021747215,0,,0,0,0.0
1781566081.0,1781566681.0,6.11,2.467367017693152,14.0,7.0,0.001532226478406883,0,,0,0,0.0
1781566141.0,1781566741.0,6.23,2.5266116968514707,14.0,4.0,0.0015210042250117352,0,,0,0,0.0
1781566201.0,1781566801.0,6.361666666666666,2.5988838416178246,14.0,5.0,0.0022618673940760898,0,,0,0,0.0
1781566261.0,1781566861.0,6.545,2.647258015381198,15.0,8.0,0.0028438690107472444,0,,0,0,0.005
1781566321.0,1781566921.0,6.775,2.7069740178533914,15.0,5.0,0.0035913155314320254,0,,0,0,0.0
1781566381.0,1781566981.0,7.006666666666667,2.7227355525076042,15.0,6.0,0.0035566209906138626,0,,0,0,0.0
1781566441.0,1781567041.0,7.281666666666666,2.8182140719887756,15.0,13.0,0.004244539568165473,0,,0,0,0.005
1781566501.0,1781567101.0,7.403333333333333,2.838542270642137,15.0,10.0,0.00451617921160892,0,,0,0,0.005
1781566561.0,1781567161.0,7.565,2.8998462602926613,16.0,6.0,0.004279650776807714,0,,0,0,0.0
1781566621.0,1781567221.0,7.795,2.9245469734644374,16.0,8.0,0.003830149528193131,0,,0,0,0.0
1781566681.0,1781567281.0,8.086666666666666,2.940377904661614,17.0,12.0,0.0032977313825871667,0,,0,0,0.0
1781566741.0,1781567341.0,8.266666666666667,2.9215673114880576,17.0,7.0,0.0022771174364373263,0,,0,0,0.0
1781566801.0,1781567401.0,8.368333333333334,2.899884576247054,17.0,12.0,0.0013512537534826554,0,,0,0,0.0
1781566861.0,1781567461.0,8.531666666666666,2.8952254757713702,17.0,11.0,0.0014365317681437908,0,,0,0,0.0
1781566921.0,1781567521.0,8.758333333333333,3.003874812452891,20.0,10.0,0.0027479798554996,0,,0,0,0.0
1781566981.0,1781567581.0,8.886666666666667,3.000081480374973,20.0,8.0,0.0025283959122108573,0,,0,0,0.0
1781567041.0,1781567641.0,9.14,3.093606309794444,20.0,8.0,0.0047482354117650205,0,,0,0,0.0
1781567101.0,1781567701.0,9.526666666666667,3.2356280516908753,20.0,6.0,0.006102794729985356,0,,0,0,0.0
1781567161.0,1781567761.0,10.031666666666666,3.3961739093017926,21.0,11.0,0.008057383492731912,0,,0,0,0.0
1781567221.0,1781567821.0,10.518333333333333,3.579990301042107,23.0,13.0,0.00970183250509029,0,,0,0,0.0
1781567281.0,1781567881.0,10.983333333333333,3.7304676501598144,24.0,11.0,0.011058752940980389,0,,0,0,0.015
1781567341.0,1781567941.0,11.631666666666666,3.8943545321686135,24.0,8.0,0.012044561234892332,0,,0,0,0.0
1781567401.0,1781568001.0,12.151919866444073,3.859203013588358,24.0,11.0,0.010197877175448494,0,,0,0,0.0
1781567461.0,1781568061.0,12.620401337792643,3.8297443315380786,24.0,10.0,0.00867090660015718,0,,0,0,0.0
1781567521.0,1781568121.0,13.173913043478262,3.927416931220301,25.0,15.0,0.009270783818971461,0,,0,0,0.0
1781567581.0,1781568181.0,14.26086956521739,4.33607106576156,30.0,28.0,0.011334160236286419,0,,0,0,0.02
1781567641.0,1781568241.0,15.130434782608695,4.6800341033968325,36.0,19.0,0.013312649772496807,0,,0,0,0.0
1781567701.0,1781568301.0,15.936454849498327,4.790875050862645,36.0,24.0,0.014177541428633384,0,,0,0,0.0
1781567761.0,1781568361.0,16.653846153846153,4.994201680398168,36.0,21.0,0.01519723292330412,0,,0,0,0.0
1781567821.0,1781568421.0,17.259197324414714,5.023826909230242,36.0,17.0,0.014194323450809523,0,,0,0,0.0
1781567881.0,1781568481.0,17.777591973244146,4.973074614811653,36.0,23.0,0.011894370217694161,0,,0,0,0.0
1781567941.0,1781568541.0,17.948160535117058,4.921693324277921,36.0,12.0,0.007977525259098684,0,,0,0,0.0
1781568001.0,1781568601.0,18.292153589315525,4.78029363273236,36.0,21.0,0.0023852174091582583,0,,0,0,0.095
1781568061.0,1781568661.0,18.56,4.621298518814815,36.0,14.0,-0.0036282878563551574,0,,0,0,0.005
1781568121.0,1781568721.0,18.571666666666665,4.564157157192942,36.0,20.0,-0.008770163250453463,0,,0,0,0.005
1781568181.0,1781568781.0,18.203333333333333,4.621903167407219,36.0,17.0,-0.008866913519204224,0,,0,0,0.0
1781568241.0,1781568841.0,17.598333333333333,4.704288528093866,33.0,16.0,-0.010659946277628545,0,,0,0,0.0
1781568301.0,1781568901.0,17.001666666666665,4.738318677430729,33.0,11.0,-0.011229781193836675,0,,0,0,0.0
1781568361.0,1781568961.0,16.253333333333334,4.6020816545945324,31.0,15.0,-0.011176808824468953,0,,0,0,0.0
1781568421.0,1781569021.0,15.66,4.40012121045167,28.0,14.0,-0.009974305484181913,0,,0,0,0.0
1781568481.0,1781569081.0,14.993333333333334,4.255970968990377,26.0,14.0,-0.009360859335720399,0,,0,0,0.0
1781568541.0,1781569141.0,14.52,4.302665840305674,26.0,15.0,-0.010056861269059091,0,,0,0,0.0
1781568601.0,1781569201.0,14.12,4.166405325137406,26.0,7.0,-0.008489412470590194,0,,0,0,0.01
1781568661.0,1781569261.0,13.683333333333334,4.094678117860901,26.0,18.0,-0.007120742002061133,0,,0,0,0.0
1781568721.0,1781569321.0,13.355,4.069272047922086,26.0,8.0,-0.005339209275581331,0,,0,0,0.0
1781568781.0,1781569381.0,13.061666666666667,3.765793040280124,26.0,16.0,-0.0017783660510168166,0,,0,0,0.0
1781568841.0,1781569441.0,12.855,3.696030528373199,25.0,8.0,-0.0017238103439176267,0,,0,0,0.0
1781568901.0,1781569501.0,12.665,3.6509507894063247,25.0,6.0,-0.0011223642287895319,0,,0,0,0.0
1781568961.0,1781569561.0,12.771666666666667,3.634033189477254,25.0,14.0,0.00034147317075881693,0,,0,0,0.0
1781569021.0,1781569621.0,12.655,3.6192966627969767,25.0,10.0,0.0009163081008558218,0,,0,0,0.0
1781569081.0,1781569681.0,12.63,3.7004188952063255,25.0,12.0,-9.583359953776587e-05,0,,0,0,0.0
1781569141.0,1781569741.0,12.54,3.6375449596305107,25.0,15.0,-0.002151172642146232,0,,0,0,0.0
1781569201.0,1781569801.0,12.31,3.6236123780927048,25.0,14.0,-0.0031067308520301416,0,,0,0,0.0
1781569261.0,1781569861.0,12.203333333333333,3.5863615111821745,25.0,11.0,-0.00397884438567883,0,,0,0,0.0
1781569321.0,1781569921.0,12.065,3.513892665786288,25.0,12.0,-0.004011094475262431,0,,0,0,0.0
1781569381.0,1781569981.0,11.793333333333333,3.4757189504075585,25.0,4.0,-0.0034627318409217772,0,,0,0,0.0
1781569441.0,1781570041.0,11.825,3.468579199999139,23.0,6.0,-0.0028679801888338583,0,,0,0,0.0
1781569501.0,1781570101.0,11.765,3.428766785108994,23.0,9.0,-0.0028021466726296513,0,,0,0,0.0
1781569561.0,1781570161.0,12.266666666666667,4.259368758656876,32.0,16.0,0.006314628651746251,0,,0,0,0.005
1781569621.0,1781570221.0,13.063333333333333,5.012250547963016,32.0,18.0,0.013775871599643327,0,,0,0,0.01
1781569681.0,1781570281.0,13.6,5.170106381884226,32.0,15.0,0.016472879091330803,0,,0,0,0.005
1781569741.0,1781570341.0,14.056666666666667,5.154621443153922,32.0,16.0,0.015627154519873673,0,,0,0,0.015
1781569801.0,1781570401.0,14.431666666666667,5.064780076392481,32.0,10.0,0.012422173394926093,0,,0,0,0.035
1781569861.0,1781570461.0,14.668333333333333,4.997499096770526,32.0,18.0,0.00831599532220923,0,,0,0,0.005
1781569921.0,1781570521.0,14.716666666666667,4.9829431285358075,32.0,12.0,0.0022053950149861406,0,,0,0,0.005
1781569981.0,1781570581.0,14.798333333333334,4.946479949306263,32.0,6.0,-0.004831874532984822,0,,0,0,0.025
1781570041.0,1781570641.0,14.715,4.9612271667401,32.0,9.0,-0.010716057544604302,0,,0,0,0.01
1781570101.0,1781570701.0,14.753333333333334,4.961097548818093,32.0,19.0,-0.01683671343531511,0,,0,0,0.06
1781570161.0,1781570761.0,14.263333333333334,4.667332095414777,30.0,18.0,-0.012769257692382458,0,,0,0,0.005
1781570221.0,1781570821.0,14.845,5.753924023365851,40.0,22.0,0.0047265964627679485,0,,0,0,0.045
1781570281.0,1781570881.0,16.198333333333334,7.68888790542704,49.0,41.0,0.022357312103644736,0,,0,0,0.0
1781570341.0,1781570941.0,18.12,9.633566317828512,49.0,26.0,0.038534107039186236,0,,0,0,0.195
1781570401.0,1781571001.0,19.373333333333335,10.042275085302578,49.0,19.0,0.042439840110666954,0,,0,0,0.045
1781570461.0,1781571061.0,20.085,9.88927575710173,49.0,28.0,0.03747396520545891,0,,0,0,0.12
1781570521.0,1781571121.0,20.776666666666667,9.604692718781909,49.0,14.0,0.027289298025827854,0,,0,0,0.01
1781570581.0,1781571181.0,21.341666666666665,9.213301827008358,49.0,19.0,0.014075900210833913,0,,0,0,0.0
1781570641.0,1781571241.0,21.846666666666668,8.830429711451696,49.0,20.0,-0.001188947747077096,0,,0,0,0.0
1781570701.0,1781571301.0,22.341666666666665,8.409613381257323,49.0,15.0,-0.016594407206686663,0,,0,0,0.0
1781570761.0,1781571361.0,22.44333333333333,8.257731057755649,49.0,16.0,-0.03231670087972471,0,,0,0,0.0
1781570821.0,1781571421.0,21.311666666666667,8.331938383246856,49.0,10.0,-0.03498240272889641,0,,0,0,0.0
1781570881.0,1781571481.0,19.688333333333333,7.680789709109055,46.0,10.0,-0.030583279397998323,0,,0,0,0.0
1781570941.0,1781571541.0,17.655,5.641156057641613,42.0,13.0,-0.01840807891133031,0,,0,0,0.065
1781571001.0,1781571601.0,16.433333333333334,4.389254555793678,32.0,16.0,-0.010361917671993537,0,,0,0,0.0
1781571061.0,1781571661.0,15.813333333333333,4.103878923923344,30.0,18.0,-0.007193186647740706,0,,0,0,0.0
1781571121.0,1781571721.0,15.266666666666667,3.85645202514205,27.0,27.0,-0.006098350273195212,0,,0,0,0.0
1781571181.0,1781571781.0,14.985,3.7781973214748854,27.0,10.0,-0.00456315156430989,0,,0,0,0.0
1781571241.0,1781571841.0,14.783333333333333,3.7832599111818306,27.0,11.0,-0.0034100094722485388,0,,0,0,0.0
1781571301.0,1781571901.0,14.773333333333333,3.7875175100438665,29.0,17.0,0.0006263906288628555,0,,0,0,0.0
1781571361.0,1781571961.0,14.866666666666667,3.8295633635645143,29.0,14.0,0.0021404503901399697,0,,0,0,0.0
1781571421.0,1781572021.0,14.84,3.8193891309126036,29.0,11.0,0.0019396164989347172,0,,0,0,0.0
1781571481.0,1781572081.0,14.926666666666666,3.8971727643967182,29.0,16.0,0.0024445067902966176,0,,0,0,0.0
1781571541.0,1781572141.0,14.971666666666666,3.9277895253635418,29.0,23.0,0.0021482559673776744,0,,0,0,0.0
1781571601.0,1781572201.0,14.93,3.9968862880997755,29.0,10.0,0.001589337748160385,0,,0,0,0.0
1781571661.0,1781572261.0,14.8330550918197,3.9566316573684364,29.0,7.0,5.243110866905958e-05,0,,0,0,0.0
1781571721.0,1781572321.0,14.924874791318866,3.9747994490854084,29.0,14.0,-0.0021810220082694558,0,,0,0,0.0
1781571781.0,1781572381.0,14.929883138564273,4.0260120601177025,29.0,16.0,-0.0029695708139537724,0,,0,0,0.0
1781571841.0,1781572441.0,14.803005008347245,3.9421430472078733,29.0,8.0,-0.00505780662003117,0,,0,0,0.0
1781571901.0,1781572501.0,14.407345575959933,3.852152376138732,28.0,12.0,-0.0046722282947814905,0,,0,0,0.0
1781571961.0,1781572561.0,14.120200333889816,3.7748277887418458,28.0,15.0,-0.003888317485544364,0,,0,0,0.0
1781572021.0,1781572621.0,13.901502504173623,3.758837921100826,28.0,13.0,-0.004865908667202889,0,,0,0,0.0
1781572081.0,1781572681.0,13.60601001669449,3.594890262567088,26.0,10.0,-0.004177762340774113,0,,0,0,0.0
1781572141.0,1781572741.0,13.434056761268781,3.549587961243935,27.0,15.0,-0.0029064807972922556,0,,0,0,0.0
1781572201.0,1781572801.0,13.22704507512521,3.429013464326999,27.0,14.0,-0.002861158424509084,0,,0,0,0.0
1781572261.0,1781572861.0,13.148333333333333,3.459238435776805,27.0,14.0,-0.0027805355014875062,0,,0,0,0.0
1781572321.0,1781572921.0,13.041666666666666,3.3877126829502857,27.0,12.0,-0.0015764210456140108,0,,0,0,0.0
1781572381.0,1781572981.0,13.068333333333333,3.346689491954035,27.0,18.0,0.0016769213247814548,0,,0,0,0.0
1781572441.0,1781573041.0,13.206666666666667,3.4152533662314943,27.0,13.0,0.0031272309089747444,0,,0,0,0.0
1781572501.0,1781573101.0,13.438333333333333,3.47316338355812,27.0,14.0,0.004367039908444199,0,,0,0,0.0
1781572561.0,1781573161.0,13.591666666666667,3.534816905520788,27.0,14.0,0.005218820052277923,0,,0,0,0.005
1781572621.0,1781573221.0,13.941666666666666,3.683964877984347,27.0,13.0,0.006063822399506649,0,,0,0,0.0
1781572681.0,1781573281.0,14.188333333333333,3.697232824093657,27.0,14.0,0.0056250434028983195,0,,0,0,0.0
1781572741.0,1781573341.0,14.516666666666667,3.844440430312612,29.0,11.0,0.006820685613015591,0,,0,0,0.0
1781572801.0,1781573401.0,15.031666666666666,4.011732446490197,29.0,7.0,0.0071583254397928845,0,,0,0,0.0
1781572861.0,1781573461.0,15.565,4.069288430835708,29.0,17.0,0.007476492990258285,0,,0,0,0.0
1781572921.0,1781573521.0,16.176666666666666,4.242497953905092,31.0,23.0,0.008246578462717931,0,,0,0,0.0
1781572981.0,1781573581.0,16.598333333333333,4.3700111238098955,31.0,25.0,0.009217886716351967,0,,0,0,0.0
1781573041.0,1781573641.0,17.03,4.445120920739952,31.0,13.0,0.009044858457940144,0,,0,0,0.0
1781573101.0,1781573701.0,17.266666666666666,4.480575359879081,31.0,18.0,0.007321520337556497,0,,0,0,0.005
1781573161.0,1781573761.0,17.501666666666665,4.515159342580159,31.0,10.0,0.004232428423412291,0,,0,0,0.0
1781573221.0,1781573821.0,17.488333333333333,4.508495376015767,31.0,16.0,0.0010348639857332984,0,,0,0,0.015
1781573281.0,1781573881.0,17.466666666666665,4.549969474867081,31.0,13.0,-0.003955344320400909,0,,0,0,0.0
1781573341.0,1781573941.0,17.27166666666667,4.586341739944327,31.0,10.0,-0.0075254931263698055,0,,0,0,0.0
1781573401.0,1781574001.0,16.798333333333332,4.666297306811424,31.0,19.0,-0.011293392481645792,0,,0,0,0.0
1781573461.0,1781574061.0,16.216666666666665,4.819376400416229,31.0,11.0,-0.013752038200106101,0,,0,0,0.005
1781573521.0,1781574121.0,15.485,4.768624015373827,31.0,13.0,-0.01414773374370486,0,,0,0,0.02
1781573581.0,1781574181.0,14.8,4.657968083474453,31.0,9.0,-0.013193981094391918,0,,0,0,0.005
1781573641.0,1781574241.0,13.903333333333334,4.507104268695022,31.0,11.0,-0.013104314178650493,0,,0,0,0.0
1781573701.0,1781574301.0,13.255,4.280183991372334,28.0,8.0,-0.01182450506806962,0,,0,0,0.015
1781573761.0,1781574361.0,12.518333333333333,4.0999590106352155,28.0,14.0,-0.010761279892444173,0,,0,0,0.0
1781573821.0,1781574421.0,11.898333333333333,3.9202037220305552,26.0,9.0,-0.009867999633332313,0,,0,0,0.0
1781573881.0,1781574481.0,11.371666666666666,3.7621178285050507,23.0,12.0,-0.008698329717582578,0,,0,0,0.0
1781573941.0,1781574541.0,10.803333333333333,3.5333632074208783,22.0,13.0,-0.007246020127833683,0,,0,0,0.0
1781574001.0,1781574601.0,10.418333333333333,3.4904627996235047,22.0,9.0,-0.00676176878269107,0,,0,0,0.0
1781574061.0,1781574661.0,10.03,3.4349818049008647,21.0,7.0,-0.00642035116764214,0,,0,0,0.0
1781574121.0,1781574721.0,9.701666666666666,3.2978776845453535,21.0,9.0,-0.0054925430348417665,0,,0,0,0.0
1781574181.0,1781574781.0,9.195,3.179671104585085,20.0,8.0,-0.0051444865124625205,0,,0,0,0.0
1781574241.0,1781574841.0,8.933333333333334,3.1862552035614193,20.0,9.0,-0.0060412390034416796,0,,0,0,0.0
1781574301.0,1781574901.0,8.505,3.127295157160577,20.0,10.0,-0.005710154750429851,0,,0,0,0.0
1781574361.0,1781574961.0,8.22,3.0246101677185884,17.0,7.0,-0.005832793979983267,0,,0,0,0.0
1781574421.0,1781575021.0,8.003333333333334,2.9816084399010023,17.0,11.0,-0.004996736102044727,0,,0,0,0.0
1781574481.0,1781575081.0,7.733333333333333,2.9061238025169462,17.0,4.0,-0.004208789468859637,0,,0,0,0.0
1781574541.0,1781575141.0,7.531666666666666,2.8364879497168483,17.0,6.0,-0.003593815538376493,0,,0,0,0.0
1781574601.0,1781575201.0,7.348333333333334,2.726474626489102,17.0,7.0,-0.002419256720157551,0,,0,0,0.0
1781574661.0,1781575261.0,7.118333333333333,2.6678950295858512,17.0,7.0,-0.0023579787721632597,0,,0,0,0.0
1781574721.0,1781575321.0,6.846666666666667,2.631822351316458,17.0,7.0,-0.0016157267103519804,0,,0,0,0.0
1781574781.0,1781575381.0,6.77,2.5840085139178623,15.0,10.0,-0.0017910049750138202,0,,0,0,0.5
1781574841.0,1781575441.0,6.766666666666667,2.555821242227676,15.0,7.0,-0.0007652799035552865,0,,0,0,0.01
1781574901.0,1781575501.0,6.821666666666666,2.677037645524537,16.0,8.0,-0.0003568621023947251,0,,0,0,0.0
1781574961.0,1781575561.0,6.886666666666667,2.659039091267537,16.0,4.0,0.000231889533026477,0,,0,0,0.0
1781575021.0,1781575621.0,6.9383333333333335,2.729688118123062,17.0,14.0,0.0018155883766343781,0,,0,0,0.0
1781575081.0,1781575681.0,6.976666666666667,2.7379047138682933,17.0,9.0,0.002112839202331114,0,,0,0,0.0
1781575141.0,1781575741.0,7.048333333333333,2.762124283147946,17.0,5.0,0.0026469240192333833,0,,0,0,0.0
1781575201.0,1781575801.0,7.045,2.77482281716629,17.0,8.0,0.002751202086672458,0,,0,0,0.0
1781575261.0,1781575861.0,7.178333333333334,2.8082967356665773,19.0,9.0,0.002217867271853528,0,,0,0,0.0
1781575321.0,1781575921.0,7.285,2.730770648248097,19.0,6.0,0.0007508076411323351,0,,0,0,0.0
1781575381.0,1781575981.0,7.31,2.7423651592497063,19.0,9.0,-0.0009492248589579284,0,,0,0,0.0
1781575441.0,1781576041.0,7.25,2.8108421039491587,19.0,5.0,-0.0015710043639010113,0,,0,0,0.0
1781575501.0,1781576101.0,7.128333333333333,2.7273669638601175,19.0,4.0,-0.00263686843574564,0,,0,0,0.0
1781575561.0,1781576161.0,6.925,2.769965402912703,19.0,7.0,-0.0037297603604454495,0,,0,0,0.0
1781575621.0,1781576221.0,6.793333333333333,2.6553007781082396,19.0,7.0,-0.002894452484590219,0,,0,0,0.0
1781575681.0,1781576281.0,6.671666666666667,2.5898257127116144,19.0,5.0,-0.0030373139925388712,0,,0,0,0.0
1781575741.0,1781576341.0,6.523333333333333,2.570237775425111,19.0,6.0,-0.0024363956566545966,0,,0,0,0.0
1781575801.0,1781576401.0,6.3116666666666665,2.5789915126309007,19.0,8.0,-0.0032704813068925235,0,,0,0,0.0
1781575861.0,1781576461.0,6.115,2.4600355688485482,15.0,3.0,-0.002727146464295737,0,,0,0,0.0
1781575921.0,1781576521.0,5.993333333333333,2.4752014508363196,15.0,5.0,-0.0019171164364345473,0,,0,0,0.015
1781575981.0,1781576581.0,5.875,2.4384506693116976,15.0,4.0,-0.001804921680338009,0,,0,0,0.0
1781576041.0,1781576641.0,5.761666666666667,2.3476649155183016,14.0,6.0,-0.0012543645954572098,0,,0,0,0.0
1781576101.0,1781576701.0,5.666666666666667,2.408088222820935,14.0,6.0,-0.0014934485929127593,0,,0,0,0.0
1781576161.0,1781576761.0,5.668333333333333,2.3947854230018653,14.0,3.0,-0.0018516440323445293,0,,0,0,0.0
1781576221.0,1781576821.0,5.548333333333333,2.3468412577097943,14.0,5.0,-0.0010203083897455262,0,,0,0,0.0
1781576281.0,1781576881.0,5.468333333333334,2.370442410652961,14.0,7.0,-0.000717251992366645,0,,0,0,0.0
1781576341.0,1781576941.0,5.43,2.37383655713699,15.0,5.0,0.0003955010986141635,0,,0,0,0.0
1781576401.0,1781577001.0,5.548333333333333,2.393950129435077,15.0,10.0,0.0004941958172106059,0,,0,0,0.0
1781576461.0,1781577061.0,5.651666666666666,2.4097711970687636,15.0,4.0,0.00137980938835941,0,,0,0,0.0
1781576521.0,1781577121.0,5.715,2.4678820204107543,15.0,7.0,0.002324034233428425,0,,0,0,0.0
1781576581.0,1781577181.0,5.793333333333333,2.5007909859793473,15.0,3.0,0.002417284492456915,0,,0,0,0.0
1781576641.0,1781577241.0,5.868333333333333,2.5214408358890537,15.0,4.0,0.0025723682565784844,0,,0,0,0.0
1781576701.0,1781577301.0,6.108333333333333,2.5664366780075096,15.0,4.0,0.003126147572632146,0,,0,0,0.01
1781576761.0,1781577361.0,6.205,2.5947976799742984,15.0,11.0,0.002760479890221917,0,,0,0,0.025
1781576821.0,1781577421.0,6.321666666666666,2.6105294269341015,15.0,10.0,0.0023134230928419227,0,,0,0,0.03
1781576881.0,1781577481.0,6.6066666666666665,2.6686992253822,15.0,6.0,0.0027911188642190748,0,,0,0,0.0
1781576941.0,1781577541.0,6.831666666666667,2.7300788551900026,15.0,5.0,0.003162481006891685,0,,0,0,0.005
1781577001.0,1781577601.0,7.041666666666667,2.8148292823702272,20.0,9.0,0.003613537815382829,0,,0,0,0.01
1781577061.0,1781577661.0,7.218333333333334,2.8752966030577705,20.0,6.0,0.0042304839735665895,0,,0,0,0.0
1781577121.0,1781577721.0,7.445,2.891996138771051,20.0,9.0,0.004755318764774345,0,,0,0,0.005
1781577181.0,1781577781.0,7.633333333333334,2.871507540570903,20.0,10.0,0.003951899866388519,0,,0,0,0.0
1781577241.0,1781577841.0,7.868333333333333,2.8637383299146277,20.0,12.0,0.0033587593298870285,0,,0,0,0.0
1781577301.0,1781577901.0,7.865,2.8402068586636435,20.0,6.0,0.002616257267381299,0,,0,0,0.0
1781577361.0,1781577961.0,7.97,2.7974571787011624,20.0,6.0,0.0006826685629682293,0,,0,0,0.0
1781577421.0,1781578021.0,8.048333333333334,2.7879497644127107,20.0,9.0,-0.0013828093966927702,0,,0,0,0.0
1781577481.0,1781578081.0,7.991666666666666,2.786562498053032,20.0,12.0,-0.001809032802868901,0,,0,0,0.0
1781577541.0,1781578141.0,7.876666666666667,2.769739257683935,20.0,6.0,-0.00280850780141057,0,,0,0,0.0
1781577601.0,1781578201.0,7.695,2.771036208111808,17.0,7.0,-0.0036794824430067875,0,,0,0,0.0
1781577661.0,1781578261.0,7.638333333333334,2.7617984277560077,17.0,6.0,-0.002976036044544562,0,,0,0,0.0
1781577721.0,1781578321.0,7.475,2.7115877882401915,17.0,8.0,-0.0022410340028722275,0,,0,0,0.0
1781577781.0,1781578381.0,7.401666666666666,2.68768746116227,17.0,8.0,-0.001741754838207898,0,,0,0,0.0
1781577841.0,1781578441.0,7.2283333333333335,2.649439668223369,17.0,8.0,-0.0008615301709171447,0,,0,0,0.0
1781577901.0,1781578501.0,7.14,2.652118649935054,17.0,7.0,-0.001168781024391732,0,,0,0,0.0
1781577961.0,1781578561.0,7.03,2.6316851382083435,17.0,4.0,-0.0014297261936838733,0,,0,0,0.0
1781578021.0,1781578621.0,6.906666666666666,2.5835290248460967,17.0,6.0,-0.001820560612668365,0,,0,0,0.0
1781578081.0,1781578681.0,6.733333333333333,2.543401047591372,17.0,8.0,-0.002060394612207269,0,,0,0,0.0
1781578141.0,1781578741.0,6.588333333333333,2.5440513403275142,17.0,6.0,-0.0030219250609029545,0,,0,0,0.0
1781578201.0,1781578801.0,6.531666666666666,2.5499667753826825,17.0,8.0,-0.003917983105508627,0,,0,0,0.0
1781578261.0,1781578861.0,6.3566666666666665,2.48316777971651,15.0,10.0,-0.003030008416690052,0,,0,0,0.265
1781578321.0,1781578921.0,6.158333333333333,2.4569487626367428,15.0,8.0,-0.0033437592882202423,0,,0,0,0.015
1781578381.0,1781578981.0,5.96,2.4375670930937128,15.0,4.0,-0.002777729938138713,0,,0,0,0.0
1781578441.0,1781579041.0,5.761666666666667,2.40170714747286,15.0,2.0,-0.002647646243461789,0,,0,0,0.0
1781578501.0,1781579101.0,5.615,2.3466518702185035,15.0,3.0,-0.0023484787457742923,0,,0,0,0.0
1781578561.0,1781579161.0,5.56,2.342306555513176,12.0,4.0,-0.0012720590890530272,0,,0,0,0.0
1781578621.0,1781579221.0,5.475,2.3400943713163933,12.0,7.0,-0.0008436967880466404,0,,0,0,0.0
1781578681.0,1781579281.0,5.381666666666667,2.3365210368313734,12.0,7.0,-0.001014808374467713,0,,0,0,0.0
1781578741.0,1781579341.0,5.328333333333333,2.347451928273624,12.0,7.0,-0.0014428095633598963,0,,0,0,0.0
1781578801.0,1781579401.0,5.208333333333333,2.3147924072989543,12.0,2.0,-0.0014780874391317773,0,,0,0,0.0
1781578861.0,1781579461.0,5.098333333333334,2.256545417717583,12.0,3.0,-0.0009004747235408926,0,,0,0,0.0
1781578921.0,1781579521.0,5.035,2.3022688085162137,12.0,9.0,-0.0014414206706129737,0,,0,0,0.0
1781578981.0,1781579581.0,4.941666666666666,2.267509034650628,12.0,8.0,-0.0016751990977752725,0,,0,0,0.0
1781579041.0,1781579641.0,4.878333333333333,2.2657295857086646,12.0,4.0,-0.002307423076175212,0,,0,0,0.0
1781579101.0,1781579701.0,4.791666666666667,2.2799701508767365,12.0,6.0,-0.002581534948708195,0,,0,0,0.0
1781579161.0,1781579761.0,4.613333333333333,2.2046516479681975,11.0,4.0,-0.0020492279145219866,0,,0,0,0.0
1781579221.0,1781579821.0,4.525,2.1899866818468707,11.0,10.0,-0.001454976263822968,0,,0,0,0.0
1781579281.0,1781579881.0,4.453333333333333,2.21084197133631,11.0,4.0,-0.0013602260006277819,0,,0,0,0.0
1781579341.0,1781579941.0,4.35,2.170445422795361,11.0,4.0,-0.0013700038055661243,0,,0,0,0.0
1781579401.0,1781580001.0,4.285,2.111975773219633,11.0,3.0,-0.0013424759513220902,0,,0,0,0.01
1781579461.0,1781580061.0,4.158333333333333,2.0983955511030064,11.0,4.0,-0.0012590312750868785,0,,0,0,0.045
1781579521.0,1781580121.0,4.141666666666667,2.0277073808176125,11.0,4.0,-0.0007411965033236207,0,,0,0,0.0
1781579581.0,1781580181.0,4.12,2.030336589501028,10.0,5.0,-0.0003701121392003911,0,,0,0,0.0
1781579641.0,1781580241.0,4.088333333333333,2.028266227320489,10.0,3.0,-0.0003278064661290741,0,,0,0,0.0
1781579701.0,1781580301.0,4.09,2.0154155898970316,10.0,3.0,-5.166681018557767e-06,0,,0,0,0.0
1781579761.0,1781580361.0,4.0616666666666665,2.014414031148733,10.0,2.0,-0.00034380651057363984,0,,0,0,0.0
1781579821.0,1781580421.0,3.9816666666666665,1.9911463755557723,10.0,8.0,-0.0003748621523948715,0,,0,0,0.0
1781579881.0,1781580481.0,3.99,1.9321576885268277,10.0,6.0,3.611121142002912e-05,0,,0,0,0.0
1781579941.0,1781580541.0,3.995,1.9642577054280157,11.0,4.0,-0.00012825035625099198,0,,0,0,0.0
1781580001.0,1781580601.0,3.94,1.9688575367456123,11.0,5.0,-0.0005831127308686987,0,,0,0,0.0
1781580061.0,1781580661.0,3.953333333333333,1.9607368229542914,11.0,2.0,-0.001102614173928255,0,,0,0,0.0
1781580121.0,1781580721.0,3.8983333333333334,1.9919832384390743,11.0,2.0,-0.0008883635787877199,0,,0,0,0.0
1781580181.0,1781580781.0,3.8833333333333333,1.99909701837827,11.0,7.0,-0.00039861221836727745,0,,0,0,0.0
1781580241.0,1781580841.0,3.8766666666666665,1.965058664660054,11.0,4.0,-0.0002721674226872909,0,,0,0,0.0
1781580301.0,1781580901.0,3.8183333333333334,1.919721478640992,11.0,4.0,2.0861169058804986e-05,0,,0,0,0.0
1781580361.0,1781580961.0,3.8216666666666668,1.9407551508512235,11.0,4.0,1.163892121922492e-05,0,,0,0,0.0
1781580421.0,1781581021.0,3.87,1.9789980629938304,11.0,4.0,3.4777874382980045e-05,0,,0,0,0.0
1781580481.0,1781581081.0,3.8766666666666665,1.9920146139579955,11.0,5.0,0.0008936135933710925,0,,0,0,0.0
1781580541.0,1781581141.0,3.94,1.9646204043868967,10.0,8.0,0.0014991708310300865,0,,0,0,0.0
1781580601.0,1781581201.0,4.045,1.964597074890082,10.0,3.0,0.0014347539854277325,0,,0,0,0.0
1781580661.0,1781581261.0,4.18,2.025076130256177,11.0,7.0,0.0021378392717757554,0,,0,0,0.0
1781580721.0,1781581321.0,4.31,2.013429909383488,11.0,4.0,0.0024832291200808905,0,,0,0,0.0
1781580781.0,1781581381.0,4.428333333333334,2.026046368889145,14.0,8.0,0.0030184250511806916,0,,0,0,0.02
1781580841.0,1781581441.0,4.498333333333333,2.0273128081828475,14.0,4.0,0.0025829238414551165,0,,0,0,0.0
1781580901.0,1781581501.0,4.62,2.02622802270623,14.0,5.0,0.0020255056264045176,0,,0,0,0.0
1781580961.0,1781581561.0,4.695,1.9787138078391562,14.0,1.0,0.0010860307945299848,0,,0,0,0.0
1781581021.0,1781581621.0,4.703333333333333,1.9728124312485689,14.0,3.0,-6.683351898200246e-05,0,,0,0,0.0
1781581081.0,1781581681.0,4.715,1.9967744823422933,14.0,5.0,-0.0007382520507001417,0,,0,0,0.0
1781581141.0,1781581741.0,4.715,2.0462424913321815,14.0,2.0,-0.0010455862377395481,0,,0,0,0.0
1781581201.0,1781581801.0,4.723333333333334,2.0551047553727173,14.0,4.0,-0.0013901705282514671,0,,0,0,0.0
1781581261.0,1781581861.0,4.62,2.0401633921494295,14.0,3.0,-0.001549059858499603,0,,0,0,0.0
1781581321.0,1781581921.0,4.498333333333333,2.0607435281686293,14.0,2.0,-0.0017487548576523777,0,,0,0,0.0
1781581381.0,1781581981.0,4.38,2.031157305577291,12.0,6.0,-0.0013474481873560706,0,,0,0,0.0
1781581441.0,1781582041.0,4.305,2.027800532596833,12.0,4.0,-0.0015915877544104362,0,,0,0,0.0
1781581501.0,1781582101.0,4.241666666666666,2.030582155168534,12.0,0.0,-0.000999586109961412,0,,0,0,0.005
1781581561.0,1781582161.0,4.168333333333333,2.0502025645178463,12.0,0.0,-0.0010054750152083808,0,,0,0,0.0
1781581621.0,1781582221.0,4.141666666666667,2.0277073808176125,12.0,4.0,-0.0011976422156728236,0,,0,0,0.27
1781581681.0,1781582281.0,4.1,2.039607805437114,12.0,5.0,-0.0009833916205322787,0,,0,0,0.045
1781581741.0,1781582341.0,4.0,1.98158185969358,12.0,6.0,-0.0009876138544829259,0,,0,0,0.005
1781581801.0,1781582401.0,3.9833333333333334,1.9932525067225062,11.0,7.0,4.066677962994656e-05,0,,0,0,0.0
1781581861.0,1781582461.0,4.028333333333333,1.99938254357578,11.0,3.0,0.0006625296181378255,0,,0,0,0.0
1781581921.0,1781582521.0,4.088333333333333,1.9992991827693578,11.0,2.0,0.0008306411962255409,0,,0,0,0.0
1781581981.0,1781582581.0,4.153333333333333,2.014900052663214,12.0,3.0,0.0013230592307200873,0,,0,0,0.0
1781582041.0,1781582641.0,4.151666666666666,2.0195702238072557,12.0,3.0,0.0006981963838788389,0,,0,0,0.0
1781582101.0,1781582701.0,4.116666666666666,2.0157022487350544,12.0,4.0,0.0006305573071036276,0,,0,0,0.0
1781582161.0,1781582761.0,4.135,2.0339063400265016,12.0,1.0,0.000223250620140612,0,,0,0,0.01
1781582221.0,1781582821.0,4.183333333333334,2.0807984578575174,13.0,7.0,0.00024800068889080335,0,,0,0,0.02
1781582281.0,1781582881.0,4.196666666666666,2.0707459740124787,13.0,2.0,1.0500029166752482e-05,0,,0,0,0.0
1781582341.0,1781582941.0,4.198333333333333,2.10689278849737,13.0,3.0,-0.0012779202164450454,0,,0,0,0.0
1781582401.0,1781583001.0,4.13,2.082410462260823,13.0,1.0,-0.0014736152044866834,0,,0,0,0.01
1781582461.0,1781583061.0,4.038333333333333,2.0616006456688503,13.0,2.0,-0.0014985874960763768,0,,0,0,0.08
1781582521.0,1781583121.0,3.9316666666666666,2.076936178337912,13.0,0.0,-0.0016321989783305024,0,,0,0,0.015
1781582581.0,1781583181.0,3.79,2.0435018962555427,13.0,2.0,-0.0013547815410598354,0,,0,0,0.05
1781582641.0,1781583241.0,3.7683333333333335,2.0464596800871067,13.0,6.0,-0.0014616429490081977,0,,0,0,0.06
1781582701.0,1781583301.0,3.7783333333333333,2.031222264767913,13.0,1.0,-0.0010579196053322397,0,,0,0,0.0
1781582761.0,1781583361.0,3.8033333333333332,2.0537743032984146,13.0,1.0,-0.0003394453873482933,0,,0,0,0.0
1781582821.0,1781583421.0,3.785,2.02618895137316,11.0,2.0,0.000673307425853954,0,,0,0,0.0
1781582881.0,1781583481.0,3.7783333333333333,2.009775415866714,11.0,8.0,0.0013510870863530158,0,,0,0,0.0
1781582941.0,1781583541.0,3.825,1.9751054824152219,11.0,2.0,0.0013441981783282697,0,,0,0,0.005
1781583001.0,1781583601.0,3.8366666666666664,1.9798961813410543,11.0,2.0,0.001274281317448103,0,,0,0,0.015
1781583061.0,1781583661.0,3.8733333333333335,1.9959848585486704,11.0,7.0,0.001173892149700415,0,,0,0,0.0
1781583121.0,1781583721.0,3.935,1.9487025598245276,11.0,4.0,0.0007563632121200322,0,,0,0,0.0
1781583181.0,1781583781.0,3.986666666666667,1.9688801103390956,11.0,3.0,-8.866691296364538e-05,0,,0,0,0.0
1781583241.0,1781583841.0,4.025,1.9691897656989115,11.0,6.0,-0.000480251334031489,0,,0,0,0.0
1781583301.0,1781583901.0,3.9966666666666666,1.9908094389524635,11.0,6.0,-0.0007596687768577136,0,,0,0,0.005
1781583361.0,1781583961.0,3.905,1.955157708898867,11.0,8.0,-0.0010525862571840496,0,,0,0,0.005
1781583421.0,1781584021.0,3.79,1.9474513258786899,11.0,3.0,-0.0014580040500112557,0,,0,1,0.675
1781583481.0,1781584081.0,3.7583333333333333,1.9364737425422416,11.0,4.0,-0.0011551976533268136,0,,0,0,0.01
1781583541.0,1781584141.0,3.691666666666667,1.9321655956177484,11.0,2.0,-0.0012073089091914142,0,,0,1,0.54
1781583601.0,1781584201.0,3.6466666666666665,1.9135888331149462,11.0,5.0,-0.0013271147975411075,0,,0,0,0.415
1781583661.0,1781584261.0,3.535,1.90843085631451,11.0,3.0,-0.0016826435628987811,0,,0,0,0.415
1781583721.0,1781584321.0,3.486666666666667,1.9156780058825706,11.0,3.0,-0.0011958922108117,0,,0,0,0.39
1781583781.0,1781584381.0,3.43,1.9057194616906934,11.0,3.0,-0.0010798363328787019,0,,0,0,0.005
1781583841.0,1781584441.0,3.3766666666666665,1.872108140276327,11.0,3.0,-0.0004275567432131739,0,,0,0,0.055
1781583901.0,1781584501.0,3.35,1.8648056198971517,11.0,2.0,3.866677407437147e-05,0,,0,0,0.105
1781583961.0,1781584561.0,3.3783333333333334,1.845317648054725,11.0,1.0,0.0002928619246164541,0,,0,0,0.24
1781584021.0,1781584621.0,3.43,1.8632677388573726,11.0,6.0,0.0001458892941369276,0,,0,0,0.045
1781584081.0,1781584681.0,3.368333333333333,1.874210204029657,11.0,4.0,0.0002552507090297439,0,,0,0,0.065
1781584141.0,1781584741.0,3.3716666666666666,1.8868484894718554,11.0,7.0,0.00033191758865996467,0,,0,0,0.02
1781584201.0,1781584801.0,3.39,1.9116920951520062,11.0,5.0,0.0005825016180600493,0,,0,0,0.005
1781584261.0,1781584861.0,3.4483333333333333,1.9193741746262563,11.0,3.0,5.541682060227922e-05,0,,0,0,0.005
1781584321.0,1781584921.0,3.395,1.948240659330019,11.0,2.0,-0.0002506951408198355,0,,0,0,0.0
1781584381.0,1781584981.0,3.3783333333333334,1.9179495706497487,11.0,6.0,-0.0007252520145889296,0,,0,0,0.0
1781584441.0,1781585041.0,3.3266666666666667,1.9570272240200328,11.0,3.0,-0.0009929472026311158,0,,0,0,0.005
1781584501.0,1781585101.0,3.263333333333333,1.9193720037785504,11.0,4.0,-0.0012825035625098971,0,,0,0,0.095
1781584561.0,1781585161.0,3.183333333333333,1.9078056038868902,11.0,0.0,-0.001251003475009651,0,,0,0,0.015
1781584621.0,1781585221.0,3.105,1.8449864498147406,11.0,1.0,-0.0011721421448392907,0,,0,0,0.005
1781584681.0,1781585281.0,3.08,1.7945101467159963,11.0,6.0,-0.0012892258034050124,0,,0,0,0.0
1781584741.0,1781585341.0,3.0316666666666667,1.7561313226015365,11.0,2.0,-0.0011343642621229524,0,,0,0,0.0
1781584801.0,1781585401.0,2.9683333333333333,1.7148364029518643,11.0,2.0,-0.0006097516937547055,0,,0,0,0.0
1781584861.0,1781585461.0,2.93,1.6936449844443,9.0,4.0,4.427790077194785e-05,0,,0,0,0.0
1781584921.0,1781585521.0,2.9466666666666668,1.6483796757893963,9.0,5.0,0.000262445173458814,0,,0,0,0.0
1781584981.0,1781585581.0,2.985,1.667765471121964,9.0,4.0,0.0008673079647443504,0,,0,0,0.0
1781585041.0,1781585641.0,3.013333333333333,1.627827454683764,9.0,2.0,0.0010553918205328339,0,,0,0,0.0
1781585101.0,1781585701.0,3.098333333333333,1.6996069807131555,10.0,9.0,0.0014674207428353985,0,,0,0,0.0
1781585161.0,1781585761.0,3.098333333333333,1.7064575067144865,10.0,4.0,0.0009365303792510524,0,,0,0,0.0
1781585221.0,1781585821.0,3.1966666666666668,1.7789478788192632,10.0,3.0,0.0012065033513981962,0,,0,0,0.0
1781585281.0,1781585881.0,3.2333333333333334,1.815366507225347,10.0,4.0,0.0009295025819516124,0,,0,0,0.095
1781585341.0,1781585941.0,3.275,1.8509569597012965,10.0,2.0,0.0006790852196811595,0,,0,0,0.055
1781585401.0,1781586001.0,3.3333333333333335,1.861600267392427,10.0,6.0,0.0005789460526279252,0,,0,0,0.005
1781585461.0,1781586061.0,3.37,1.8654132696715404,10.0,1.0,0.00035577876605212723,0,,0,0,0.045
1781585521.0,1781586121.0,3.43,1.8907934842282486,10.0,4.0,0.0004894458040161198,0,,0,0,0.0
1781585581.0,1781586181.0,3.4366666666666665,1.9033274956127637,10.0,2.0,0.0005883905233070105,0,,0,0,0.0
1781585641.0,1781586241.0,3.4583333333333335,1.9109152838946633,10.0,1.0,0.00034163983788843997,0,,0,0,0.0
1781585701.0,1781586301.0,3.4516666666666667,1.8755436248962296,10.0,3.0,0.000725252014588928,0,,0,0,0.005
1781585761.0,1781586361.0,3.5566666666666666,1.884176802272606,10.0,4.0,0.0004241678449106839,0,,0,0,0.0
1781585821.0,1781586421.0,3.5716666666666668,1.8810096284235822,10.0,6.0,0.0010400862224617254,0,,0,0,0.0
1781585881.0,1781586481.0,3.7983333333333333,2.0447486941485553,12.0,6.0,0.002541034836207877,0,,0,0,0.005
1781585941.0,1781586541.0,4.248333333333333,2.479246637365651,15.0,5.0,0.005675654654596263,0,,0,0,0.255
1781586001.0,1781586601.0,4.781666666666666,2.9024123108583697,15.0,8.0,0.009014497262492396,0,,0,0,0.005
1781586061.0,1781586661.0,5.2283333333333335,3.039111255321566,15.0,8.0,0.010321000891669145,0,,0,0,0.025
1781586121.0,1781586721.0,5.596666666666667,3.158162264496378,15.0,2.0,0.010649196247767355,0,,0,0,0.0
1781586181.0,1781586781.0,6.03,3.1789568519667997,15.0,9.0,0.010356139878166335,0,,0,0,0.005
1781586241.0,1781586841.0,6.488333333333333,3.210378568884915,15.0,11.0,0.009378776052155703,0,,0,0,0.02
1781586301.0,1781586901.0,6.848333333333334,3.119614915694279,15.0,12.0,0.006878546884852459,0,,0,0,0.015
1781586361.0,1781586961.0,7.12,3.0379159523155566,15.0,7.0,0.003366564907124744,0,,0,0,0.0
1781586421.0,1781587021.0,7.343333333333334,2.908972709088592,15.0,2.0,-0.001025225070069645,0,,0,0,0.0
1781586481.0,1781587081.0,7.405,2.867805490847197,15.0,6.0,-0.00415965044347346,0,,0,0,0.0
1781586541.0,1781587141.0,7.2283333333333335,2.855322028929292,15.0,8.0,-0.00490687474131873,0,,0,0,0.005
1781586601.0,1781587201.0,6.835,2.8262652034089086,15.0,7.0,-0.005178264384067729,0,,0,0,0.005
1781586661.0,1781587261.0,6.55,2.845610655026439,15.0,3.0,-0.005592626646185135,0,,0,0,0.0
1781586721.0,1781587321.0,6.308333333333334,2.7730724035905654,15.0,4.0,-0.006004877791327203,0,,0,0,0.0
1781586781.0,1781587381.0,5.963333333333333,2.7395843155891777,15.0,0.0,-0.006041516781991069,0,,0,0,0.0
1781586841.0,1781587441.0,5.656666666666666,2.605530442901961,14.0,1.0,-0.004701457504048626,0,,0,0,0.0
1781586901.0,1781587501.0,5.366666666666666,2.5269656815151955,14.0,3.0,-0.004194956097100262,0,,0,0,0.0
1781586961.0,1781587561.0,5.123333333333333,2.4422917288663304,14.0,3.0,-0.0038831774532707077,0,,0,0,0.0
1781587021.0,1781587621.0,4.9366666666666665,2.396383849794426,14.0,1.0,-0.0034919541443170637,0,,0,0,0.0
1781587081.0,1781587681.0,4.795,2.350101061656711,14.0,0.0,-0.0023251453476259695,0,,0,0,0.0
1781587141.0,1781587741.0,4.595,2.234794919748417,13.0,3.0,-0.0015628098966941522,0,,0,0,0.0
1781587201.0,1781587801.0,4.506666666666667,2.2619951861624776,13.0,1.0,-0.0016795046652907447,0,,0,0,0.0
1781587261.0,1781587861.0,4.378333333333333,2.2004235703356954,13.0,4.0,-0.0017648104578068247,0,,0,0,0.0
1781587321.0,1781587921.0,4.236666666666666,2.174240608171557,13.0,9.0,-0.001739727054797374,0,,0,0,0.105
1781587381.0,1781587981.0,4.17,2.162814524333205,13.0,3.0,-0.001979894388595527,0,,0,0,0.005
1781587441.0,1781588041.0,4.056666666666667,2.099235310509255,11.0,2.0,-0.0014045594571096053,0,,0,0,0.435
1781587501.0,1781588101.0,3.9383333333333335,2.0979030535804606,11.0,3.0,-0.0019377553826538454,0,,0,0,0.025
1781587561.0,1781588161.0,3.933333333333333,2.0789954839350235,11.0,5.0,-0.001542615396153877,0,,0,0,0.31
1781587621.0,1781588221.0,3.885,2.089284167683595,11.0,4.0,-0.0012092533590371047,0,,0,0,0.255
1781587681.0,1781588281.0,3.825,2.075501947321017,11.0,2.0,-3.091675254653692e-05,0,,0,0,0.0
1781587741.0,1781588341.0,3.7783333333333333,2.0902624768727547,11.0,2.0,-6.083350231528431e-06,0,,0,0,0.03
1781587801.0,1781588401.0,3.725,2.0492376631323173,11.0,3.0,7.091686365795129e-05,0,,0,0,0.0
1781587861.0,1781588461.0,3.7016666666666667,2.08550486826465,11.0,5.0,-6.919463665176694e-05,0,,0,0,0.025
1781587921.0,1781588521.0,3.716666666666667,2.0943707620402097,11.0,7.0,-0.00013194481095780646,0,,0,0,0.025
1781587981.0,1781588581.0,3.7716666666666665,2.108600773551556,11.0,2.0,0.00038163994899986,0,,0,0,0.03
1781588041.0,1781588641.0,3.783333333333333,2.0951663948770807,11.0,0.0,0.000614723929788693,0,,0,0,0.03
1781588101.0,1781588701.0,3.865,2.0912775202413156,11.0,4.0,6.08612801702211e-05,0,,0,0,0.025
1781588161.0,1781588761.0,3.933333333333333,2.1359359124801056,12.0,3.0,0.0011677254659040724,0,,0,0,0.0
1781588221.0,1781588821.0,4.073333333333333,2.206344387342002,12.0,7.0,0.0021882838563440418,0,,0,0,0.005
1781588281.0,1781588881.0,4.193333333333333,2.1945285497244176,12.0,3.0,0.00334862041283448,0,,0,0,0.025
1781588341.0,1781588941.0,4.331666666666667,2.205673870322225,12.0,1.0,0.003430370639918443,0,,0,0,0.0
1781588401.0,1781589001.0,4.451666666666667,2.1888346721993925,12.0,3.0,0.002896869157969883,0,,0,0,0.0
1781588461.0,1781589061.0,4.548333333333333,2.154297384815342,12.0,4.0,0.0019258664607401704,0,,0,0,0.0
1781588521.0,1781589121.0,4.623333333333333,2.1287215777446225,12.0,4.0,0.000985391626087848,0,,0,0,0.0
1781588581.0,1781589181.0,4.63,2.121265345652605,12.0,3.0,0.00038961219336720496,0,,0,0,0.0
1781588641.0,1781589241.0,4.571666666666666,2.1310867076577518,12.0,6.0,-0.0015269764638235106,0,,0,0,0.0
1781588701.0,1781589301.0,4.57,2.1436184361961432,12.0,3.0,-0.0028310634196206125,0,,0,0,0.0
1781588761.0,1781589361.0,4.461666666666667,2.156818000872788,12.0,2.0,-0.003359259331275925,0,,0,0,0.0
1781588821.0,1781589421.0,4.293333333333333,2.0600862980845136,11.0,4.0,-0.0033520648668468526,0,,0,0,0.0
1781588881.0,1781589481.0,4.096666666666667,2.056855744955284,11.0,6.0,-0.003020008388912191,0,,0,0,0.0
1781588941.0,1781589541.0,3.96,2.010406260767543,11.0,5.0,-0.002471784643846235,0,,0,0,0.0
1781589001.0,1781589601.0,3.775,1.9776353725261557,11.0,4.0,-0.0026498684718568675,0,,0,0,0.0
1781589061.0,1781589661.0,3.635,1.9498140937022688,11.0,2.0,-0.0024388123300342515,0,,0,0,0.005
1781589121.0,1781589721.0,3.515,1.9338497873413023,10.0,5.0,-0.0017764216011711183,0,,0,0,0.055
1781589181.0,1781589781.0,3.4516666666666667,1.9002624087799618,10.0,2.0,-0.0006878074661318517,0,,0,0,0.0
1781589241.0,1781589841.0,3.4633333333333334,1.9145031267204091,11.0,4.0,-0.0007419465054069616,0,,0,0,0.0
1781589301.0,1781589901.0,3.42,1.8815596367552814,11.0,2.0,-0.00017616715601988166,0,,0,0,0.005
1781589361.0,1781589961.0,3.4066666666666667,1.8260948009953433,11.0,5.0,0.0003632787868855127,0,,0,0,0.175
1781589421.0,1781590021.0,3.388333333333333,1.849557754948163,11.0,2.0,0.00043075119653110183,0,,0,0,0.25
1781589481.0,1781590081.0,3.381666666666667,1.8228175687349761,11.0,3.0,0.00032186200517224004,0,,0,0,0.335
1781589541.0,1781590141.0,3.3516666666666666,1.841556557794399,11.0,1.0,0.000528084800235552,0,,0,0,0.22
1781589601.0,1781590201.0,3.3783333333333334,1.8713267723433256,11.0,6.0,-0.00019036163989344417,0,,0,0,0.015
1781589661.0,1781590261.0,3.3766666666666665,1.8649724454324308,11.0,5.0,-0.0007567798799441127,0,,0,0,0.035
1781589721.0,1781590321.0,3.3333333333333335,1.8687488387213038,11.0,5.0,-0.001288781357725988,0,,0,0,0.1
1781589781.0,1781590381.0,3.2583333333333333,1.84343806212438,11.0,3.0,-0.0011939199831110603,0,,0,0,0.115
1781589841.0,1781590441.0,3.205,1.7952646044525025,9.0,2.0,-0.0012176422712285363,0,,0,0,0.27
1781589901.0,1781590501.0,3.1633333333333336,1.7953613068745307,9.0,8.0,-0.0009961138780941016,0,,0,0,0.245
1781589961.0,1781590561.0,3.091666666666667,1.7981278844645308,9.0,5.0,-0.000806585573848819,0,,0,0,0.09
1781590021.0,1781590621.0,3.0766666666666667,1.8011446977470251,9.0,5.0,-0.0004031122308673069,0,,0,0,0.045
1781590081.0,1781590681.0,3.1466666666666665,1.829887671112325,9.0,1.0,0.0006660018500051411,0,,0,0,0.005
1781590141.0,1781590741.0,3.1533333333333333,1.8320722935760174,9.0,4.0,0.001092447479020775,0,,0,0,0.01
1781590201.0,1781590801.0,3.165,1.8076988134089151,9.0,3.0,0.0011908644190678328,0,,0,0,0.03
1781590261.0,1781590861.0,3.243333333333333,1.8450263472975725,10.0,5.0,0.0017122269784082724,0,,0,0,0.0
1781590321.0,1781590921.0,3.3516666666666666,1.8550823581597546,10.0,5.0,0.0019120886446906793,0,,0,0,0.06
1781590381.0,1781590981.0,3.41,1.8943512521881118,11.0,4.0,0.0016643935122041982,0,,0,0,0.06
1781590441.0,1781591041.0,3.4516666666666667,1.9159846612700797,11.0,8.0,0.0011394198317217523,0,,0,0,0.015
1781590501.0,1781591101.0,3.466666666666667,1.8944362984510428,11.0,5.0,0.000528723690899148,0,,0,0,0.01
1781590561.0,1781591161.0,3.475,1.8733325919334238,11.0,2.0,-0.0006354184317178659,0,,0,0,0.025
1781590621.0,1781591221.0,3.475,1.8742220608383984,11.0,4.0,-0.0011995866655185104,0,,0,0,0.15
1781590681.0,1781591281.0,3.4166666666666665,1.8483476104047334,11.0,0.0,-0.0006817796716101957,0,,0,0,0.025
1781590741.0,1781591341.0,3.4266666666666667,1.8105125118472825,11.0,3.0,-0.0007013352814868967,0,,0,0,0.005
1781590801.0,1781591401.0,3.4183333333333334,1.8275659282833607,11.0,1.0,-0.001141308725857574,0,,0,0,0.015
1781590861.0,1781591461.0,3.3733333333333335,1.805719308813588,11.0,1.0,-0.0006543907066408441,0,,0,0,0.015
1781590921.0,1781591521.0,3.335,1.77560553051628,11.0,2.0,0.00017875049652916154,0,,0,0,0.0
1781590981.0,1781591581.0,3.275,1.7366754638292863,9.0,4.0,6.236128433689947e-05,0,,0,0,0.0
1781591041.0,1781591641.0,3.2716666666666665,1.7448583196224143,9.0,2.0,0.0002194172761590973,0,,0,0,0.0
1781591101.0,1781591701.0,3.283333333333333,1.7766228887664621,9.0,6.0,0.0002845563459898516,0,,0,0,0.0
1781591161.0,1781591761.0,3.3566666666666665,1.8081635865030454,9.0,5.0,0.0002840563446009544,0,,0,0,0.09
1781591221.0,1781591821.0,3.4066666666666667,1.8095917280486842,9.0,2.0,0.00042350117639215556,0,,0,0,0.025
1781591281.0,1781591881.0,3.5116666666666667,1.8920528240218053,11.0,1.0,0.001415420598390553,0,,0,0,0.055
1781591341.0,1781591941.0,3.5516666666666667,1.9674002868986498,11.0,3.0,0.0017039213997816713,0,,0,0,0.01
1781591401.0,1781592001.0,3.5716666666666668,1.941184489486309,11.0,3.0,0.0010933085925238701,0,,0,0,0.0
1781591461.0,1781592061.0,3.635,1.9845507468106391,11.0,5.0,0.0013865316292545257,0,,0,0,0.0
1781591521.0,1781592121.0,3.62,1.9821537108239948,11.0,3.0,0.0010833363426009492,0,,0,0,0.0
1781591581.0,1781592181.0,3.6883333333333335,1.9961288925206095,11.0,3.0,0.00036208433912316064,0,,0,0,0.0
1781591641.0,1781592241.0,3.6783333333333332,1.992033439032142,11.0,5.0,-0.0004450845696793677,0,,0,0,0.0
1781591701.0,1781592301.0,3.6483333333333334,1.9810764470077598,11.0,5.0,-0.0013934760929891492,0,,0,0,0.425
1781591761.0,1781592361.0,3.6216666666666666,1.9634656152380725,11.0,7.0,-0.001552532090366916,0,,0,0,0.455
1781591821.0,1781592421.0,3.62,1.94908525553228,11.0,3.0,-0.0013949483193008902,0,,0,1,0.645
1781591881.0,1781592481.0,3.54,1.8881384130054308,10.0,3.0,-0.000441390114972549,0,,0,0,0.0
1781591941.0,1781592541.0,3.5483333333333333,1.8323929406349744,10.0,5.0,0.00036813991149975503,0,,0,0,0.0
1781592001.0,1781592601.0,3.691666666666667,1.8929511057840054,10.0,3.0,0.0012856424601179436,0,,0,0,0.0
1781592061.0,1781592661.0,3.745,1.9502072539433684,10.0,2.0,0.0024815346709296396,0,,0,0,0.01
1781592121.0,1781592721.0,3.935,2.0438790733961407,10.0,5.0,0.003541593171092142,0,,0,0,0.01
1781592181.0,1781592781.0,4.025,2.077909606631947,10.0,2.0,0.003737482604118347,0,,0,0,0.02
1781592241.0,1781592841.0,4.131666666666667,2.0706674983900455,10.0,7.0,0.0031123142008727795,0,,0,0,0.01
1781592301.0,1781592901.0,4.19,2.064114014938774,10.0,2.0,0.0014711707532520872,0,,0,0,0.0
1781592361.0,1781592961.0,4.24,2.0693960471596538,10.0,3.0,0.00034527873688537875,0,,0,0,0.0
1781592421.0,1781593021.0,4.221666666666667,2.099808853734602,11.0,3.0,-0.0009561415448376291,0,,0,0,0.0
1781592481.0,1781593081.0,4.215,2.0965308647064242,11.0,3.0,-0.0021105336403712247,0,,0,0,0.0
1781592541.0,1781593141.0,4.221666666666667,2.1021886742683735,11.0,4.0,-0.002587923855344039,0,,0,0,0.0
1781592601.0,1781593201.0,4.156666666666666,2.0949436481416126,11.0,2.0,-0.002023283398009443,0,,0,0,0.0
1781592661.0,1781593261.0,4.076666666666667,2.029972632546776,11.0,2.0,-0.0019165608793357746,0,,0,0,0.025
1781592721.0,1781593321.0,3.955,1.9492669562342317,11.0,6.0,-0.0005166958797107762,0,,0,0,0.005
1781592781.0,1781593381.0,3.89,1.902077811236964,11.0,2.0,8.32224533957072e-05,0,,0,0,0.0
1781592841.0,1781593441.0,3.955,1.9789664811040466,11.0,2.0,0.0014891430253972963,0,,0,0,0.0
1781592901.0,1781593501.0,4.226666666666667,2.1241364258341684,11.0,7.0,0.0032787313298092424,0,,0,0,0.01
1781592961.0,1781593561.0,4.428333333333334,2.2393891776305628,14.0,5.0,0.004488095800266114,0,,0,0,0.01
1781593021.0,1781593621.0,4.64,2.218197466412763,14.0,8.0,0.004553123758677109,0,,0,0,0.04
1781593081.0,1781593681.0,4.851666666666667,2.2589814568123887,14.0,6.0,0.0043680399112219805,0,,0,0,0.0
1781593141.0,1781593741.0,5.033333333333333,2.285218200133681,15.0,4.0,0.004352734313150875,0,,0,0,0.005
1781593201.0,1781593801.0,5.22,2.337719686646227,15.0,5.0,0.004331512031977866,0,,0,0,0.0
1781593261.0,1781593861.0,5.4,2.3202011407059806,15.0,7.0,0.003114397539993164,0,,0,0,0.0
1781593321.0,1781593921.0,5.611666666666666,2.35036108337043,15.0,7.0,0.002429367859355165,0,,0,0,0.0
1781593381.0,1781593981.0,5.775,2.3168315289060906,15.0,2.0,0.00044114011427809504,0,,0,0,0.0
1781593441.0,1781594041.0,5.878333333333333,2.3051096623708722,15.0,3.0,-0.0002676951880421918,0,,0,0,0.0
1781593501.0,1781594101.0,5.7316666666666665,2.328017158203283,15.0,2.0,-0.000636862880174667,0,,0,0,0.0
1781593561.0,1781594161.0,5.621666666666667,2.3047481183176806,15.0,2.0,-0.0012484756902102518,0,,0,0,0.0
1781593621.0,1781594221.0,5.591666666666667,2.32843235294097,15.0,5.0,-0.0015589209970027801,0,,0,0,0.0
1781593681.0,1781594281.0,5.493333333333333,2.3209097833009844,15.0,7.0,-0.002195506098628053,0,,0,0,0.0
1781593741.0,1781594341.0,5.366666666666666,2.331427793339428,14.0,5.0,-0.0025792293867482937,0,,0,0,0.0
1781593801.0,1781594401.0,5.163333333333333,2.3273709535773524,14.0,5.0,-0.0031559532109811436,0,,0,0,0.0
1781593861.0,1781594461.0,4.968333333333334,2.32679978129237,14.0,3.0,-0.004109039191775529,0,,0,0,0.0
1781593921.0,1781594521.0,4.776666666666666,2.2293770928719576,14.0,4.0,-0.003373287148019849,0,,0,0,0.0
1781593981.0,1781594581.0,4.641666666666667,2.206791914874521,14.0,3.0,-0.00310075861321838,0,,0,0,0.0
1781594041.0,1781594641.0,4.446666666666666,2.108828005209423,13.0,2.0,-0.0021772282700785258,0,,0,0,0.0
1781594101.0,1781594701.0,4.33,2.123150175250603,13.0,1.0,-0.0023324509234747856,0,,0,0,0.0
1781594161.0,1781594761.0,4.251666666666667,2.1067345716904056,13.0,4.0,-0.0019988666635185133,0,,0,0,0.0
1781594221.0,1781594821.0,4.09,2.062013579004755,13.0,2.0,-0.0013046147350409352,0,,0,0,0.065
1781594281.0,1781594881.0,3.941666666666667,2.027707380817613,12.0,2.0,-0.0013758093772482704,0,,0,1,0.575
1781594341.0,1781594941.0,3.855,1.9673946392797421,12.0,6.0,-0.000892141367059353,0,,0,0,0.0
1781594401.0,1781595001.0,3.8233333333333333,1.937899779543709,12.0,7.0,-0.000901446948463746,0,,0,0,0.005
1781594461.0,1781595061.0,3.8016666666666667,1.9215437948575504,12.0,3.0,-0.0014575318264772965,0,,0,0,0.37
1781594521.0,1781595121.0,3.695,1.9188473102360177,12.0,3.0,-0.0014076983547176415,0,,0,0,0.375
1781594581.0,1781595181.0,3.625,1.9203406815805713,12.0,2.0,-0.0011188642190672771,0,,0,0,0.0
1781594641.0,1781595241.0,3.5883333333333334,1.923243065472716,12.0,7.0,-0.0006218072827980137,0,,0,0,0.0
1781594701.0,1781595301.0,3.51,1.8393567716278791,11.0,1.0,-0.0011138919830332864,0,,0,0,0.005
1781594761.0,1781595361.0,3.425,1.8141228367083269,11.0,1.0,-0.000812474479095774,0,,0,0,0.02
1781594821.0,1781595421.0,3.37,1.81101260809158,11.0,1.0,-0.0007430020638946221,0,,0,0,0.015
1781594881.0,1781595481.0,3.375,1.8104442364605802,11.0,3.0,-0.0008948635968433268,0,,0,0,0.02
1781594941.0,1781595541.0,3.3716666666666666,1.8303543979847787,11.0,1.0,-0.00024402845563459698,0,,0,0,0.02
1781595001.0,1781595601.0,3.3,1.8284784202536637,9.0,2.0,-0.0003041119558665412,0,,0,0,0.195
1781595061.0,1781595661.0,3.305,1.8516591659013995,9.0,1.0,-9.722249228472362e-07,0,,0,0,0.1
1781595121.0,1781595721.0,3.341666666666667,1.8551542313840708,9.0,5.0,0.0001901949727638114,0,,0,0,0.08
1781595181.0,1781595781.0,3.3366666666666664,1.8110739600824945,9.0,0.0,0.00040294556373767605,0,,0,0,0.02
1781595241.0,1781595841.0,3.3183333333333334,1.8240058174858496,9.0,0.0,0.0008739190942197087,0,,0,0,0.005
1781595301.0,1781595901.0,3.361666666666667,1.8612354021515447,9.0,2.0,0.0005217514493095845,0,,0,0,0.09
1781595361.0,1781595961.0,3.3633333333333333,1.8729625967671883,9.0,1.0,0.0002210006138905926,0,,0,0,0.03
1781595421.0,1781596021.0,3.3466666666666667,1.862745882352776,9.0,3.0,-0.0003499454165150484,0,,0,0,0.3
1781595481.0,1781596081.0,3.3366666666666664,1.8788264658794036,10.0,3.0,-0.0005440015111153047,0,,0,0,0.0
1781595541.0,1781596141.0,3.3733333333333335,1.8851937713549651,10.0,5.0,0.00047211242253450707,0,,0,0,0.0
1781595601.0,1781596201.0,3.465,1.9058091020176533,10.0,5.0,0.0004420290056361217,0,,0,0,0.0
1781595661.0,1781596261.0,3.5683333333333334,1.9421630266849954,11.0,3.0,0.0013904760846557946,0,,0,0,0.005
1781595721.0,1781596321.0,3.8066666666666666,2.1109134410381576,11.0,7.0,0.0036146767074353007,0,,0,0,0.05
1781595781.0,1781596381.0,4.023333333333333,2.234454942237343,13.0,6.0,0.004801680004666677,0,,0,0,0.1
1781595841.0,1781596441.0,4.236666666666666,2.2870626479297753,13.0,4.0,0.005655182375506599,0,,0,0,0.075
1781595901.0,1781596501.0,4.431666666666667,2.3213495835157807,13.0,5.0,0.005673654649040696,0,,0,0,0.0
1781595961.0,1781596561.0,4.581666666666667,2.277424837154651,13.0,5.0,0.004614985041625115,0,,0,0,0.0
1781596021.0,1781596621.0,4.726666666666667,2.2432020763978344,13.0,4.0,0.002671674087983575,0,,0,0,0.0
1781596081.0,1781596681.0,4.846666666666667,2.2045004473173107,13.0,7.0,0.0006735018708385328,0,,0,0,0.0
1781596141.0,1781596741.0,4.898333333333333,2.199544776134876,13.0,3.0,-0.0004758068772413274,0,,0,0,0.0
1781596201.0,1781596801.0,4.881666666666667,2.187311261699065,13.0,4.0,-0.0027035908433079,0,,0,0,0.0
1781596261.0,1781596861.0,4.801666666666667,2.2088452236909273,13.0,1.0,-0.004212372812146706,0,,0,0,0.0
1781596321.0,1781596921.0,4.508333333333334,2.184780055037323,13.0,4.0,-0.004519929222025615,0,,0,0,0.0
1781596381.0,1781596981.0,4.326666666666667,2.0920378156769113,11.0,5.0,-0.004035122319784224,0,,0,0,0.0
1781596441.0,1781597041.0,4.126666666666667,2.031573008505697,11.0,2.0,-0.003299842499562502,0,,0,0,0.0
1781596501.0,1781597101.0,3.9133333333333336,1.9559709154847424,11.0,3.0,-0.0028400078889108007,0,,0,0,0.0
1781596561.0,1781597161.0,3.795,1.9543903567779561,11.0,2.0,-0.00231053419592832,0,,0,0,0.005
1781596621.0,1781597221.0,3.7133333333333334,1.9247048835831662,11.0,9.0,-0.0017145047625132255,0,,0,0,0.335
1781596681.0,1781597281.0,3.631666666666667,1.876876098438277,11.0,5.0,-0.001064475179097718,0,,0,0,0.0
1781596741.0,1781597341.0,3.4916666666666667,1.8321018591285316,11.0,2.0,-0.000433862316284217,0,,0,0,0.0
1781596801.0,1781597401.0,3.45,1.827794663886875,11.0,1.0,-0.0003782232728424262,0,,0,0,0.01
1781596861.0,1781597461.0,3.4433333333333334,1.84845581199251,9.0,5.0,7.022241728448634e-05,0,,0,0,0.075
1781596921.0,1781597521.0,3.486666666666667,1.8814415277181011,9.0,1.0,-0.00033266759074330733,0,,0,0,0.03
1781596981.0,1781597581.0,3.421666666666667,1.9193394407683309,10.0,4.0,-0.0003552509868082997,0,,0,0,0.0
1781597041.0,1781597641.0,3.4,1.8734993995195195,10.0,4.0,-0.00011266697963050268,0,,0,0,0.005
1781597101.0,1781597701.0,3.4266666666666667,1.8871377503745956,10.0,0.0,-0.0003369453804038311,0,,0,0,0.0
1781597161.0,1781597761.0,3.4283333333333332,1.8596228709666436,10.0,4.0,-0.00010391695532487811,0,,0,0,0.005
1781597221.0,1781597821.0,3.3833333333333333,1.8311350456903923,10.0,3.0,-0.0001596115544765444,0,,0,0,0.0
1781597281.0,1781597881.0,3.361666666666667,1.8666004452539442,11.0,3.0,4.041677893549845e-05,0,,0,0,0.07
1781597341.0,1781597941.0,3.395,1.8705547305545487,11.0,3.0,-4.694457484608904e-06,0,,0,0,0.15
1781597401.0,1781598001.0,3.42,1.872680787890273,11.0,1.0,-4.111122530897032e-06,0,,0,0,0.05
1781597461.0,1781598061.0,3.3783333333333334,1.8317197444538895,11.0,7.0,4.819457831827415e-05,0,,0,0,0.015
1781597521.0,1781598121.0,3.335,1.78590079978331,11.0,6.0,-0.00011491698588051646,0,,0,0,0.0
1781597581.0,1781598181.0,3.335,1.7538837855836782,11.0,1.0,-0.0005233070091861412,0,,0,0,0.0
1781597641.0,1781598241.0,3.345,1.7839959828056415,11.0,3.0,-0.0003238620107278115,0,,0,0,0.0
1781597701.0,1781598301.0,3.4133333333333336,1.8172751274611363,11.0,9.0,0.0005247792354978776,0,,0,0,0.04
1781597761.0,1781598361.0,3.485,1.8831998477768275,11.0,2.0,0.001435365098236384,0,,0,0,0.04
1781597821.0,1781598421.0,3.61,1.941966357415425,11.0,3.0,0.0019296164711568606,0,,0,0,0.005
1781597881.0,1781598481.0,3.716666666666667,1.981511768546654,12.0,1.0,0.0023696176933824804,0,,0,0,0.025
1781597941.0,1781598541.0,3.763333333333333,1.9884639521220617,12.0,6.0,0.002323839788443855,0,,0,0,0.005
1781598001.0,1781598601.0,3.848333333333333,2.008813220674226,12.0,3.0,0.0026333128703135296,0,,0,0,0.025
1781598061.0,1781598661.0,3.975,2.057759704144291,12.0,2.0,0.002504256956269322,0,,0,0,0.0
1781598121.0,1781598721.0,4.036666666666667,2.078137520847828,12.0,6.0,0.0012177256047933428,0,,0,0,0.0
1781598181.0,1781598781.0,4.1466666666666665,2.0972574684308287,12.0,3.0,0.0003431120642001753,0,,0,0,0.01
1781598241.0,1781598841.0,4.201666666666667,2.1527495338649025,12.0,4.0,-0.0004938624829513388,0,,0,0,0.37
1781598301.0,1781598901.0,4.135,2.144009095129962,12.0,3.0,-0.0012311978644385167,0,,0,0,0.4
1781598361.0,1781598961.0,4.065,2.144941724150099,12.0,4.0,-0.0015793099425276194,0,,0,0,0.145
1781598421.0,1781599021.0,3.9616666666666664,2.1802592863133405,12.0,3.0,-0.001810532807035574,0,,0,0,0.165
1781598481.0,1781599081.0,3.888333333333333,2.1195590474331105,12.0,8.0,-0.00149169858805164,0,,0,0,0.22
1781598541.0,1781599141.0,3.89,2.1357044115076724,12.0,4.0,-0.001321892560812668,0,,0,0,0.31
1781598601.0,1781599201.0,3.9433333333333334,2.177947555740394,12.0,2.0,0.00014994486095794347,0,,0,0,0.075
1781598661.0,1781599261.0,4.043333333333333,2.2048708704945863,12.0,7.0,0.0021276170211583945,0,,0,0,0.005
1781598721.0,1781599321.0,4.138333333333334,2.208890495751707,12.0,10.0,0.0022173117147547654,0,,0,0,0.06
1781598781.0,1781599381.0,4.175,2.1964459929622673,12.0,2.0,0.002691701921394224,0,,0,0,0.04
1781598841.0,1781599441.0,4.163333333333333,2.142425935450019,11.0,1.0,0.002363062119616995,0,,0,0,0.015
1781598901.0,1781599501.0,4.205,2.1243763790816352,11.0,2.0,0.0013228647857355161,0,,0,0,0.02
1781598961.0,1781599561.0,4.283333333333333,2.1290973569932294,11.0,3.0,0.000731279809110581,0,,0,0,0.01
1781599021.0,1781599621.0,4.3533333333333335,2.1115134119604564,12.0,5.0,-0.00044261234058984024,0,,0,0,0.005
1781599081.0,1781599681.0,4.366666666666666,2.1108186931983415,12.0,2.0,-0.0016346156517101451,0,,0,0,0.0
1781599141.0,1781599741.0,4.46,2.1201572268741455,12.0,3.0,-0.0015388931635921226,0,,0,0,0.0
1781599201.0,1781599801.0,4.4816666666666665,2.140793596361457,12.0,4.0,-0.0004610290584140558,0,,0,0,0.0
1781599261.0,1781599861.0,4.391666666666667,2.0956138056002165,12.0,5.0,0.000709640860113498,0,,0,0,0.0
1781599321.0,1781599921.0,4.323333333333333,2.0949436481416126,12.0,5.0,0.0005204458901274727,0,,0,0,0.0
1781599381.0,1781599981.0,4.2683333333333335,2.1062598499604825,12.0,8.0,0.0005558626551740401,0,,0,0,0.195
1781599441.0,1781600041.0,4.3116666666666665,2.1082055297232185,12.0,4.0,0.00027752854869040884,0,,0,0,0.0
1781599501.0,1781600101.0,4.3133333333333335,2.1091441128782282,12.0,1.0,-0.0005516126433684547,0,,0,0,0.0
1781599561.0,1781600161.0,4.25,2.080264406271472,12.0,4.0,-0.0010530584807180007,0,,0,0,0.005
1781599621.0,1781600221.0,4.201666666666667,2.030844788642292,12.0,4.0,-0.0017968661024058423,0,,0,0,0.035
1781599681.0,1781600281.0,4.2316666666666665,2.0415673445228846,12.0,1.0,-0.00225853405148348,0,,0,0,0.0
1781599741.0,1781600341.0,4.158333333333333,2.0338626360259,12.0,8.0,-0.0015490876363545437,0,,0,0,0.12
1781599801.0,1781600401.0,4.038333333333333,1.9925353754004524,12.0,10.0,-0.0006534740374278837,0,,0,0,0.0
1781599861.0,1781600461.0,3.941666666666667,2.0244169256575804,12.0,3.0,-0.00039980666612962856,0,,0,0,0.0
1781599921.0,1781600521.0,3.921666666666667,2.017142505845556,12.0,3.0,-0.0005605848905135859,0,,0,0,0.0
1781599981.0,1781600581.0,3.89,2.0235035623063937,12.0,4.0,-0.0006096128044800149,0,,0,0,0.0
1781600041.0,1781600641.0,3.84,2.0234623791906783,12.0,5.0,-8.500023611177163e-05,0,,0,0,0.0
1781600101.0,1781600701.0,3.808333333333333,2.0153404730273796,12.0,4.0,-0.00025975072152978275,0,,0,0,0.0
1781600161.0,1781600761.0,3.7916666666666665,2.0103724088392734,12.0,6.0,-0.0005838071772421566,0,,0,0,0.0
1781600221.0,1781600821.0,3.8433333333333333,2.0212509877686036,12.0,5.0,-0.0005226681185225518,0,,0,0,0.0
1781600281.0,1781600881.0,3.85,2.029983579572341,12.0,4.0,0.000125278125772569,0,,0,0,0.0
1781600341.0,1781600941.0,3.808333333333333,2.010372408839273,12.0,7.0,0.0003996955547098754,0,,0,0,0.0
1781600401.0,1781601001.0,3.875,2.0312660255778088,11.0,3.0,0.0012685868571857151,0,,0,0,0.0
1781600461.0,1781601061.0,4.016666666666667,2.0606768035984895,12.0,2.0,0.002002894452484591,0,,0,0,0.0
1781600521.0,1781601121.0,4.166666666666667,2.115550887016324,12.0,4.0,0.0027812299478609656,0,,0,0,0.055
1781600581.0,1781601181.0,4.275,2.147721661047663,15.0,7.0,0.0028695357487104134,0,,0,0,0.245
1781600641.0,1781601241.0,4.3566666666666665,2.151616963020034,15.0,6.0,0.002766341017613936,0,,0,0,0.04
1781600701.0,1781601301.0,4.4366666666666665,2.163944443731298,15.0,4.0,0.001953338759274336,0,,0,0,0.02
1781600761.0,1781601361.0,4.558333333333334,2.1923953161376306,15.0,4.0,0.0012634201761671556,0,,0,0,0.035
1781600821.0,1781601421.0,4.558333333333334,2.2390319088590247,15.0,4.0,0.0003847510687529642,0,,0,0,0.03
1781600881.0,1781601481.0,4.56,2.204480286446974,15.0,2.0,-0.0003306120294778604,0,,0,0,0.03
1781600941.0,1781601541.0,4.56,2.205236192943211,15.0,3.0,-0.0019495054152928219,0,,0,0,0.01
1781601001.0,1781601601.0,4.546666666666667,2.2040467831292108,15.0,9.0,-0.0020123389231636755,0,,0,0,0.015
1781601061.0,1781601661.0,4.471666666666667,2.193748061094426,15.0,4.0,-0.0017076991880533034,0,,0,0,0.01
1781601121.0,1781601721.0,4.305,2.1722434639484285,15.0,3.0,-0.00170619918388661,0,,0,0,0.0
1781601181.0,1781601781.0,4.246666666666667,2.1523217438126876,13.0,4.0,-0.0012468923524787642,0,,0,0,0.08
1781601241.0,1781601841.0,4.171666666666667,2.130460956903198,13.0,3.0,-0.0010433084536345997,0,,0,0,0.07
1781601301.0,1781601901.0,4.178333333333334,2.1361641374721705,13.0,1.0,-0.0005665849071802968,0,,0,0,0.06
1781601361.0,1781601961.0,4.073333333333333,2.139615749511009,13.0,3.0,-0.00036116766991019814,0,,0,0,0.01
1781601421.0,1781602021.0,4.003333333333333,2.0984094505654087,13.0,1.0,-0.0008815024486179185,0,,0,0,0.005
1781601481.0,1781602081.0,3.966666666666667,2.126551721031544,13.0,2.0,-0.0007751132642035111,0,,0,0,0.01
1781601541.0,1781602141.0,4.008333333333334,2.116978323512601,13.0,5.0,-0.0007939744277067509,0,,0,0,0.02
1781601601.0,1781602201.0,3.955,2.0598482953848807,13.0,2.0,-0.0003523620898946939,0,,0,0,0.0
1781601661.0,1781602261.0,3.9,2.070426687102605,11.0,3.0,-0.00021772282700785442,0,,0,0,0.0
1781601721.0,1781602321.0,3.9166666666666665,2.0533847396162486,11.0,3.0,-0.000724168678246331,0,,0,0,0.0
1781601781.0,1781602381.0,3.908333333333333,2.0264740862449293,10.0,3.0,-0.00022541729282581178,0,,0,0,0.0
1781601841.0,1781602441.0,3.9316666666666666,2.01419890334153,10.0,4.0,4.663901844171417e-05,0,,0,0,0.0
1781601901.0,1781602501.0,3.8783333333333334,2.0314684070614755,10.0,2.0,0.0005885294125817076,0,,0,0,0.0
1781601961.0,1781602561.0,3.975,2.010234231791576,10.0,8.0,0.0011849199581109942,0,,0,0,0.0
1781602021.0,1781602621.0,4.045,2.0123721491480313,10.0,2.0,0.0006631407309464755,0,,0,0,0.0
1781602081.0,1781602681.0,4.098333333333334,2.0458080446502196,10.0,1.0,0.000755752099311388,0,,0,0,0.0
1781602141.0,1781602741.0,4.128333333333333,2.0676550056095486,12.0,10.0,0.001237031213975594,0,,0,0,0.005
1781602201.0,1781602801.0,4.211666666666667,2.101633623848098,12.0,7.0,0.001605921127558685,0,,0,0,0.05
1781602261.0,1781602861.0,4.275,2.0630176118168904,12.0,6.0,0.0012118089216914506,0,,0,0,0.02
1781602321.0,1781602921.0,4.385,2.0752770899328117,12.0,12.0,0.0011332531479254085,0,,0,0,0.0
1781602381.0,1781602981.0,4.43,2.1225220846907575,15.0,6.0,0.001034058427940082,0,,0,0,0.0
1781602441.0,1781603041.0,4.493333333333333,2.1878350537054256,15.0,1.0,0.0010913363648232322,0,,0,0,0.03
1781602501.0,1781603101.0,4.596666666666667,2.194080419877286,15.0,3.0,0.000892280256334045,0,,0,0,0.025
1781602561.0,1781603161.0,4.628333333333333,2.208362263961438,15.0,3.0,0.0013394203872788516,0,,0,0,0.035
1781602621.0,1781603221.0,4.73,2.206150493506733,15.0,5.0,0.0012475590209972821,0,,0,0,0.04
1781602681.0,1781603281.0,4.84,2.2047826801448407,15.0,6.0,0.001528170911585862,0,,0,0,0.045
1781602741.0,1781603341.0,4.908333333333333,2.194674741783443,15.0,3.0,0.0014160872669090733,0,,0,0,0.03
1781602801.0,1781603401.0,4.943333333333333,2.221138346784269,15.0,11.0,0.001428003966677683,0,,0,0,0.06
1781602861.0,1781603461.0,5.043333333333333,2.2453185866499115,15.0,5.0,0.0012369478804107853,0,,0,0,0.02
1781602921.0,1781603521.0,5.091666666666667,2.2612527255680397,15.0,4.0,0.0012368089911360869,0,,0,0,0.0
1781602981.0,1781603581.0,5.125,2.178541178556574,12.0,3.0,0.0005225847849577381,0,,0,0,0.0
1781603041.0,1781603641.0,5.116666666666666,2.1322262752552525,12.0,3.0,-0.0002014450040138988,0,,0,0,0.0
1781603101.0,1781603701.0,5.1433333333333335,2.106210393626957,12.0,10.0,-0.0002673896316378655,0,,0,0,0.0
1781603161.0,1781603761.0,5.151666666666666,2.1233614597823163,13.0,5.0,-0.00047391798310550485,0,,0,0,0.0
1781603221.0,1781603821.0,5.18,2.2258182016208483,18.0,4.0,-0.000255056264045173,0,,0,0,0.005
1781603281.0,1781603881.0,5.258333333333334,2.240148184582638,18.0,7.0,0.0010389751082641868,0,,0,0,0.0
1781603341.0,1781603941.0,5.406666666666666,2.363180531026401,18.0,6.0,0.002149228192300535,0,,0,0,0.0
1781603401.0,1781604001.0,5.486666666666666,2.3515574035566775,18.0,7.0,0.0022942841507893022,0,,0,0,0.0
1781603461.0,1781604061.0,5.6,2.3762715894162154,18.0,6.0,0.003011675032430642,0,,0,0,0.0
1781603521.0,1781604121.0,5.65,2.4291630931934836,18.0,6.0,0.002926174794929981,0,,0,0,0.0
1781603581.0,1781604181.0,5.765,2.458951334749565,18.0,5.0,0.0025429792860535774,0,,0,0,0.0
1781603641.0,1781604241.0,5.925,2.487175439462739,18.0,10.0,0.0018925330348139875,0,,0,0,0.0
1781603701.0,1781604301.0,5.9783333333333335,2.50357022847151,18.0,9.0,0.0009566415462265142,0,,0,0,0.01
1781603761.0,1781604361.0,6.095,2.501194714531438,18.0,5.0,0.00016913935872044092,0,,0,0,0.0
1781603821.0,1781604421.0,6.145,2.4056825088388814,15.0,2.0,-0.0007477520770891133,0,,0,0,0.0
1781603881.0,1781604481.0,6.043333333333333,2.4748310829001827,15.0,5.0,-0.0014006705574182237,0,,0,0,0.005
1781603941.0,1781604541.0,5.831666666666667,2.4378946973886206,14.0,4.0,-0.0020842002338895393,0,,0,0,0.0
1781604001.0,1781604601.0,5.751666666666667,2.469142338725917,14.0,7.0,-0.0025795904988624983,0,,0,0,0.0
1781604061.0,1781604661.0,5.6033333333333335,2.450031745826073,14.0,3.0,-0.0024310623085064056,0,,0,0,0.0
1781604121.0,1781604721.0,5.498333333333333,2.396524682859652,14.0,7.0,-0.0029957027658410163,0,,0,0,0.0
1781604181.0,1781604781.0,5.36,2.3777580476855364,14.0,5.0,-0.003169619915610878,0,,0,0,0.0
1781604241.0,1781604841.0,5.155,2.3510937171169224,14.0,10.0,-0.0031165919905333066,0,,0,0,0.0
1781604301.0,1781604901.0,5.005,2.303253134156122,14.0,7.0,-0.003301148058744609,0,,0,0,0.0
1781604361.0,1781604961.0,4.825,2.237046043334826,14.0,7.0,-0.00236870102416951,0,,0,0,0.0
1781604421.0,1781605021.0,4.666666666666667,2.238054710879269,14.0,0.0,-0.001587671076864099,0,,0,0,0.0
1781604481.0,1781605081.0,4.601666666666667,2.1740125472396783,12.0,6.0,-0.000991974977708269,0,,0,0,0.005
1781604541.0,1781605141.0,4.661666666666667,2.199362912805029,12.0,6.0,-0.0005643626787852205,0,,0,0,0.0
1781604601.0,1781605201.0,4.638333333333334,2.1550399583817983,12.0,2.0,6.880574668263092e-05,0,,0,0,0.0
1781604661.0,1781605261.0,4.6,2.1221058723196005,12.0,4.0,0.0005270570196028345,0,,0,0,0.0
1781604721.0,1781605321.0,4.615,2.1695103134117617,12.0,8.0,0.001012030588973853,0,,0,0,0.0
1781604781.0,1781605381.0,4.651666666666666,2.2008325444905816,12.0,1.0,0.0015160319889777434,0,,0,0,0.0
1781604841.0,1781605441.0,4.678333333333334,2.1675325192998196,12.0,4.0,0.0009690304695290792,0,,0,0,0.0
1781604901.0,1781605501.0,4.7716666666666665,2.2515618036277742,13.0,5.0,0.0009447526243128411,0,,0,0,0.0
1781604961.0,1781605561.0,4.773333333333333,2.225298981160859,13.0,3.0,0.00028494523595898585,0,,0,0,0.0
1781605021.0,1781605621.0,4.875,2.2441126679974577,14.0,5.0,0.0003039730665918525,0,,0,0,0.0
1781605081.0,1781605681.0,4.963333333333333,2.2756659586933132,14.0,5.0,0.0005376126044794524,0,,0,0,0.0
1781605141.0,1781605741.0,4.95,2.2436948693319834,14.0,7.0,0.0007330020361167599,0,,0,0,0.0
1781605201.0,1781605801.0,4.958333333333333,2.2538701283693245,14.0,7.0,0.0006925297014713945,0,,0,0,0.0
1781605261.0,1781605861.0,4.975,2.3052928230487337,14.0,4.0,0.00019013941705393637,0,,0,0,0.0
1781605321.0,1781605921.0,5.02,2.288289026033789,14.0,4.0,0.0004568346023183396,0,,0,0,0.0
1781605381.0,1781605981.0,5.033333333333333,2.3033791601808753,14.0,6.0,0.0006020016722268672,0,,0,0,0.0
1781605441.0,1781606041.0,5.12,2.314216930194747,14.0,4.0,0.0003872232978424911,0,,0,0,0.0
1781605501.0,1781606101.0,5.08,2.250984969592941,14.0,4.0,0.00015894488595801718,0,,0,0,0.0
1781605561.0,1781606161.0,5.1466666666666665,2.282941572231366,14.0,7.0,-0.0004559457109603085,0,,0,0,0.0
1781605621.0,1781606221.0,5.138333333333334,2.291839993445344,14.0,9.0,-0.00010958363773232695,0,,0,0,0.0
1781605681.0,1781606281.0,5.101666666666667,2.280642575143145,14.0,6.0,0.0002789729971472163,0,,0,0,0.0
1781605741.0,1781606341.0,5.12,2.308448252253737,14.0,5.0,0.00026138961497115863,0,,0,0,0.0
1781605801.0,1781606401.0,5.1066666666666665,2.305491029886885,14.0,5.0,-0.00015338931497031462,0,,0,0,0.0
1781605861.0,1781606461.0,5.141666666666667,2.273381597728126,14.0,4.0,-0.0004337512048644682,0,,0,0,0.0
1781605921.0,1781606521.0,5.101666666666667,2.2725896877546745,14.0,6.0,-0.00030852863480176657,0,,0,0,0.0
1781605981.0,1781606581.0,5.14,2.235411967997547,14.0,4.0,0.00023050064027955108,0,,0,0,0.0
1781606041.0,1781606641.0,5.178333333333334,2.26123798442849,14.0,7.0,0.0011032530645918505,0,,0,0,0.0
1781606101.0,1781606701.0,5.33,2.2958876279121325,14.0,4.0,0.0016973936038711176,0,,0,0,0.0
1781606161.0,1781606761.0,5.433333333333334,2.3577296047021354,14.0,5.0,0.0022196172767146548,0,,0,0,0.0
1781606221.0,1781606821.0,5.555,2.431798031635577,14.0,7.0,0.0029449804027233376,0,,0,0,0.0
1781606281.0,1781606881.0,5.598333333333334,2.450917628608155,14.0,3.0,0.0023964233233981264,0,,0,0,0.0
1781606341.0,1781606941.0,5.641666666666667,2.467778465656015,16.0,9.0,0.0019306442517895877,0,,0,0,0.0
1781606401.0,1781607001.0,5.66,2.457179955423154,16.0,6.0,0.00047166797685549216,0,,0,0,0.0
1781606461.0,1781607061.0,5.755,2.4748686833850395,16.0,5.0,0.0002871952422090007,0,,0,0,0.0
1781606521.0,1781607121.0,5.833333333333333,2.5269656815151955,16.0,2.0,-0.0005902238617329499,0,,0,0,0.0
1781606581.0,1781607181.0,5.791666666666667,2.616281818832894,16.0,2.0,-0.001515643099008609,0,,0,0,0.01
1781606641.0,1781607241.0,5.76,2.605583747774511,16.0,7.0,-0.0018160606001683304,0,,0,0,0.005
1781606701.0,1781607301.0,5.693333333333333,2.6107385076938585,16.0,4.0,-0.0013464481845782954,0,,0,0,0.005
1781606761.0,1781607361.0,5.565,2.566925852714358,16.0,9.0,-0.0015192542201506154,0,,0,0,0.0
1781606821.0,1781607421.0,5.505,2.5113027827537375,16.0,6.0,-0.00017552826535629647,0,,0,0,0.0
1781606881.0,1781607481.0,5.49,2.489290394202064,16.0,6.0,-0.00017838938441495572,0,,0,0,0.0
1781606941.0,1781607541.0,5.4816666666666665,2.458928741455424,14.0,5.0,2.9527859799610486e-05,0,,0,0,0.0
1781607001.0,1781607601.0,5.541666666666667,2.464737421218649,14.0,3.0,-0.00035963988788857644,0,,0,0,0.0
1781607061.0,1781607661.0,5.5183333333333335,2.442607327336008,14.0,4.0,0.0005285292459145665,0,,0,0,0.0
1781607121.0,1781607721.0,5.538333333333333,2.41492523463748,14.0,10.0,0.0011525865349625976,0,,0,0,0.0
1781607181.0,1781607781.0,5.685,2.4267485105245936,14.0,9.0,0.0017206436684546293,0,,0,0,0.0
1781607241.0,1781607841.0,5.843333333333334,2.549272227301135,14.0,6.0,0.002740340945391518,0,,0,0,0.0
1781607301.0,1781607901.0,5.953333333333333,2.5789834345252305,14.0,6.0,0.0032808980024944556,0,,0,0,0.0
1781607361.0,1781607961.0,6.153333333333333,2.5696605915092277,14.0,7.0,0.0029192858869052482,0,,0,0,0.0
1781607421.0,1781608021.0,6.325,2.6158570934463015,14.0,5.0,0.0038778163272675777,0,,0,0,0.025
1781607481.0,1781608081.0,6.48,2.6139880132344397,14.0,6.0,0.0034190094972485997,0,,0,0,0.0
1781607541.0,1781608141.0,6.6066666666666665,2.6195334614307866,14.0,2.0,0.002686785241070114,0,,0,0,0.0
1781607601.0,1781608201.0,6.6866666666666665,2.641051978957543,14.0,9.0,0.001414781707726978,0,,0,0,0.005
1781607661.0,1781608261.0,6.7683333333333335,2.6491502830572338,14.0,6.0,0.0005110847530131993,0,,0,0,0.015
1781607721.0,1781608321.0,6.805,2.6376078177014866,15.0,4.0,-0.0008059744610401729,0,,0,0,0.0
1781607781.0,1781608381.0,6.831666666666667,2.6507855229891555,16.0,10.0,-0.000946585962738792,0,,0,0,0.005
1781607841.0,1781608441.0,6.738333333333333,2.5999738246545654,16.0,8.0,-0.0013856427378964979,0,,0,0,0.0
1781607901.0,1781608501.0,6.736666666666666,2.5994849917285965,16.0,11.0,-0.0013715038097328095,0,,0,0,0.0
1781607961.0,1781608561.0,6.673333333333333,2.6229669375643216,16.0,4.0,-0.0016403378898274723,0,,0,0,0.0
1781608021.0,1781608621.0,6.526666666666666,2.534289293317206,16.0,7.0,-0.0010913363648232402,0,,0,0,0.0
1781608081.0,1781608681.0,6.4,2.5495097567963922,16.0,4.0,-0.0013793927205353305,0,,0,0,0.0
1781608141.0,1781608741.0,6.24,2.551287256791494,16.0,7.0,-0.0020221722838119106,0,,0,0,0.04
1781608201.0,1781608801.0,6.161666666666667,2.540773613597944,16.0,9.0,-0.002379478831885648,0,,0,0,0.0
1781608261.0,1781608861.0,6.01,2.5205621066209285,16.0,5.0,-0.0026851185697738147,0,,0,0,0.0
1781608321.0,1781608921.0,5.918333333333333,2.504329029678187,16.0,4.0,-0.0028488690246361702,0,,0,0,0.0
1781608381.0,1781608981.0,5.87,2.4521623111042223,15.0,3.0,-0.001321337003713897,0,,0,0,0.0
1781608441.0,1781609041.0,5.97,2.539507826331709,15.0,6.0,9.133358703773272e-05,0,,0,0,0.0
1781608501.0,1781609101.0,5.926666666666667,2.5254614539833224,15.0,9.0,0.0011660032388978872,0,,0,0,0.0
1781608561.0,1781609161.0,5.843333333333334,2.493749965190754,15.0,4.0,0.0010292806368906553,0,,0,0,0.0
1781608621.0,1781609221.0,5.758333333333334,2.536387961036105,15.0,7.0,0.0008419745610404464,0,,0,0,0.0
1781608681.0,1781609281.0,5.678333333333334,2.5432650711678133,15.0,6.0,-1.1138919830341314e-05,0,,0,0,0.0
1781608741.0,1781609341.0,5.675,2.5329906566481184,15.0,6.0,-0.0009930305361959295,0,,0,0,0.0
1781608801.0,1781609401.0,5.5616666666666665,2.5264330366920253,15.0,7.0,-0.0021114225317292574,0,,0,0,0.005
1781608861.0,1781609461.0,5.498333333333333,2.5495092120292924,15.0,6.0,-0.003485315236986774,0,,0,0,0.0
1781608921.0,1781609521.0,5.391666666666667,2.565462379810357,15.0,6.0,-0.00465526293128592,0,,0,0,0.0
1781608981.0,1781609581.0,5.246666666666667,2.4938234812342985,15.0,7.0,-0.003984566623796182,0,,0,0,0.0
1781609041.0,1781609641.0,4.993333333333333,2.320191562972525,13.0,1.0,-0.0025644515679210237,0,,0,0,0.0
1781609101.0,1781609701.0,4.7716666666666665,2.248598946504739,13.0,4.0,-0.0019506998630551835,0,,0,0,0.0
1781609161.0,1781609761.0,4.655,2.2074060946429106,13.0,4.0,-0.001684810235583998,0,,0,0,0.0
1781609221.0,1781609821.0,4.648333333333333,2.1590114764761106,13.0,7.0,-0.0004853069036302831,0,,0,0,0.0
1781609281.0,1781609881.0,4.631666666666667,2.1329159747996536,13.0,2.0,-0.00014958374884374326,0,,0,0,0.0
1781609341.0,1781609941.0,4.578333333333333,2.106465575845526,13.0,2.0,0.0004107511409753917,0,,0,0,0.0
1781609401.0,1781610001.0,4.621666666666667,2.1036152742890564,13.0,6.0,0.0006495851377364895,0,,0,0,0.0
1781609461.0,1781610061.0,4.631666666666667,2.0926850110696438,13.0,6.0,0.0005958627662854606,0,,0,0,0.0
1781609521.0,1781610121.0,4.641666666666667,2.0615359699882894,13.0,3.0,9.330581473837448e-05,0,,0,0,0.0
1781609581.0,1781610181.0,4.661666666666667,2.0737720596911213,11.0,6.0,0.0009116969769360471,0,,0,0,0.0
1781609641.0,1781610241.0,4.715,2.0993113950372715,11.0,4.0,0.001249253470148524,0,,0,0,0.0
1781609701.0,1781610301.0,4.836666666666667,2.1031695657322125,11.0,7.0,0.0010646140683724147,0,,0,0,0.0
1781609761.0,1781610361.0,5.046666666666667,2.2437666743422517,17.0,4.0,0.001789393859427386,0,,0,0,0.0
1781609821.0,1781610421.0,5.1883333333333335,2.3472389217025937,17.0,6.0,0.003436592879424667,0,,0,0,0.0
1781609881.0,1781610481.0,5.42,2.475937532868442,17.0,3.0,0.004515901433059542,0,,0,0,0.0
1781609941.0,1781610541.0,5.68,2.5451129640941286,17.0,5.0,0.005254570151583754,0,,0,0,0.0
1781610001.0,1781610601.0,6.1033333333333335,2.784957609890838,17.0,9.0,0.0075966877685771286,0,,0,0,0.0
1781610061.0,1781610661.0,6.535,2.9673964458202526,17.0,6.0,0.00850410695585266,0,,0,0,0.01
1781610121.0,1781610721.0,7.04,3.0564249268276384,17.0,9.0,0.008832024533401485,0,,0,0,0.11
1781610181.0,1781610781.0,7.505,3.1727971360719973,18.0,10.0,0.009214442262339619,0,,0,0,0.025
1781610241.0,1781610841.0,7.931666666666667,3.141177680778695,18.0,9.0,0.008252495145819853,0,,0,0,0.01
1781610301.0,1781610901.0,8.333333333333334,3.1473092564213574,22.0,7.0,0.006508684746346513,0,,0,0,0.0
1781610361.0,1781610961.0,8.545,3.096983747670196,22.0,6.0,0.004436206767241015,0,,0,0,0.005
1781610421.0,1781611021.0,8.785,3.061389934871632,22.0,6.0,0.0027263686843574586,0,,0,0,0.0
1781610481.0,1781611081.0,8.833333333333334,3.0586852658545234,22.0,9.0,-0.0002950563751565981,0,,0,0,0.0
1781610541.0,1781611141.0,8.905,3.028086579563625,22.0,9.0,-0.0027758688218578412,0,,0,0,0.0
1781610601.0,1781611201.0,8.78,3.0824665448306163,22.0,15.0,-0.0033445648460134624,0,,0,0,0.01
1781610661.0,1781611261.0,8.606666666666667,3.0781957197177845,22.0,2.0,-0.00459679054664041,0,,0,0,0.01
1781610721.0,1781611321.0,8.46,3.1366223872184555,22.0,7.0,-0.004071066864074637,0,,0,0,0.0
1781610781.0,1781611381.0,8.27,3.0941503949657436,22.0,4.0,-0.003114897541382064,0,,0,0,0.0
1781610841.0,1781611441.0,8.008333333333333,3.078137514074957,22.0,8.0,-0.0032170367139908672,0,,0,0,0.0
1781610901.0,1781611501.0,7.6866666666666665,2.9914024953003047,20.0,6.0,-0.0035108986413851196,0,,0,0,0.0
1781610961.0,1781611561.0,7.461666666666667,2.99975508259517,18.0,9.0,-0.003958094328039799,0,,0,0,0.0
1781611021.0,1781611621.0,7.163333333333333,2.9478787100029895,18.0,7.0,-0.00346162072672424,0,,0,0,0.0
1781611081.0,1781611681.0,7.003333333333333,2.9074597541878755,17.0,3.0,-0.0042424562290450845,0,,0,0,0.0
1781611141.0,1781611741.0,6.776666666666666,2.9388414194864088,17.0,4.0,-0.004436734546484852,0,,0,0,0.0
1781611201.0,1781611801.0,6.505,2.879231668344873,17.0,3.0,-0.004644151789310532,0,,0,0,0.0
1781611261.0,1781611861.0,6.345,2.8347795328737653,16.0,6.0,-0.004615762821563395,0,,0,0,0.0
1781611321.0,1781611921.0,6.068333333333333,2.7301399028051456,15.0,2.0,-0.0038943163731010354,0,,0,0,0.0
1781611381.0,1781611981.0,5.776666666666666,2.6064258200753683,15.0,10.0,-0.0028210078361328816,0,,0,0,0.015
1781611441.0,1781612041.0,5.616666666666666,2.5715861944635563,15.0,4.0,-0.0022775618821163426,0,,0,0,0.0
1781611501.0,1781612101.0,5.475,2.5467708312030486,15.0,11.0,-0.002601035002875008,0,,0,0,0.045
1781611561.0,1781612161.0,5.333333333333333,2.471616654922217,15.0,3.0,-0.0024179511609754463,0,,0,0,0.0
1781611621.0,1781612221.0,5.253333333333333,2.46694593013755,15.0,3.0,-0.0017485048569579362,0,,0,0,0.0
1781611681.0,1781612281.0,5.1466666666666665,2.4375853261418814,15.0,4.0,-0.001383337175936598,0,,0,0,0.0
1781611741.0,1781612341.0,5.145,2.3820107052656168,13.0,3.0,-0.0003229731193697765,0,,0,0,0.0
1781611801.0,1781612401.0,5.201666666666667,2.3743765263514733,13.0,3.0,0.00027152853202370725,0,,0,0,0.0
1781611861.0,1781612461.0,5.201666666666667,2.384882363742264,14.0,4.0,0.001066030738974269,0,,0,0,0.0
1781611921.0,1781612521.0,5.191666666666666,2.274847369727375,14.0,4.0,0.0010959197108880829,0,,0,0,0.0
1781611981.0,1781612581.0,5.243333333333333,2.2547998186584595,14.0,6.0,0.0011441698449162442,0,,0,0,0.0
1781612041.0,1781612641.0,5.266666666666667,2.2125902367034787,14.0,5.0,0.0012056700157500354,0,,0,0,0.0
1781612101.0,1781612701.0,5.386666666666667,2.253254436488599,16.0,6.0,0.0011132253145147647,0,,0,0,0.0
1781612161.0,1781612761.0,5.48,2.264126027116571,16.0,9.0,0.0007841132892035811,0,,0,0,0.0
1781612221.0,1781612821.0,5.551666666666667,2.2775711965942045,16.0,9.0,0.0010246417351159295,0,,0,0,0.0
1781612281.0,1781612881.0,5.641666666666667,2.2883612525609287,16.0,5.0,0.0005088069689082501,0,,0,0,0.0
1781612341.0,1781612941.0,5.6433333333333335,2.3670211002204624,16.0,4.0,0.0005771127142019762,0,,0,0,0.0
1781612401.0,1781613001.0,5.6866666666666665,2.393426182042991,16.0,3.0,0.001244781235503432,0,,0,0,0.005
1781612461.0,1781613061.0,5.695,2.3724758516509006,16.0,5.0,0.0012035866766296579,0,,0,0,0.0
1781612521.0,1781613121.0,5.7316666666666665,2.3950637894543765,16.0,8.0,0.00047425131736477186,0,,0,0,0.0
1781612581.0,1781613181.0,5.763333333333334,2.4201905342807666,16.0,5.0,0.00031088975247153176,0,,0,0,0.0
1781612641.0,1781613241.0,5.89,2.4449744374941837,16.0,11.0,0.0007170019916722022,0,,0,0,0.0
1781612701.0,1781613301.0,5.888333333333334,2.4506864117811746,15.0,1.0,0.0006021405615015583,0,,0,0,0.0
1781612761.0,1781613361.0,5.916666666666667,2.4433015004747616,15.0,7.0,0.0005816682824118912,0,,0,0,0.0
1781612821.0,1781613421.0,5.9,2.428305307548181,15.0,4.0,0.00047900133055924827,0,,0,0,0.0
1781612881.0,1781613481.0,5.9816666666666665,2.3974981172510277,15.0,5.0,0.0008493079147442118,0,,0,0,0.0
1781612941.0,1781613541.0,6.083333333333333,2.347279749459408,13.0,10.0,0.001171114364206562,0,,0,0,0.0
1781613001.0,1781613601.0,5.966666666666667,2.332142553294907,13.0,5.0,0.0003407231686754684,0,,0,0,0.0
1781613061.0,1781613661.0,5.861666666666666,2.3300637807197946,13.0,5.0,-0.0011423087286353624,0,,0,0,0.0
1781613121.0,1781613721.0,5.826666666666667,2.339506120720544,13.0,9.0,-0.0021771727143686474,0,,0,0,0.0
1781613181.0,1781613781.0,5.786666666666667,2.313976855737518,13.0,5.0,-0.002621173947705416,0,,0,0,0.0
1781613241.0,1781613841.0,5.6033333333333335,2.288956579365852,13.0,8.0,-0.002503506954185983,0,,0,0,0.0
1781613301.0,1781613901.0,5.538333333333333,2.2719735669432617,13.0,2.0,-0.002553645982349954,0,,0,0,0.0
1781613361.0,1781613961.0,5.476666666666667,2.274376593462237,13.0,4.0,-0.0021802282784118914,0,,0,0,0.0
1781613421.0,1781614021.0,5.386666666666667,2.2354318499018384,13.0,5.0,-0.002298728607579469,0,,0,0,0.0
1781613481.0,1781614081.0,5.26,2.217145311731582,13.0,6.0,-0.001066780741057618,0,,0,0,0.0
1781613541.0,1781614141.0,5.108333333333333,2.167163404596484,12.0,4.0,0.00047080686335240074,0,,0,0,0.0
1781613601.0,1781614201.0,5.13,2.146260313506573,12.0,8.0,0.0005376681601893357,0,,0,0,0.0
1781613661.0,1781614261.0,5.138333333333334,2.1646856328088124,12.0,9.0,-0.0003239731221475643,0,,0,0,0.005
1781613721.0,1781614321.0,5.115,2.1783269573994932,12.0,8.0,-0.0004451401253892357,0,,0,0,0.0
1781613781.0,1781614381.0,5.041666666666667,2.1824902952565193,12.0,4.0,-0.0004458067939077655,0,,0,0,0.0
1781613841.0,1781614441.0,5.058333333333334,2.271914880056518,12.0,6.0,-0.0007136408712246476,0,,0,0,0.0
1781613901.0,1781614501.0,4.985,2.26158683229276,12.0,6.0,-0.0011062530729252027,0,,0,0,0.0
1781613961.0,1781614561.0,4.918333333333333,2.247590685353739,12.0,5.0,-0.0008681968561023871,0,,0,0,0.0
1781614021.0,1781614621.0,4.868333333333333,2.2474423735042066,12.0,3.0,-0.0013860871835755123,0,,0,0,0.0
1781614081.0,1781614681.0,4.855,2.2621468416823287,12.0,5.0,-0.0006478073550204251,0,,0,0,0.0
1781614141.0,1781614741.0,4.838333333333333,2.2543729110824193,12.0,12.0,-0.00015708376967714046,0,,0,0,0.0
1781614201.0,1781614801.0,4.85,2.3045245351988193,12.0,8.0,0.0007656687935244249,0,,0,0,0.0
1781614261.0,1781614861.0,4.8933333333333335,2.3356559868458557,12.0,4.0,0.0009064469623526769,0,,0,0,0.0
1781614321.0,1781614921.0,4.866666666666666,2.3802427513922932,12.0,1.0,0.0007432242867341278,0,,0,0,0.0
1781614381.0,1781614981.0,4.901666666666666,2.4307743393595564,14.0,2.0,0.0006290295250820099,0,,0,0,0.0
1781614441.0,1781615041.0,4.908333333333333,2.396510773789446,14.0,3.0,0.000864252400701113,0,,0,0,0.0
1781614501.0,1781615101.0,5.011666666666667,2.414856218402155,14.0,5.0,0.000912808091133585,0,,0,0,0.0
1781614561.0,1781615161.0,5.041666666666667,2.413834547400095,14.0,6.0,0.0006186961630449047,0,,0,0,0.0
1781614621.0,1781615221.0,5.118333333333333,2.3974285993307265,14.0,6.0,1.2416701157503644e-05,0,,0,0,0.0
1781614681.0,1781615281.0,5.075,2.3507534253227553,14.0,5.0,-0.00029075080764113636,0,,0,0,0.0
1781614741.0,1781615341.0,5.125,2.370522094391866,14.0,1.0,3.51389864971846e-05,0,,0,0,0.0
1781614801.0,1781615401.0,5.0633333333333335,2.3336642622470114,14.0,5.0,-6.16668379634492e-05,0,,0,0,0.0
1781614861.0,1781615461.0,5.058333333333334,2.2858106998514893,14.0,3.0,0.00012141700393612223,0,,0,0,0.0
1781614921.0,1781615521.0,5.051666666666667,2.2065804363816475,14.0,5.0,-0.0006962519340331491,0,,0,0,0.0
1781614981.0,1781615581.0,5.133333333333334,2.19139732185248,13.0,8.0,8.327800910558071e-05,0,,0,0,0.0
1781615041.0,1781615641.0,5.348333333333334,2.3402985327137693,14.0,4.0,0.0018866996852768987,0,,0,0,0.0
1781615101.0,1781615701.0,5.4816666666666665,2.4316655243314655,14.0,4.0,0.0033628704524179243,0,,0,0,0.0
1781615161.0,1781615761.0,5.641666666666667,2.4358291994491093,14.0,5.0,0.003895371931588706,0,,0,0,0.0
1781615221.0,1781615821.0,5.753333333333333,2.5656361567628583,14.0,8.0,0.003975011041697336,0,,0,0,0.0
1781615281.0,1781615881.0,5.84,2.5969982672308425,14.0,2.0,0.0027206742240950673,0,,0,0,0.005
1781615341.0,1781615941.0,5.763333333333334,2.6243708240685466,14.0,8.0,0.0014280039666776882,0,,0,0,0.0
1781615401.0,1781616001.0,5.78,2.674870713386599,14.0,2.0,-0.0004303900844168946,0,,0,0,0.005
1781615461.0,1781616061.0,5.78,2.6891634386924124,14.0,6.0,-0.0017827827299520273,0,,0,0,0.0
1781615521.0,1781616121.0,5.913333333333333,2.757261120911273,14.0,5.0,-0.0029290636918435893,0,,0,0,0.0
1781615581.0,1781616181.0,5.796666666666667,2.7734435074269834,14.0,13.0,-0.004145400403890007,0,,0,0,0.0
1781615641.0,1781616241.0,5.53,2.7133804254717644,14.0,8.0,-0.003639398998330552,0,,0,0,0.005
1781615701.0,1781616301.0,5.28,2.654857183855031,14.0,3.0,-0.003260731279809107,0,,0,0,0.0
1781615761.0,1781616361.0,5.045,2.61909176369723,14.0,5.0,-0.0026410906696963067,0,,0,0,0.0
1781615821.0,1781616421.0,4.836666666666667,2.481260880188852,14.0,2.0,-0.002052727924244237,0,,0,0,0.0
1781615881.0,1781616481.0,4.66,2.4216523284732676,14.0,3.0,-0.0021316170322695388,0,,0,0,0.0
1781615941.0,1781616541.0,4.633333333333334,2.420514178617611,14.0,4.0,-0.002267895188597746,0,,0,0,0.0
1781616001.0,1781616601.0,4.515,2.364975334614155,14.0,4.0,-0.0027738132605923905,0,,0,0,0.0
1781616061.0,1781616661.0,4.423333333333333,2.3524715135835805,14.0,5.0,-0.002379339942610957,0,,0,0,0.0
1781616121.0,1781616721.0,4.218333333333334,2.1773065675023555,13.0,3.0,-0.0012625312848091254,0,,0,0,0.095
1781616181.0,1781616781.0,4.15,2.129358275787958,12.0,6.0,-0.000956169322692568,0,,0,0,0.315
1781616241.0,1781616841.0,4.17,2.0915146027062144,12.0,3.0,-2.622229506193037e-05,0,,0,0,0.0
1781616301.0,1781616901.0,4.118333333333333,2.0455636278433276,12.0,6.0,-0.000152305978627724,0,,0,0,0.005
1781616361.0,1781616961.0,4.141666666666667,2.057084641482266,12.0,4.0,0.0003640287889688573,0,,0,0,0.005
1781616421.0,1781617021.0,4.171666666666667,2.013007009978411,12.0,2.0,0.0007573632148978197,0,,0,0,0.0
1781616481.0,1781617081.0,4.185,2.029148014972458,12.0,4.0,0.0002222506173628231,0,,0,0,0.0
1781616541.0,1781617141.0,4.185,1.9960231294585074,12.0,2.0,0.0008431967866577396,0,,0,0,0.0
1781616601.0,1781617201.0,4.238333333333333,2.0070369259737655,12.0,4.0,0.0004346956519323691,0,,0,0,0.02
1781616661.0,1781617261.0,4.218333333333334,1.980066637486953,12.0,0.0,0.00016763935455376411,0,,0,0,0.0
1781616721.0,1781617321.0,4.266666666666667,2.0138409955990952,12.0,2.0,-9.344470401307301e-05,0,,0,0,0.005
1781616781.0,1781617381.0,4.338333333333333,2.03401013326439,12.0,5.0,1.2916702546395867e-05,0,,0,0,0.0
1781616841.0,1781617441.0,4.338333333333333,2.0487062313133677,12.0,3.0,0.000847530132028147,0,,0,0,0.0
1781616901.0,1781617501.0,4.376666666666667,2.053806763603193,12.0,5.0,0.00013105591959977725,0,,0,0,0.0
1781616961.0,1781617561.0,4.4,2.019075696121041,12.0,4.0,0.0006407795577209894,0,,0,0,0.0
1781617021.0,1781617621.0,4.388333333333334,2.0430852214781012,12.0,5.0,0.0007259742388173236,0,,0,0,0.0
1781617081.0,1781617681.0,4.448333333333333,2.0600964109046505,12.0,2.0,0.0004328067577965507,0,,0,0,0.0
1781617141.0,1781617741.0,4.466666666666667,2.0661289623082313,12.0,2.0,0.0006820018944497081,0,,0,0,0.0
1781617201.0,1781617801.0,4.456666666666667,2.082015583248331,12.0,7.0,0.00018705607515576213,0,,0,0,0.0
1781617261.0,1781617861.0,4.483333333333333,2.0855987682730883,12.0,2.0,-0.00048616801713338324,0,,0,0,0.0
1781617321.0,1781617921.0,4.41,2.0901116397615387,12.0,5.0,-0.0013415037263992443,0,,0,0,0.0
1781617381.0,1781617981.0,4.3,2.0639767440550294,12.0,4.0,-0.001710893641371231,0,,0,0,0.0
1781617441.0,1781618041.0,4.215,2.03603577244278,12.0,5.0,-0.0015870877419103895,0,,0,0,0.03
1781617501.0,1781618101.0,4.183333333333334,2.0419897703520022,12.0,8.0,-0.0018888385801071666,0,,0,0,0.04
1781617561.0,1781618161.0,4.093333333333334,2.049704585760809,12.0,7.0,-0.0015585043291786954,0,,0,1,0.765
1781617621.0,1781618221.0,4.066666666666666,2.0749832663314556,12.0,4.0,-0.001199281109114192,0,,0,0,0.215
1781617681.0,1781618281.0,4.03,2.053233222667768,12.0,1.0,-0.0005811682810230014,0,,0,0,0.0
1781617741.0,1781618341.0,4.026666666666666,2.026315759094706,11.0,6.0,0.000659168497690266,0,,0,0,0.0
1781617801.0,1781618401.0,4.008333333333334,1.9794605045034084,11.0,7.0,0.0007781410503918095,0,,0,0,0.0
1781617861.0,1781618461.0,3.9683333333333333,1.999332527509007,11.0,1.0,0.0009486970797141097,0,,0,0,0.0
1781617921.0,1781618521.0,4.0633333333333335,2.022207264901949,14.0,1.0,0.001124614235039541,0,,0,0,0.0
1781617981.0,1781618581.0,4.1066666666666665,2.044983020847742,14.0,2.0,0.0006427795632765707,0,,0,0,0.005
1781618041.0,1781618641.0,4.138333333333334,2.0410448032536888,14.0,4.0,0.0005049180692168598,0,,0,0,0.0
1781618101.0,1781618701.0,4.1433333333333335,2.0156361003139653,14.0,7.0,3.388898302494944e-05,0,,0,0,0.0
1781618161.0,1781618761.0,4.1433333333333335,2.0006971007348633,14.0,3.0,-0.0005867794077205768,0,,0,0,0.0
1781618221.0,1781618821.0,4.125,1.9423460899987246,14.0,4.0,-0.0008214745040958444,0,,0,0,0.0
1781618281.0,1781618881.0,4.078333333333333,1.923243065472716,14.0,5.0,-0.0010435862321839828,0,,0,0,0.0
1781618341.0,1781618941.0,4.035,1.9009931614816504,14.0,8.0,-0.0003229731193697778,0,,0,0,0.0
1781618401.0,1781619001.0,4.073333333333333,1.9020924150933243,14.0,5.0,-8.433356759324135e-05,0,,0,0,0.0
1781618461.0,1781619061.0,4.108333333333333,1.9113513253425936,14.0,5.0,-0.0001590837752327114,0,,0,0,0.005
1781618521.0,1781619121.0,4.148333333333333,1.899034111214318,11.0,6.0,0.0011724754790985558,0,,0,0,0.005
1781618581.0,1781619181.0,4.285,1.997608987431391,13.0,4.0,0.002170311584198839,0,,0,0,0.0
1781618641.0,1781619241.0,4.341666666666667,2.0277073808176125,13.0,7.0,0.0025645904571957104,0,,0,0,0.0
1781618701.0,1781619301.0,4.53,2.1281682264332393,13.0,10.0,0.003428842857896828,0,,0,0,0.015
1781618761.0,1781619361.0,4.713333333333333,2.227365159904311,14.0,5.0,0.0037380103833621796,0,,0,0,0.01
1781618821.0,1781619421.0,5.02,2.3908715286829336,14.0,8.0,0.0049684026900074715,0,,0,0,0.005
1781618881.0,1781619481.0,5.276666666666666,2.429016719214222,14.0,8.0,0.004685568571023813,0,,0,0,0.005
1781618941.0,1781619541.0,5.548333333333333,2.509514671981196,14.0,7.0,0.005006875019097275,0,,0,0,0.0
1781619001.0,1781619601.0,5.816666666666666,2.5624966124638857,14.0,6.0,0.005041958449884585,0,,0,0,0.0
1781619061.0,1781619661.0,6.145,2.628175856622485,14.0,7.0,0.004773263259064617,0,,0,0,0.0
1781619121.0,1781619721.0,6.415,2.6613483424760465,14.0,8.0,0.004878485773571596,0,,0,0,0.015
1781619181.0,1781619781.0,6.668333333333333,2.699073400673317,16.0,11.0,0.005189875527432024,0,,0,0,0.085
1781619241.0,1781619841.0,6.955,2.673257999769819,16.0,8.0,0.003943038730663143,0,,0,0,0.02
1781619301.0,1781619901.0,7.1033333333333335,2.6707031949573796,16.0,10.0,0.003028841746782627,0,,0,0,0.015
1781619361.0,1781619961.0,7.265,2.6617240653381034,16.0,6.0,0.001648310134194813,0,,0,0,0.0
1781619421.0,1781620021.0,7.345,2.6769338803937615,16.0,8.0,0.001812532812591144,0,,0,0,0.0
1781619481.0,1781620081.0,7.526666666666666,2.6905926649883085,16.0,7.0,0.0013726704796402115,0,,0,0,0.0
1781619541.0,1781620141.0,7.69,2.722847773930816,16.0,4.0,0.0016064489068025242,0,,0,0,0.0
1781619601.0,1781620201.0,7.89,2.8292342898152967,17.0,11.0,0.002158450440140119,0,,0,0,0.0
1781619661.0,1781620261.0,8.01,2.9074444677987117,17.0,13.0,0.0024766179906055316,0,,0,0,0.0
1781619721.0,1781620321.0,8.161666666666667,2.9741436676051065,17.0,10.0,0.003184036622323951,0,,0,0,0.0
1781619781.0,1781620381.0,8.183333333333334,3.002175137388816,17.0,6.0,0.0029415081708560322,0,,0,0,0.0
1781619841.0,1781620441.0,8.25,3.025585342816604,17.0,11.0,0.002505229181192178,0,,0,0,0.0
1781619901.0,1781620501.0,8.328333333333333,3.0183655437265307,17.0,11.0,0.0012704201956116477,0,,0,0,0.0
1781619961.0,1781620561.0,8.471666666666666,2.9556494868114673,17.0,7.0,0.0004974180483834558,0,,0,0,0.0
1781620021.0,1781620621.0,8.545,2.950927820194862,17.0,14.0,-0.00015008375023264973,0,,0,0,0.0
1781620081.0,1781620681.0,8.623333333333333,2.95038792176366,17.0,12.0,-0.00026766741018724227,0,,0,0,0.0
1781620141.0,1781620741.0,8.626666666666667,2.9575815946291133,17.0,8.0,-0.0003850566251572937,0,,0,0,0.0
1781620201.0,1781620801.0,8.556666666666667,2.9439410471150556,17.0,6.0,-0.0001887227464520662,0,,0,0,0.0
1781620261.0,1781620861.0,8.555,2.917814536029778,20.0,8.0,4.3694565818234665e-05,0,,0,0,0.0
1781620321.0,1781620921.0,8.443333333333333,2.9416756373800896,20.0,10.0,0.0003400565001569443,0,,0,0,0.0
1781620381.0,1781620981.0,8.501666666666667,2.8965491920943136,20.0,7.0,0.00032536201489448207,0,,0,0,0.0
1781620441.0,1781621041.0,8.525,2.880284997472762,20.0,10.0,0.0001861394059428004,0,,0,0,0.0
1781620501.0,1781621101.0,8.59,2.8487248609392473,20.0,12.0,-8.327800910558822e-05,0,,0,0,0.0
1781620561.0,1781621161.0,8.641666666666667,2.881538458686417,20.0,20.0,0.0006581407170575483,0,,0,0,0.0
1781620621.0,1781621221.0,8.69,2.9018212671814694,20.0,9.0,0.0008800024444512349,0,,0,0,0.0
1781620681.0,1781621281.0,8.683333333333334,2.890741927064554,20.0,10.0,0.0012184478290217413,0,,0,0,0.0
1781620741.0,1781621341.0,8.7,2.8676354952004157,20.0,14.0,0.0011855032930647028,0,,0,0,0.0
1781620801.0,1781621401.0,8.765,2.876880544385996,20.0,5.0,0.0010761418781718773,0,,0,0,0.0
1781620861.0,1781621461.0,8.663333333333334,2.817207048755124,20.0,5.0,1.9666721296457e-05,0,,0,0,0.0
1781620921.0,1781621521.0,8.751666666666667,2.8266583136669032,20.0,7.0,-0.000349195414431691,0,,0,0,0.0
1781620981.0,1781621581.0,8.836666666666666,2.91833095373975,20.0,6.0,0.0003811677254659143,0,,0,0,0.0
1781621041.0,1781621641.0,8.945,2.9504759503058713,20.0,14.0,0.0007669187969966611,0,,0,0,0.0
1781621101.0,1781621701.0,8.995,3.018549596522586,20.0,5.0,0.000750529862582945,0,,0,0,0.0
1781621161.0,1781621761.0,8.89,3.0333534797865767,20.0,6.0,0.00031938977608269616,0,,0,0,0.0
1781621221.0,1781621821.0,8.83,3.0535935114768193,20.0,11.0,6.277795216099092e-06,0,,0,0,0.0
1781621281.0,1781621881.0,8.833333333333334,3.09066695427091,20.0,10.0,6.133350370416834e-05,0,,0,0,0.0
1781621341.0,1781621941.0,8.863333333333333,3.111482319124154,20.0,14.0,0.0001462226283961793,0,,0,0,0.005
1781621401.0,1781622001.0,8.808333333333334,3.070547815763319,19.0,8.0,-8.475023541731601e-05,0,,0,0,0.0
1781621461.0,1781622061.0,8.925,3.070185933566022,19.0,7.0,-0.0013577537715382599,0,,0,0,0.0
1781621521.0,1781622121.0,8.908333333333333,3.0083102492189124,19.0,7.0,-0.001432142867063523,0,,0,0,0.0
1781621581.0,1781622181.0,8.771666666666667,2.934768115011625,18.0,4.0,-0.0012745313181425368,0,,0,0,0.0
1781621641.0,1781622241.0,8.611666666666666,2.910474856254369,18.0,5.0,-0.0010008083355787037,0,,0,0,0.015
1781621701.0,1781622301.0,8.405,2.877668326961952,18.0,7.0,-0.0015388653857371793,0,,0,0,0.0
1781621761.0,1781622361.0,8.371666666666666,2.8769539254025056,18.0,7.0,-0.0022485895794155074,0,,0,0,0.0
1781621821.0,1781622421.0,8.24,2.8529049522664907,18.0,3.0,-0.0033395648321245305,0,,0,0,0.0
1781621881.0,1781622481.0,8.02,2.847735942814923,18.0,4.0,-0.004112289200803334,0,,0,0,0.0
1781621941.0,1781622541.0,7.845,2.8280101956440444,18.0,6.0,-0.0036220378389940086,0,,0,0,0.0
1781622001.0,1781622601.0,7.73,2.798886683427299,18.0,8.0,-0.0034705651960144253,0,,0,0,0.0
1781622061.0,1781622661.0,7.595,2.763628351762709,18.0,9.0,-0.00240447890133028,0,,0,0,0.0
1781622121.0,1781622721.0,7.425,2.6964869120147177,18.0,10.0,-0.0014996986102739183,0,,0,0,0.0
1781622181.0,1781622781.0,7.306666666666667,2.675061785371612,17.0,8.0,-0.0009694471373531536,0,,0,0,0.0
1781622241.0,1781622841.0,7.28,2.6686326086593484,17.0,8.0,0.00027788966080461125,0,,0,0,0.0
1781622301.0,1781622901.0,7.378333333333333,2.6854913682395054,17.0,11.0,0.0009029747304853709,0,,0,0,0.0
1781622361.0,1781622961.0,7.498333333333333,2.7404374143961436,16.0,10.0,0.0029763138230939493,0,,0,0,0.015
1781622421.0,1781623021.0,7.638333333333334,2.775043042709228,16.0,12.0,0.003441315114764217,0,,0,0,0.015
1781622481.0,1781623081.0,7.808333333333334,2.7841690362156934,16.0,6.0,0.0030467029075080753,0,,0,0,0.01
1781622541.0,1781623141.0,7.973333333333334,2.7957030521061346,17.0,10.0,0.0035489543026508415,0,,0,0,0.0
1781622601.0,1781623201.0,8.073333333333334,2.8156625429116247,17.0,9.0,0.003146119850332925,0,,0,0,0.005
1781622661.0,1781623261.0,8.21,2.8628482320933464,17.0,6.0,0.0031477865216292446,0,,0,0,0.0
1781622721.0,1781623321.0,8.295,2.8811991137950415,17.0,14.0,0.0016775324375901102,0,,0,0,0.0
1781622781.0,1781623381.0,8.47,2.852910794259085,17.0,5.0,0.0007884466345739885,0,,0,0,0.0
1781622841.0,1781623441.0,8.535,2.8859617114577247,17.0,9.0,-4.047233464537423e-05,0,,0,0,0.0
1781622901.0,1781623501.0,8.561666666666667,2.925667540161656,17.0,10.0,-0.0005514181983838931,0,,0,0,0.0
1781622961.0,1781623561.0,8.426666666666666,2.9151253070074974,17.0,7.0,-0.0007158353217647806,0,,0,0,0.0
1781623021.0,1781623621.0,8.378333333333334,2.899746636441804,17.0,8.0,-0.0010361973227703376,0,,0,0,0.0
1781623081.0,1781623681.0,8.351666666666667,2.8713522753032046,17.0,4.0,-0.0013309203636676825,0,,0,0,0.0
1781623141.0,1781623741.0,8.26,2.8470569599734628,17.0,5.0,-0.0010267250742363255,0,,0,0,0.0
1781623201.0,1781623801.0,8.175,2.8185767685127896,17.0,8.0,-0.0017306992519423776,0,,0,0,0.0
1781623261.0,1781623861.0,8.143333333333333,2.783185624823149,20.0,7.0,-0.0006067794632762915,0,,0,0,0.0
1781623321.0,1781623921.0,9.145,4.297360624073029,32.0,19.0,0.008159105997516672,0,,0,0,0.1
1781623381.0,1781623981.0,10.535,6.015710681207999,32.0,21.0,0.020017472270756308,0,,0,0,0.235
1781623441.0,1781624041.0,11.628333333333334,6.590159119643639,32.0,11.0,0.025474265206292236,0,,0,0,0.01
1781623501.0,1781624101.0,11.986666666666666,6.54062858005423,32.0,10.0,0.02215972822146728,0,,0,0,0.0
1781623561.0,1781624161.0,12.16,6.499312784184699,32.0,6.0,0.015052819591165533,0,,0,0,0.005
1781623621.0,1781624221.0,12.303333333333333,6.446031509558592,32.0,8.0,0.008076577990494407,0,,0,0,0.005
1781623681.0,1781624281.0,12.296666666666667,6.479350962009149,32.0,4.0,-0.00039211220031167395,0,,0,0,0.015
1781623741.0,1781624341.0,12.228333333333333,6.517887992968957,32.0,8.0,-0.009522387562187677,0,,0,0,0.025
1781623801.0,1781624401.0,12.198333333333334,6.562443438909694,32.0,8.0,-0.019309525859794053,0,,0,0,0.33
1781623861.0,1781624461.0,11.933333333333334,6.736880253912456,32.0,5.0,-0.02908108078077997,0,,0,0,0.06
1781623921.0,1781624521.0,10.775,6.414907767588453,32.0,5.0,-0.02760788224411734,0,,0,0,0.04
1781623981.0,1781624581.0,9.178333333333333,4.964191497335918,32.0,7.0,-0.01812596701657504,0,,0,0,0.095
1781624041.0,1781624641.0,7.906666666666666,3.415838924123261,21.0,3.0,-0.009075969655471276,0,,0,0,0.015
1781624101.0,1781624701.0,7.381666666666667,3.037981329033402,21.0,5.0,-0.005529154247650692,0,,0,0,0.0
1781624161.0,1781624761.0,7.1,2.834901526802416,21.0,12.0,-0.003859010719474226,0,,0,0,0.0
1781624221.0,1781624821.0,6.831666666666667,2.690724293238202,21.0,11.0,-0.001541587615521157,0,,0,0,0.0
1781624281.0,1781624881.0,6.8,2.588435821108957,19.0,5.0,0.0006106128072578049,0,,0,0,0.015
1781624341.0,1781624941.0,6.713333333333333,2.5516966033514947,19.0,6.0,0.0009134469817971742,0,,0,0,0.0
1781624401.0,1781625001.0,6.611666666666666,2.4941659705979653,15.0,4.0,0.0007982522173672682,0,,0,0,0.0
1781624461.0,1781625061.0,6.701666666666667,2.491852835854388,15.0,9.0,0.00014897263603509832,0,,0,0,0.005
1781624521.0,1781625121.0,6.806666666666667,2.5805598014556623,15.0,7.0,0.0004838346773185456,0,,0,0,0.0
1781624581.0,1781625181.0,6.915,2.6447006761950713,15.0,9.0,0.0013151425420626147,0,,0,0,0.015
1781624641.0,1781625241.0,7.07,2.7328434520355045,15.0,6.0,0.0021045614015594506,0,,0,0,0.0
1781624701.0,1781625301.0,7.15,2.7100123000950873,15.0,4.0,0.002206006127794801,0,,0,0,0.0
1781624761.0,1781625361.0,7.3966666666666665,2.7825627675859455,18.0,14.0,0.003433453981816609,0,,0,0,0.0
1781624821.0,1781625421.0,7.886666666666667,3.092543002485531,21.0,10.0,0.006580740502056938,0,,0,0,0.0
1781624881.0,1781625481.0,8.385,3.5104759886184476,21.0,9.0,0.010659890721918674,0,,0,0,0.02
1781624941.0,1781625541.0,8.861666666666666,3.6577584969790204,21.0,21.0,0.011171558809885592,0,,0,0,0.055
1781625001.0,1781625601.0,9.36,3.6304820616551736,21.0,10.0,0.010224972847146793,0,,0,0,0.035
1781625061.0,1781625661.0,9.796666666666667,3.663603265760212,21.0,7.0,0.009025302848063462,0,,0,0,0.005
1781625121.0,1781625721.0,10.033333333333333,3.564952859280034,21.0,15.0,0.006399517776438259,0,,0,0,0.025
1781625181.0,1781625781.0,10.191666666666666,3.54940331448666,21.0,8.0,0.0033054814041149996,0,,0,0,0.0
1781625241.0,1781625841.0,10.248333333333333,3.5175745273633585,21.0,9.0,-0.00018425051180699103,0,,0,0,0.0
1781625301.0,1781625901.0,10.261666666666667,3.528436465190905,21.0,12.0,-0.005469876305211959,0,,0,0,0.0
1781625361.0,1781625961.0,10.003333333333334,3.6810309546224804,21.0,7.0,-0.010162194894985826,0,,0,0,0.01
1781625421.0,1781626021.0,9.468333333333334,3.72768881331166,21.0,9.0,-0.011655671265753523,0,,0,0,0.055
1781625481.0,1781626081.0,8.731666666666667,3.6331341688532355,21.0,5.0,-0.011768393801093912,0,,0,0,0.0
1781625541.0,1781626141.0,8.2,3.5142566781611158,21.0,8.0,-0.011509809749471519,0,,0,0,0.02
1781625601.0,1781626201.0,7.658333333333333,3.3899258431744816,20.0,5.0,-0.01054189039413999,0,,0,0,0.005
1781625661.0,1781626261.0,7.1066666666666665,3.080360729236468,19.0,9.0,-0.008555690432473432,0,,0,0,0.0
1781625721.0,1781626321.0,6.673333333333333,2.9080272045189366,19.0,6.0,-0.0070588529412581695,0,,0,0,0.0
1781625781.0,1781626381.0,6.295,2.6346362810326083,15.0,3.0,-0.004949930416473373,0,,0,0,0.0
1781625841.0,1781626441.0,5.935,2.4428347604098537,15.0,5.0,-0.0032922591451642943,0,,0,0,0.0
1781625901.0,1781626501.0,5.676666666666667,2.3703984662686755,15.0,6.0,-0.0021490615251709023,0,,0,0,0.0
1781625961.0,1781626561.0,5.503333333333333,2.3302336554279033,13.0,3.0,-0.002039505665293524,0,,0,0,0.0
1781626021.0,1781626621.0,5.371666666666667,2.300042873996531,13.0,6.0,-0.001637310103639177,0,,0,0,0.0
1781626081.0,1781626681.0,5.315,2.317133645980165,13.0,5.0,-0.0021797004991680473,0,,0,0,0.0
1781626141.0,1781626741.0,5.19,2.32247712582923,13.0,1.0,-0.002091116919769224,0,,0,0,0.0
1781626201.0,1781626801.0,5.063545150501672,2.3203279682123505,13.0,2.0,-0.0022280693922763846,0,,0,0,0.0
1781626261.0,1781626861.0,4.969899665551839,2.3360838918581712,13.0,3.0,-0.0019089113015627866,0,,0,0,0.0
1781626321.0,1781626921.0,4.906354515050167,2.3293804180176676,13.0,10.0,-0.0014871258769779733,0,,0,0,0.0
1781626381.0,1781626981.0,4.797658862876254,2.30185206891551,13.0,5.0,-0.0010387958409723778,0,,0,0,0.0
1781626441.0,1781627041.0,4.809364548494983,2.32201459300204,13.0,3.0,-0.00022173110564235914,0,,0,0,0.0
1781626501.0,1781627101.0,4.79933110367893,2.2277963272378907,11.0,7.0,0.00030538243940670756,0,,0,0,0.0
1781626561.0,1781627161.0,4.801003344481606,2.188186355961692,11.0,8.0,0.0003174891004498694,0,,0,0,0.0
1781626621.0,1781627221.0,4.7959866220735785,2.1689163053516753,11.0,5.0,0.0006786624206856307,0,,0,0,0.005
1781626681.0,1781627281.0,4.739130434782608,2.1651327702366556,11.0,3.0,5.974385453272605e-05,0,,0,0,0.0
1781626741.0,1781627341.0,4.775919732441472,2.16384599850886,11.0,6.0,0.0002919330041268832,0,,0,0,0.005
1781626801.0,1781627401.0,4.783333333333333,2.1485783413431516,11.0,9.0,-0.0003488898580273827,0,,0,0,0.0
1781626861.0,1781627461.0,4.818333333333333,2.0972991891689863,11.0,0.0,-0.00021113947538743444,0,,0,0,0.0
1781626921.0,1781627521.0,4.823333333333333,2.089367262009137,11.0,5.0,-0.00011155586543296093,0,,0,0,0.0
1781626981.0,1781627581.0,4.861666666666666,2.121916717393865,12.0,8.0,-0.0003326398128883699,0,,0,0,0.0
1781627041.0,1781627641.0,4.818333333333333,2.1210053957708097,14.0,3.0,0.00011291698032493692,0,,0,0,0.0
1781627101.0,1781627701.0,4.808333333333334,2.132665911222123,14.0,6.0,0.0003613065591848907,0,,0,0,0.0
1781627161.0,1781627761.0,4.808333333333334,2.1474629734228765,14.0,9.0,0.0003355287098019727,0,,0,0,0.0
1781627221.0,1781627821.0,4.798333333333333,2.1340877572292,14.0,4.0,0.0005236403434453949,0,,0,0,0.0
1781627281.0,1781627881.0,4.826666666666667,2.1385249329593723,14.0,4.0,-0.00041305670293528325,0,,0,0,0.0
1781627341.0,1781627941.0,4.8,2.1118712081942874,14.0,5.0,-0.00020411167808799118,0,,0,0,0.0
1781627401.0,1781628001.0,4.8133333333333335,2.1091441128782282,14.0,2.0,-0.0006886685796349454,0,,0,0,0.0
1781627461.0,1781628061.0,4.806666666666667,2.119580671317377,14.0,5.0,-0.00024227845077347317,0,,0,0,0.0
1781627521.0,1781628121.0,4.79,2.1234955458708487,14.0,6.0,-0.000256334045372349,0,,0,0,0.0
1781627581.0,1781628181.0,4.781666666666666,2.100158062834531,14.0,7.0,-8.925024791735661e-05,0,,0,0,0.0
1781627641.0,1781628241.0,4.765,2.113395766690817,12.0,7.0,-0.00014286150794864147,0,,0,0,0.0
1781627701.0,1781628301.0,4.798333333333333,2.1278307942336228,12.0,4.0,0.0004454179039386246,0,,0,0,0.0
1781627761.0,1781628361.0,4.748333333333333,2.1342439462775156,12.0,2.0,-1.7805605015564123e-05,0,,0,0,0.0
1781627821.0,1781628421.0,4.6883333333333335,2.1317904577034663,12.0,1.0,-0.0003398620551723773,0,,0,0,0.0
1781627881.0,1781628481.0,4.673333333333333,2.106329086876555,12.0,4.0,-0.0008633357314881482,0,,0,0,0.0
1781627941.0,1781628541.0,4.635,2.095656221807384,12.0,2.0,-0.0009815305042514015,0,,0,0,0.0
1781628001.0,1781628601.0,4.631666666666667,2.082305746575709,12.0,7.0,-0.0009974194372762144,0,,0,0,0.0
1781628061.0,1781628661.0,4.6066666666666665,2.0797328888318543,11.0,4.0,-0.0005329459248497979,0,,0,0,0.0
1781628121.0,1781628721.0,4.576666666666667,2.0762439377127366,11.0,6.0,-0.0005830016194489426,0,,0,0,0.0
1781628181.0,1781628781.0,4.516666666666667,2.0671370432449696,11.0,9.0,-0.0005984461067947382,0,,0,0,0.0
1781628241.0,1781628841.0,4.543333333333333,2.0497452416228596,11.0,3.0,-6.283350787085622e-05,0,,0,0,0.0
1781628301.0,1781628901.0,4.443333333333333,1.9891678885626747,11.0,5.0,0.00040744557623771026,0,,0,0,0.0
1781628361.0,1781628961.0,4.461666666666667,2.009609553011618,11.0,6.0,0.0003138064272400778,0,,0,0,0.0
1781628421.0,1781629021.0,4.47,2.0196781921880524,12.0,4.0,-6.138905941405221e-05,0,,0,0,0.0
1781628481.0,1781629081.0,4.49,2.061528559103657,12.0,5.0,-0.00018088939135942113,0,,0,0,0.0
1781628541.0,1781629141.0,4.493333333333333,2.1244502556870777,12.0,3.0,-0.0003093341925949795,0,,0,0,0.0
1781628601.0,1781629201.0,4.491666666666666,2.1361797417092245,12.0,4.0,-0.00014547262631285328,0,,0,0,0.0
1781628661.0,1781629261.0,4.485,2.137703206715095,12.0,1.0,0.0002937508159744871,0,,0,0,0.0
1781628721.0,1781629321.0,4.4816666666666665,2.173245780445052,12.0,3.0,0.00011569476581879096,0,,0,0,0.0
1781628781.0,1781629381.0,4.503333333333333,2.1809758264491506,12.0,4.0,-0.00020827835632876736,0,,0,0,0.0
1781628841.0,1781629441.0,4.461666666666667,2.128817486044515,12.0,3.0,0.0002591396087211365,0,,0,0,0.0
1781628901.0,1781629501.0,4.431666666666667,2.1653322814036855,12.0,5.0,-0.0004890846919019252,0,,0,0,0.0
1781628961.0,1781629561.0,4.426666666666667,2.1774500887250867,12.0,3.0,-0.0004350567640465635,0,,0,0,0.0
1781629021.0,1781629621.0,4.458333333333333,2.204146975337373,11.0,4.0,-0.0003085286348017596,0,,0,0,0.0
1781629081.0,1781629681.0,4.523333333333333,2.214976799477191,12.0,7.0,0.00044772346589851564,0,,0,0,0.0
1781629141.0,1781629741.0,4.511666666666667,2.19541884133504,12.0,7.0,0.0001460837391214965,0,,0,0,0.0
1781629201.0,1781629801.0,4.541666666666667,2.2199693441326813,12.0,8.0,0.0005661404615012798,0,,0,0,0.0
1781629261.0,1781629861.0,4.515,2.241229201427943,15.0,5.0,0.0005475292986924933,0,,0,0,0.04
1781629321.0,1781629921.0,4.536666666666667,2.232783514410258,15.0,2.0,0.0004910013638926742,0,,0,0,0.035
1781629381.0,1781629981.0,4.611666666666666,2.2332779843887676,15.0,3.0,0.001000197222770061,0,,0,0,0.03
1781629441.0,1781630041.0,4.6866666666666665,2.322029763422989,15.0,7.0,0.0014998374995486084,0,,0,0,0.0
1781629501.0,1781630101.0,4.72,2.337006632425334,15.0,4.0,0.0003354453762371587,0,,0,0,0.0
1781629561.0,1781630161.0,4.795,2.3179678600015143,15.0,5.0,0.00043130675362987005,0,,0,0,0.0
1781629621.0,1781630221.0,4.871666666666667,2.2836806305221886,15.0,2.0,0.0008206967241575627,0,,0,0,0.0
1781629681.0,1781630281.0,4.833333333333333,2.2484562605386738,15.0,2.0,0.001096780824391179,0,,0,0,0.0
1781629741.0,1781630341.0,4.8566666666666665,2.218735876324374,15.0,4.0,0.0002624451734588178,0,,0,0,0.03
1781629801.0,1781630401.0,4.806666666666667,2.191488585921045,15.0,2.0,-0.00013061147392075817,0,,0,0,0.025
1781629861.0,1781630461.0,4.79,2.1884317063443706,12.0,8.0,-0.0010680029666749072,0,,0,0,0.0
1781629921.0,1781630521.0,4.846666666666667,2.235282731309149,12.0,0.0,-0.0009327803688343584,0,,0,0,0.0
1781629981.0,1781630581.0,4.84,2.2541221498993056,13.0,4.0,-0.00028355634321206654,0,,0,0,0.0
1781630041.0,1781630641.0,4.79,2.1983099569138713,13.0,5.0,0.00014505595848877663,0,,0,0,0.0
1781630101.0,1781630701.0,4.865,2.2022961502335088,13.0,5.0,-0.0002313617537826552,0,,0,0,0.0
1781630161.0,1781630761.0,4.89,2.237088882156153,13.0,6.0,0.0006340017611160039,0,,0,0,0.0
1781630221.0,1781630821.0,4.868333333333333,2.270315078476015,13.0,5.0,0.0014766985463848493,0,,0,0,0.0
1781630281.0,1781630881.0,4.861666666666666,2.2750525024466772,13.0,8.0,0.0012943647065686286,0,,0,0,0.0
1781630341.0,1781630941.0,4.911666666666667,2.270946327463998,13.0,3.0,0.0011290864696846309,0,,0,0,0.0
1781630401.0,1781631001.0,4.928333333333334,2.2715333783347513,13.0,3.0,0.0002207506131961471,0,,0,0,0.0
1781630461.0,1781631061.0,4.9816666666666665,2.2296480788580864,13.0,4.0,-0.0007118075327987068,0,,0,0,0.0
1781630521.0,1781631121.0,4.96,2.182903265531175,13.0,6.0,-0.000546279295220269,0,,0,0,0.0
1781630581.0,1781631181.0,4.875,2.1678041885742356,13.0,3.0,-0.0009507526409795608,0,,0,0,0.0
1781630641.0,1781631241.0,4.86,2.180305788951021,13.0,6.0,-0.0013038925108125262,0,,0,0,0.0
1781630701.0,1781631301.0,4.82,2.1480844179563023,13.0,4.0,-0.0013801705004736033,0,,0,0,0.0
1781630761.0,1781631361.0,4.655,2.141488967984659,13.0,2.0,-0.0016589212747813186,0,,0,0,0.0
1781630821.0,1781631421.0,4.533333333333333,2.098147330914162,13.0,4.0,-0.0016665601848893975,0,,0,0,0.0
1781630881.0,1781631481.0,4.461666666666667,2.090103001183328,13.0,5.0,-0.0019194775541043181,0,,0,0,0.0
1781630941.0,1781631541.0,4.373333333333333,2.08980594527073,13.0,7.0,-0.001534059816832823,0,,0,0,0.0
1781631001.0,1781631601.0,4.3533333333333335,2.13974037885181,13.0,1.0,-0.0013548370967697153,0,,0,0,0.0
1781631061.0,1781631661.0,4.308333333333334,2.138519087800922,13.0,8.0,-0.0009133080925224821,0,,0,0,0.0
1781631121.0,1781631721.0,4.165,2.107393730021358,13.0,6.0,-0.0008960302667507387,0,,0,0,0.01
1781631181.0,1781631781.0,4.138333333333334,2.109312025808942,13.0,7.0,-0.000929585915516432,0,,0,0,0.01
1781631241.0,1781631841.0,4.091666666666667,2.0607273527136534,13.0,5.0,-0.0004097511381976095,0,,0,0,0.0
1781631301.0,1781631901.0,4.011666666666667,2.0619239936417526,13.0,3.0,-7.108353078758367e-05,0,,0,0,0.01
1781631361.0,1781631961.0,4.005,2.0260737893768828,11.0,1.0,-0.0005894738596496112,0,,0,0,0.0
1781631421.0,1781632021.0,3.9966666666666666,2.0289543010022566,11.0,2.0,-0.0006860574612707267,0,,0,0,0.0
1781631481.0,1781632081.0,3.96,2.026918843959965,11.0,3.0,-0.0009748360412112293,0,,0,0,0.01
1781631541.0,1781632141.0,3.993333333333333,2.0477521551420446,11.0,7.0,-0.000297611937810933,0,,0,0,0.0
1781631601.0,1781632201.0,3.973333333333333,1.9856037424980397,11.0,6.0,0.00026488962469340196,0,,0,0,0.0
1781631661.0,1781632261.0,4.25,2.3059705115200413,13.0,10.0,0.0035121208670024105,0,,0,0,0.205
1781631721.0,1781632321.0,4.966666666666667,3.148368184031566,20.0,13.0,0.008510968086022457,0,,0,0,0.04
1781631781.0,1781632381.0,5.89,4.089568029348169,24.0,13.0,0.014964041566782127,0,,0,0,0.055
1781631841.0,1781632441.0,6.916666666666667,4.874394549297607,24.0,7.0,0.020682446340128717,0,,0,0,0.015
1781631901.0,1781632501.0,7.931666666666667,5.273550090361858,24.0,10.0,0.02358731552032089,0,,0,0,0.025
1781631961.0,1781632561.0,8.695,5.1969839009435725,24.0,9.0,0.02202603340564835,0,,0,0,0.03
1781632021.0,1781632621.0,9.34,5.014419208642213,24.0,10.0,0.018175217153380982,0,,0,0,0.06
1781632081.0,1781632681.0,9.911666666666667,4.694024274424759,24.0,8.0,0.011943338731496477,0,,0,0,0.03
1781632141.0,1781632741.0,10.395,4.37138136062275,24.0,12.0,0.005497154158761549,0,,0,0,0.04
1781632201.0,1781632801.0,10.848333333333333,3.949936356730602,24.0,10.0,-0.002954091539143168,0,,0,0,0.0
1781632261.0,1781632861.0,10.888333333333334,3.8977596841718647,24.0,12.0,-0.010241111780866055,0,,0,0,0.0
1781632321.0,1781632921.0,10.585,3.9420098511630672,24.0,10.0,-0.01343700954724875,0,,0,0,0.025
1781632381.0,1781632981.0,10.045,3.8569817647136126,24.0,11.0,-0.012948119300331386,0,,0,0,0.195
1781632441.0,1781633041.0,9.358333333333333,3.52371923146868,24.0,9.0,-0.010347500965280457,0,,0,0,0.4
1781632501.0,1781633101.0,8.796666666666667,3.0727819461993864,19.0,5.0,-0.006158517106991982,0,,0,0,0.0
1781632561.0,1781633161.0,8.631666666666666,3.017062128775092,18.0,9.0,-0.0025089236358989994,0,,0,0,0.0
1781632621.0,1781633221.0,8.611666666666666,3.029994041064914,18.0,12.0,0.0008414190039416822,0,,0,0,0.01
1781632681.0,1781633281.0,8.491666666666667,3.033688166059407,18.0,7.0,0.0012471423531731952,0,,0,0,0.0
1781632741.0,1781633341.0,8.211666666666666,3.076826918903448,18.0,2.0,0.0003720843669010187,0,,0,0,0.005
1781632801.0,1781633401.0,7.965,3.131630299593701,18.0,2.0,-0.0009411970588807123,0,,0,0,0.0
1781632861.0,1781633461.0,7.685,3.2412613285571408,18.0,4.0,-0.004404595568321029,0,,0,0,0.01
1781632921.0,1781633521.0,7.321666666666666,3.366728959819737,18.0,3.0,-0.0077224936735935425,0,,0,0,0.015
1781632981.0,1781633581.0,7.01,3.3654964963087792,18.0,2.0,-0.009530693140814285,0,,0,0,0.005
1781633041.0,1781633641.0,6.695,3.39636693149214,18.0,5.0,-0.011260725724238132,0,,0,0,0.005
1781633101.0,1781633701.0,6.3,3.364025366531392,18.0,0.0,-0.011490198583884965,0,,0,0,0.0
1781633161.0,1781633761.0,5.79,3.0977249716525836,18.0,1.0,-0.009285914683096346,0,,0,0,0.0
1781633221.0,1781633821.0,5.135,2.6608472961320673,16.0,3.0,-0.006500323612010043,0,,0,0,0.0
1781633281.0,1781633881.0,4.7316666666666665,2.355772461187389,14.0,2.0,-0.0040592057200158895,0,,0,0,0.0
1781633341.0,1781633941.0,4.47,2.1967627697743484,13.0,7.0,-0.0027879521887560804,0,,0,0,0.0
1781633401.0,1781634001.0,4.263333333333334,2.074605718899109,13.0,5.0,-0.0010841141225392324,0,,0,0,0.005
1781633461.0,1781634061.0,4.241666666666666,2.047746050878597,13.0,2.0,-0.00044675124097566917,0,,0,0,0.0
1781633521.0,1781634121.0,4.236666666666666,2.024184335040221,13.0,6.0,-0.0009280581334948157,0,,0,0,0.005
1781633581.0,1781634181.0,4.126666666666667,2.0150985638976127,13.0,3.0,-0.0009120025333403728,0,,0,0,0.005
1781633641.0,1781634241.0,4.066666666666666,1.983823468848868,13.0,2.0,-0.0009090580807168901,0,,0,0,0.0
1781633701.0,1781634301.0,3.995,1.9274270414207642,13.0,2.0,-0.000897141380948282,0,,0,0,0.0
1781633761.0,1781634361.0,3.9766666666666666,1.9415085772552112,13.0,1.0,0.00012677812993924846,0,,0,0,0.0
1781633821.0,1781634421.0,4.0,1.9131126469708992,13.0,4.0,-0.0004047789021636162,0,,0,0,0.0
1781633881.0,1781634481.0,3.9716666666666667,1.9150797778566708,13.0,3.0,-0.0003735843710676953,0,,0,0,0.0
1781633941.0,1781634541.0,3.9166666666666665,1.9060575950258047,13.0,5.0,-0.0009667804632790626,0,,0,0,0.0
1781634001.0,1781634601.0,3.8783333333333334,1.875330341270276,12.0,7.0,-0.0008163633787871667,0,,0,0,0.0
1781634061.0,1781634661.0,3.908333333333333,1.9200513592667834,12.0,2.0,0.0006539740388167725,0,,0,0,0.0
1781634121.0,1781634721.0,3.9983333333333335,1.9962457820173904,12.0,3.0,0.0015618098939163716,0,,0,0,0.0
1781634181.0,1781634781.0,4.173333333333333,2.0639659773251,14.0,8.0,0.0024166733796482736,0,,0,0,0.005
1781634241.0,1781634841.0,4.261666666666667,2.114205261768329,14.0,4.0,0.0024412567812688397,0,,0,0,0.005
1781634301.0,1781634901.0,4.385,2.158728406570251,14.0,9.0,0.002409145580959946,0,,0,0,0.0
1781634361.0,1781634961.0,4.515,2.2150489084141385,14.0,6.0,0.0036491490254139582,0,,0,0,0.01
1781634421.0,1781635021.0,4.593333333333334,2.2191489860354627,14.0,5.0,0.0029891749699304713,0,,0,0,0.005
1781634481.0,1781635081.0,4.678333333333334,2.2334272368318207,14.0,3.0,0.0022333673149092124,0,,0,0,0.0
1781634541.0,1781635141.0,4.763333333333334,2.2137424320718875,14.0,3.0,0.00035516765324348424,0,,0,0,0.0
1781634601.0,1781635201.0,4.841666666666667,2.1571425286449872,14.0,5.0,-0.000952474867985749,0,,0,0,0.0
1781634661.0,1781635261.0,4.793333333333333,2.1456830044430037,14.0,6.0,-0.0015320598112772519,0,,0,0,0.0
1781634721.0,1781635321.0,4.743333333333333,2.1144240087761226,14.0,4.0,-0.0018266161850449543,0,,0,0,0.0
1781634781.0,1781635381.0,4.531666666666666,2.139859159436018,14.0,5.0,-0.0024774791041086252,0,,0,0,0.0
1781634841.0,1781635441.0,4.426666666666667,2.124764039186992,14.0,8.0,-0.0031000641668449077,0,,0,0,0.0
1781634901.0,1781635501.0,4.278333333333333,2.096234057118198,14.0,6.0,-0.00345820405056681,0,,0,0,0.0
1781634961.0,1781635561.0,4.053333333333334,2.0339998907462005,12.0,2.0,-0.0025993405537237694,0,,0,0,0.0
1781635021.0,1781635621.0,3.8783333333333334,2.0248943731025135,10.0,2.0,-0.0030483695788043864,0,,0,0,0.0
1781635081.0,1781635681.0,3.716666666666667,1.9949241144019043,10.0,5.0,-0.0028222856174600548,0,,0,0,0.005
1781635141.0,1781635741.0,3.66,1.9725786845311564,10.0,3.0,-0.002288506356962103,0,,0,0,0.0
1781635201.0,1781635801.0,3.5616666666666665,1.968806039766798,10.0,1.0,-0.0014323095341931495,0,,0,0,0.015
1781635261.0,1781635861.0,3.5533333333333332,1.9409161639688501,10.0,3.0,-5.4555707099178894e-05,0,,0,0,0.0
1781635321.0,1781635921.0,3.525,1.9302957459070014,10.0,2.0,0.0013317536993158337,0,,0,0,0.0
1781635381.0,1781635981.0,3.6766666666666667,2.0286585606147614,10.0,6.0,0.002211117253103477,0,,0,0,0.0
1781635441.0,1781636041.0,3.9633333333333334,2.3206297038136485,14.0,8.0,0.004711346420406726,0,,0,0,0.105
1781635501.0,1781636101.0,4.318333333333333,2.5338371209601367,14.0,9.0,0.006875713543648732,0,,0,0,0.0
1781635561.0,1781636161.0,4.585,2.5992514948217944,14.0,4.0,0.007539548720968672,0,,0,0,0.0
1781635621.0,1781636221.0,4.776666666666666,2.5671233359973615,14.0,4.0,0.005813682815785601,0,,0,0,0.0
1781635681.0,1781636281.0,4.883333333333334,2.529767226885158,14.0,2.0,0.0033480648557357136,0,,0,0,0.0
1781635741.0,1781636341.0,4.85,2.544438379420234,14.0,2.0,0.0005211125586459975,0,,0,0,0.0
1781635801.0,1781636401.0,4.84,2.540551121312067,14.0,2.0,-0.0021167836577323795,0,,0,0,0.0
1781635861.0,1781636461.0,4.716666666666667,2.5858052689421314,14.0,4.0,-0.004512568090466923,0,,0,0,0.0
1781635921.0,1781636521.0,4.581666666666667,2.624880420556758,14.0,2.0,-0.006996880546890411,0,,0,0,0.0
1781635981.0,1781636581.0,4.348333333333334,2.6414006175175744,14.0,3.0,-0.008720163111564193,0,,0,0,0.0
1781636041.0,1781636641.0,3.946577629382304,2.4386599963634734,13.0,1.0,-0.008085534904521978,0,,0,0,0.005
1781636101.0,1781636701.0,3.5442404006677797,2.140544931392321,13.0,4.0,-0.005667562129712241,0,,0,0,0.005
1781636161.0,1781636761.0,3.2053422370617697,1.8534554224674864,10.0,1.0,-0.003502416053795545,0,,0,0,0.0
1781636221.0,1781636821.0,3.010016694490818,1.7373150565545994,10.0,1.0,-0.0020890090934771862,0,,0,0,0.0
1781636281.0,1781636881.0,2.8647746243739567,1.6767320273206714,10.0,5.0,-0.0010853435997927618,0,,0,0,0.0
1781636341.0,1781636941.0,2.8113522537562603,1.6615472427400888,10.0,3.0,-0.0006115526393073558,0,,0,0,0.0
1781636401.0,1781637001.0,2.7495826377295494,1.6548796644889177,10.0,2.0,0.00014810609341171343,0,,0,0,0.0
1781636461.0,1781637061.0,2.7579298831385644,1.6281639715609015,9.0,2.0,0.0006490577930490733,0,,0,0,0.0
1781636521.0,1781637121.0,2.7712854757929883,1.639285091024588,9.0,4.0,0.000716121146588798,0,,0,0,0.0
1781636581.0,1781637181.0,2.7796327212020033,1.6520900503772082,9.0,3.0,0.0001654778050495326,0,,0,0,0.0
1781636641.0,1781637241.0,2.8266666666666667,1.7078121156093906,9.0,2.0,-4.005566682129796e-05,0,,0,0,0.0
1781636701.0,1781637301.0,2.845,1.7342553637416454,9.0,6.0,0.00044414012261145515,0,,0,0,0.0
1781636761.0,1781637361.0,2.8466666666666667,1.752090814490568,9.0,4.0,0.0002917785882738584,0,,0,0,0.0
1781636821.0,1781637421.0,2.8533333333333335,1.7421697837913375,9.0,2.0,0.00035672321312003505,0,,0,0,0.0
1781636881.0,1781637481.0,2.865,1.7224328724220286,9.0,3.0,0.0001611948922080305,0,,0,0,0.0
1781636941.0,1781637541.0,2.8516666666666666,1.743463188280409,9.0,1.0,-0.00013519481998561215,0,,0,0,0.0
1781637001.0,1781637601.0,2.835,1.7003259491442615,9.0,1.0,-0.00030063972399923584,0,,0,0,0.0
1781637061.0,1781637661.0,2.815,1.7341977011479015,9.0,1.0,-6.397239992332986e-05,0,,0,0,0.0
1781637121.0,1781637721.0,2.775,1.7217360424873493,9.0,6.0,-0.00034897319159220053,0,,0,0,0.005
1781637181.0,1781637781.0,2.8,1.6881943016134133,9.0,4.0,-0.000604612790591087,0,,0,0,0.0
1781637241.0,1781637841.0,2.775,1.659630983080275,8.0,2.0,-0.0005429737304825878,0,,0,0,0.0
1781637301.0,1781637901.0,2.723333333333333,1.6197084785712383,8.0,3.0,-0.00028038966774907617,0,,0,0,0.0
1781637361.0,1781637961.0,2.6933333333333334,1.5935146340366282,8.0,2.0,-0.00048366801018891425,0,,0,0,0.0
1781637421.0,1781638021.0,2.6333333333333333,1.5849991237291654,8.0,1.0,-0.0006415017819493935,0,,0,0,0.0
1781637481.0,1781638081.0,2.578333333333333,1.5439766477796513,8.0,1.0,-0.0007843077341881522,0,,0,0,0.0
1781637541.0,1781638141.0,2.578333333333333,1.5189460893073927,8.0,4.0,-0.0006474740207611726,0,,0,0,0.0
1781637601.0,1781638201.0,2.545,1.529043818861971,8.0,2.0,-0.0007110853085702981,0,,0,0,0.0
1781637661.0,1781638261.0,2.5166666666666666,1.4943411777621454,9.0,3.0,-0.0003344453734593702,0,,0,0,0.0
1781637721.0,1781638321.0,2.5183333333333335,1.5043261688284963,9.0,3.0,-0.00038841774560485016,0,,0,0,0.0
1781637781.0,1781638381.0,2.513333333333333,1.5043787939064932,9.0,4.0,7.755577098825251e-05,0,,0,0,0.0
1781637841.0,1781638441.0,2.5516666666666667,1.536445211808377,9.0,1.0,0.0007335298153605985,0,,0,0,0.0
1781637901.0,1781638501.0,2.5883333333333334,1.5797248353924032,9.0,3.0,0.0012160311556420986,0,,0,0,0.0
1781637961.0,1781638561.0,2.6766666666666667,1.6468522162666033,10.0,3.0,0.0017622271172975477,0,,0,0,0.0
1781638021.0,1781638621.0,2.74,1.659035864591239,10.0,0.0,0.0015959488776357703,0,,0,0,0.0
1781638081.0,1781638681.0,2.8066666666666666,1.6869960152755417,10.0,2.0,0.001234281206336686,0,,0,0,0.0
1781638141.0,1781638741.0,2.825,1.707154064517904,10.0,2.0,0.0010693085258570159,0,,0,0,0.0
1781638201.0,1781638801.0,2.8533333333333335,1.7296884754840167,10.0,1.0,0.00035850099583610063,0,,0,0,0.0
1781638261.0,1781638861.0,2.8733333333333335,1.7235493094838403,10.0,3.0,-3.155564321012118e-05,0,,0,0,0.0
1781638321.0,1781638921.0,2.93,1.7277441940287341,10.0,3.0,-0.00032050089028024946,0,,0,0,0.0
1781638381.0,1781638981.0,2.9266666666666667,1.7208395883663559,10.0,6.0,-0.0007233353425981774,0,,0,0,0.0
1781638441.0,1781639041.0,2.89,1.6905324604987624,10.0,1.0,-0.0007620021166725462,0,,0,0,0.0
1781638501.0,1781639101.0,2.868333333333333,1.6676322203118474,10.0,1.0,-0.0007403076119655916,0,,0,0,0.0
1781638561.0,1781639161.0,2.8433333333333333,1.6699667328689183,9.0,7.0,1.955560987669636e-05,0,,0,0,0.0
1781638621.0,1781639221.0,2.81,1.6675031234353554,9.0,2.0,-0.00011988922191450318,0,,0,0,0.0
1781638681.0,1781639281.0,2.7983333333333333,1.6606215369219108,9.0,1.0,5.480570779363142e-05,0,,0,0,0.0
1781638741.0,1781639341.0,2.841666666666667,1.6683116881712747,8.0,5.0,0.0005441404003899984,0,,0,0,0.0
1781638801.0,1781639401.0,2.901666666666667,1.6478260088842984,8.0,4.0,0.0006533073702982465,0,,0,0,0.0
1781638861.0,1781639461.0,2.9516666666666667,1.6460044214872438,8.0,4.0,0.0008280300778613284,0,,0,0,0.0
1781638921.0,1781639521.0,3.0166666666666666,1.6811867501526678,8.0,2.0,0.0016103933622037853,0,,0,0,0.0
1781638981.0,1781639581.0,3.1016666666666666,1.7179436997630497,9.0,2.0,0.0017094214150594907,0,,0,0,0.0
1781639041.0,1781639641.0,3.1016666666666666,1.7343578702857787,9.0,2.0,0.0008966969352692664,0,,0,0,0.0
1781639101.0,1781639701.0,3.1016666666666666,1.7314725588995692,9.0,2.0,0.0002687507465298546,0,,0,0,0.0
1781639161.0,1781639761.0,3.1216666666666666,1.7253590608591851,9.0,4.0,0.0004203622787841073,0,,0,0,0.0
1781639221.0,1781639821.0,3.1483333333333334,1.7415502353427024,9.0,0.0,-0.000378806607796129,0,,0,0,0.0
1781639281.0,1781639881.0,3.17,1.756255486349675,9.0,2.0,-0.0008718357550993223,0,,0,0,0.025
1781639341.0,1781639941.0,3.1166666666666667,1.7738063278974086,9.0,0.0,-0.0011637254547929377,0,,0,0,0.005
1781639401.0,1781640001.0,3.0933333333333333,1.788282851104812,9.0,2.0,-0.0011238364551012666,0,,0,0,0.11
1781639461.0,1781640061.0,3.0416666666666665,1.8064506328402359,9.0,0.0,-0.0012350312084200266,0,,0,0,0.03
1781639521.0,1781640121.0,2.9583333333333335,1.7616083244833083,9.0,1.0,-0.0006490851363475985,0,,0,0,0.0
1781639581.0,1781640181.0,2.9166666666666665,1.699918298690329,8.0,4.0,0.00016933380370500893,0,,0,0,0.0
1781639641.0,1781640241.0,2.8933333333333335,1.6986138139344353,8.0,2.0,-0.00046339017608382227,0,,0,0,0.0
1781639701.0,1781640301.0,2.8783333333333334,1.7176138163808017,8.0,2.0,-0.0008214189483859683,0,,0,0,0.0
1781639761.0,1781640361.0,2.8116666666666665,1.6890422993190222,8.0,0.0,-0.0005663626843407936,0,,0,0,0.0
1781639821.0,1781640421.0,2.8033333333333332,1.6766998008654448,8.0,3.0,-0.0005274459095719676,0,,0,0,0.0
1781639881.0,1781640481.0,2.743333333333333,1.6515010007734043,8.0,0.0,-0.0006024461179058821,0,,0,0,0.0
1781639941.0,1781640541.0,2.715,1.6187778311635808,8.0,2.0,-0.0008946969297136968,0,,0,0,0.01
1781640001.0,1781640601.0,2.7333333333333334,1.6367311596254557,9.0,4.0,-0.00014383373287147851,0,,0,0,0.0
1781640061.0,1781640661.0,2.75,1.6424067705656842,9.0,2.0,2.4166733796483692e-05,0,,0,0,0.0
1781640121.0,1781640721.0,2.725,1.636879653487085,9.0,0.0,2.141672615757025e-05,0,,0,0,0.0
1781640181.0,1781640781.0,2.6883333333333335,1.6596778469195625,9.0,3.0,0.000511195864432956,0,,0,0,0.0
1781640241.0,1781640841.0,2.6783333333333332,1.6637900174668143,9.0,1.0,-1.7194492206923882e-05,0,,0,0,0.0
1781640301.0,1781640901.0,2.7283333333333335,1.703290116868592,9.0,2.0,0.00035463987399964465,0,,0,0,0.0
1781640361.0,1781640961.0,2.695,1.7025397694816609,9.0,6.0,-0.00013608371134364157,0,,0,0,0.0
1781640421.0,1781641021.0,2.6666666666666665,1.687865186822955,9.0,2.0,-0.0002083894677485255,0,,0,0,0.0
1781640481.0,1781641081.0,2.6683333333333334,1.7248180258282966,9.0,0.0,-0.000663362953785983,0,,0,0,0.0
1781640541.0,1781641141.0,2.6883333333333335,1.7052459907265252,9.0,1.0,-0.0009046969574915515,0,,0,0,0.0
1781640601.0,1781641201.0,2.6166666666666667,1.6722406791155657,9.0,6.0,-0.0005707238075661345,0,,0,0,0.005
1781640661.0,1781641261.0,2.5433333333333334,1.671762210629517,9.0,3.0,-0.0006220017277825775,0,,0,0,0.0
1781640721.0,1781641321.0,2.526666666666667,1.6869960152755417,9.0,0.0,-0.0006365017680604695,0,,0,0,0.0
1781640781.0,1781641381.0,2.5083333333333333,1.6891607054655542,9.0,1.0,-0.00034658429606748735,0,,0,0,0.0
1781640841.0,1781641441.0,2.598333333333333,1.7607755551334632,10.0,3.0,0.00015602821118947336,0,,0,0,0.0
1781640901.0,1781641501.0,2.5683333333333334,1.6956799684951036,10.0,6.0,0.0009609193358870407,0,,0,0,0.0
1781640961.0,1781641561.0,2.61,1.685595839260804,10.0,2.0,0.0008102244728457597,0,,0,0,0.0
1781641021.0,1781641621.0,2.6066666666666665,1.7025340590491052,10.0,3.0,0.0005551126530907031,0,,0,0,0.0
1781641081.0,1781641681.0,2.631666666666667,1.6968590264236907,10.0,2.0,0.0004734735374264911,0,,0,0,0.0
1781641141.0,1781641741.0,2.655,1.744316962787058,10.0,3.0,0.0007071408531690392,0,,0,0,0.0
1781641201.0,1781641801.0,2.7,1.747378989610821,10.0,2.0,0.0007287242464562392,0,,0,0,0.0
1781641261.0,1781641861.0,2.7816666666666667,1.7768878849143959,11.0,6.0,0.0004155844877346872,0,,0,0,0.0
1781641321.0,1781641921.0,2.805,1.7786628873023316,11.0,2.0,-4.225011736143848e-05,0,,0,0,0.0
1781641381.0,1781641981.0,2.795,1.7662507372020164,11.0,2.0,-0.0005496404156678209,0,,0,0,0.0
1781641441.0,1781642041.0,2.7533333333333334,1.732769138947508,11.0,5.0,4.377789938305326e-05,0,,0,0,0.0
1781641501.0,1781642101.0,2.7716666666666665,1.7586539991962287,11.0,3.0,0.0003539176497712483,0,,0,0,0.005
1781641561.0,1781642161.0,2.7683333333333335,1.752521199744972,11.0,1.0,0.00019286164683790847,0,,0,0,0.0
1781641621.0,1781642221.0,2.7933333333333334,1.7494634097980508,11.0,4.0,-0.00017488937469270906,0,,0,0,0.0
1781641681.0,1781642281.0,2.8133333333333335,1.7517102753848561,11.0,1.0,-0.00018322273117425558,0,,0,0,0.0
1781641741.0,1781642341.0,2.7866666666666666,1.7467557229205106,11.0,2.0,-0.0002850007916688687,0,,0,0,0.0
1781641801.0,1781642401.0,2.808333333333333,1.7649165860050031,11.0,3.0,0.000134917041436225,0,,0,0,0.0
1781641861.0,1781642461.0,2.79,1.7221788525005177,9.0,0.0,0.00035844544012622495,0,,0,0,0.0
1781641921.0,1781642521.0,2.796666666666667,1.7326248552092542,9.0,1.0,0.00021700060277945037,0,,0,0,0.0
1781641981.0,1781642581.0,2.81,1.7408522816903986,9.0,3.0,-0.00028583412731702124,0,,0,0,0.0
1781642041.0,1781642641.0,2.7916666666666665,1.696544691096845,9.0,1.0,-0.000351195419987278,0,,0,0,0.0
1781642101.0,1781642701.0,2.785,1.7006199849858679,9.0,2.0,4.047233464537088e-05,0,,0,0,0.0
1781642161.0,1781642761.0,2.7683333333333335,1.6994108456233363,9.0,1.0,-0.00031641754560429475,0,,0,0,0.0
1781642221.0,1781642821.0,2.75,1.683498341747525,9.0,1.0,-0.0005839460665168532,0,,0,0,0.0
1781642281.0,1781642881.0,2.7216666666666667,1.668591388633605,9.0,2.0,-0.0005220292278589687,0,,0,0,0.0
1781642341.0,1781642941.0,2.7016666666666667,1.6500496625522787,9.0,0.0,-0.000909696971380477,0,,0,0,0.0
1781642401.0,1781643001.0,2.6433333333333335,1.632826451960594,9.0,4.0,-0.0005311681421337268,0,,0,0,0.0
1781642461.0,1781643061.0,2.6266666666666665,1.655482474151334,9.0,5.0,-0.00032022311173086475,0,,0,0,0.005
1781642521.0,1781643121.0,2.598333333333333,1.6422537021490382,9.0,2.0,-0.0003187508854191299,0,,0,0,0.0
1781642581.0,1781643181.0,2.631666666666667,1.6204928948385495,9.0,1.0,9.083358564881468e-06,0,,0,0,0.0
1781642641.0,1781643241.0,2.6783333333333332,1.6876602804540441,9.0,2.0,0.0004833624537845913,0,,0,0,0.0
1781642701.0,1781643301.0,2.7116666666666664,1.738350910745264,10.0,3.0,0.0013098647496243023,0,,0,0,0.0
1781642761.0,1781643361.0,2.8,1.7748239349298849,10.0,1.0,0.001731615921155337,0,,0,0,0.0
1781642821.0,1781643421.0,2.7716666666666665,1.795233658577314,10.0,3.0,0.0009208081133558683,0,,0,0,0.0
1781642881.0,1781643481.0,2.8216666666666668,1.7841516813943321,10.0,2.0,0.0010590862752396539,0,,0,0,0.0
1781642941.0,1781643541.0,2.861666666666667,1.780223924741554,10.0,3.0,0.0006241961783227182,0,,0,0,0.0
1781643001.0,1781643601.0,2.88,1.776400855662933,10.0,1.0,0.00014122261450726228,0,,0,0,0.0
1781643061.0,1781643661.0,2.885,1.758344391750376,10.0,2.0,-0.0002948063744621526,0,,0,0,0.0
1781643121.0,1781643721.0,2.9066666666666667,1.762939464518154,10.0,0.0,-0.0009230581196058875,0,,0,0,0.0
1781643181.0,1781643781.0,2.8766666666666665,1.8215713607273865,10.0,5.0,-0.0010980586057183495,0,,0,0,0.01
1781643241.0,1781643841.0,2.855,1.775004694829472,10.0,3.0,-0.0007871410753918797,0,,0,0,0.0
1781643301.0,1781643901.0,2.805,1.7079153960310798,8.0,2.0,-0.0003596954435984554,0,,0,0,0.0
1781643361.0,1781643961.0,2.7516666666666665,1.6802769282340204,8.0,2.0,0.0003524732013144468,0,,0,0,0.0
1781643421.0,1781644021.0,2.848333333333333,1.686810764595589,8.0,5.0,0.00022802841119003321,0,,0,0,0.0
1781643481.0,1781644081.0,2.81,1.6863866697765373,8.0,3.0,0.0004118344773179915,0,,0,0,0.0
1781643541.0,1781644141.0,2.86,1.6883127672324225,8.0,4.0,0.0008576690490806921,0,,0,0,0.0
1781643601.0,1781644201.0,2.8766666666666665,1.683683131972548,8.0,5.0,0.000782224395067767,0,,0,0,0.0
1781643661.0,1781644261.0,2.9183333333333334,1.7034271011372601,9.0,2.0,0.0008318078661329609,0,,0,0,0.0
1781643721.0,1781644321.0,2.92,1.6753905017437973,9.0,2.0,0.00034605651682366185,0,,0,0,0.0
1781643781.0,1781644381.0,2.9616666666666664,1.6442416353916949,9.0,4.0,0.0001660837946772069,0,,0,0,0.0
1781643841.0,1781644441.0,2.993333333333333,1.6522577146303647,9.0,3.0,0.0003726121461448496,0,,0,0,0.0
1781643901.0,1781644501.0,3.07,1.7141859097931396,9.0,6.0,0.0006475573543259879,0,,0,0,0.0
1781643961.0,1781644561.0,3.315,1.8927339133292527,10.0,7.0,0.0024818124494790273,0,,0,0,0.005
1781644021.0,1781644621.0,3.6816666666666666,2.2848042707320806,15.0,10.0,0.005576043266786851,0,,0,0,0.27
1781644081.0,1781644681.0,4.52,3.3520540966199617,23.0,14.0,0.011371420476167992,0,,0,0,0.06
1781644141.0,1781644741.0,5.84,5.030016567235805,25.0,16.0,0.020846946797074432,0,,0,0,0.045
1781644201.0,1781644801.0,7.071666666666666,5.762221552684539,25.0,12.0,0.026028933413703933,0,,0,0,0.02
1781644261.0,1781644861.0,7.555,5.691834062936128,25.0,2.0,0.022353256536823712,0,,0,0,0.02
1781644321.0,1781644921.0,7.685,5.62308708214032,25.0,3.0,0.013785677182436616,0,,0,0,0.015
1781644381.0,1781644981.0,7.66,5.6413119041584645,25.0,2.0,0.004334956485990235,0,,0,0,0.02
1781644441.0,1781645041.0,7.585,5.7019974570320535,25.0,3.0,-0.005210042250117366,0,,0,0,0.045
1781644501.0,1781645101.0,7.4783333333333335,5.762481863071,25.0,3.0,-0.01425145625404515,0,,0,0,0.06
1781644561.0,1781645161.0,7.158333333333333,5.942496435748943,25.0,0.0,-0.021473587426631736,0,,0,0,0.03
1781644621.0,1781645221.0,6.73,6.051481912171046,25.0,3.0,-0.025873849649582364,0,,0,0,0.025
1781644681.0,1781645281.0,5.898333333333333,5.857302896574687,25.0,2.0,-0.024744374289928584,0,,0,0,0.01
1781644741.0,1781645341.0,4.496666666666667,4.545692710932211,23.0,7.0,-0.016101766949352656,0,,0,0,0.1
1781644801.0,1781645401.0,3.21,2.5513199198323466,16.0,3.0,-0.006227906188628304,0,,0,0,0.035
1781644861.0,1781645461.0,2.64,1.7522556891047607,10.0,3.0,-0.0017862271839643982,0,,0,0,0.0
1781644921.0,1781645521.0,2.473333333333333,1.6245888368719297,9.0,5.0,-0.0005129458692940819,0,,0,0,0.005
1781644981.0,1781645581.0,2.41,1.6057916012567344,9.0,2.0,-0.00039922333117591843,0,,0,0,0.0
1781645041.0,1781645641.0,2.4006677796327214,1.609570569181587,9.0,2.0,-0.00031102035874307487,0,,0,0,0.0
1781645101.0,1781645701.0,2.3956594323873124,1.637024008237587,9.0,1.0,-0.0001902134498081933,0,,0,0,0.0
1781645161.0,1781645761.0,2.3939899833055094,1.6018657547977677,9.0,3.0,-0.0007855675708574925,0,,0,0,0.0
1781645221.0,1781645821.0,2.3906510851419034,1.6254382463248747,10.0,1.0,-0.00040172967597277973,0,,0,0,0.0
1781645281.0,1781645881.0,2.333889816360601,1.5809920791928667,10.0,6.0,-7.860767416750653e-05,0,,0,0,0.0
1781645341.0,1781645941.0,2.333889816360601,1.577821048148289,10.0,2.0,0.00023962600616734626,0,,0,0,0.0
1781645401.0,1781646001.0,2.312186978297162,1.5690139365173574,10.0,1.0,7.860461702373385e-05,0,,0,0,0.0
1781645461.0,1781646061.0,2.313856427378965,1.542386650742469,10.0,4.0,-2.592281674256286e-05,0,,0,0,0.0
1781645521.0,1781646121.0,2.360601001669449,1.5211970199006404,10.0,2.0,0.0004364609139973213,0,,0,0,0.0
1781645581.0,1781646181.0,2.3906510851419034,1.5115513187152598,10.0,6.0,0.0003454853627470812,0,,0,0,0.0
1781645641.0,1781646241.0,2.4166666666666665,1.526342760398929,10.0,7.0,0.0005530015361153799,0,,0,0,0.0
1781645701.0,1781646301.0,2.47,1.552127572076471,10.0,5.0,0.001079002997230549,0,,0,0,0.0
1781645761.0,1781646361.0,2.5516666666666667,1.5750123456306269,10.0,6.0,0.0010797529993138875,0,,0,0,0.0
1781645821.0,1781646421.0,2.526666666666667,1.5392494563549108,8.0,2.0,0.0008750579862721814,0,,0,0,0.0
1781645881.0,1781646481.0,2.565,1.5903170543427287,10.0,1.0,0.0006411406698351952,0,,0,0,0.0
1781645941.0,1781646541.0,2.5966666666666667,1.5981204237756579,10.0,4.0,0.000802168894913596,0,,0,0,0.0
1781646001.0,1781646601.0,2.703333333333333,1.617195789699634,10.0,2.0,0.0008365023236175642,0,,0,0,0.0
1781646061.0,1781646661.0,2.7916666666666665,1.6658122810075437,10.0,6.0,0.000744140955947094,0,,0,0,0.0
1781646121.0,1781646721.0,2.8133333333333335,1.6907066241334978,10.0,4.0,0.0009395026097294719,0,,0,0,0.0
1781646181.0,1781646781.0,2.881666666666667,1.7217231355695828,10.0,1.0,0.0008903635843432894,0,,0,0,0.0
1781646241.0,1781646841.0,2.8766666666666665,1.7189499378658148,10.0,3.0,0.0003799454998486058,0,,0,0,0.0
1781646301.0,1781646901.0,2.84,1.712035825170334,10.0,3.0,0.00022361173225481028,0,,0,0,0.0
1781646361.0,1781646961.0,2.835,1.734293804405701,10.0,2.0,0.00031602865563515515,0,,0,0,0.0
1781646421.0,1781647021.0,2.8666666666666667,1.771690968789108,10.0,4.0,-0.00041583448842913364,0,,0,0,0.0
1781646481.0,1781647081.0,2.848333333333333,1.7297390618883017,8.0,2.0,-0.0010896974713818645,0,,0,0,0.01
1781646541.0,1781647141.0,2.848333333333333,1.78568303147252,11.0,3.0,-0.0011462531840366233,0,,0,0,0.0
1781646601.0,1781647201.0,2.7816666666666667,1.7936918786557392,11.0,1.0,-0.0010632529534804248,0,,0,0,0.0
1781646661.0,1781647261.0,2.715,1.735062438838057,11.0,4.0,-0.000921197003325006,0,,0,0,0.0
1781646721.0,1781647321.0,2.6633333333333336,1.697053001202051,11.0,0.0,-0.0007986133294814718,0,,0,0,0.0
1781646781.0,1781647381.0,2.5883333333333334,1.6719840177332905,11.0,3.0,-0.0004425290070250218,0,,0,0,0.0
1781646841.0,1781647441.0,2.5883333333333334,1.6669924681560169,11.0,2.0,-0.00042164006011128057,0,,0,0,0.0
1781646901.0,1781647501.0,2.578333333333333,1.6473809179691528,11.0,4.0,-0.00048769579915499783,0,,0,0,0.0
1781646961.0,1781647561.0,2.545,1.6272599669382886,11.0,1.0,-0.00021025058402940067,0,,0,0,0.0
1781647021.0,1781647621.0,2.5166666666666666,1.5852619832556243,11.0,2.0,-0.0002970008250022927,0,,0,0,0.0
1781647081.0,1781647681.0,2.525,1.5904008928568922,11.0,2.0,-0.00040847335687043687,0,,0,0,0.0
1781647141.0,1781647741.0,2.533333333333333,1.521694961401777,9.0,2.0,0.00023250064583513135,0,,0,0,0.0
1781647201.0,1781647801.0,2.515,1.4741466458033723,8.0,3.0,7.625021180614356e-05,0,,0,0,0.0
1781647261.0,1781647861.0,2.5366666666666666,1.518328759597941,8.0,2.0,0.0002220561723782563,0,,0,0,0.0
1781647321.0,1781647921.0,2.5533333333333332,1.556862942658159,8.0,2.0,0.0003008897246936823,0,,0,0,0.0
1781647381.0,1781647981.0,2.57,1.5519127982374954,8.0,6.0,0.00016522268117411153,0,,0,0,0.0
1781647441.0,1781648041.0,2.5883333333333334,1.5680764933155809,8.0,6.0,0.0003963066564073811,0,,0,0,0.0
1781647501.0,1781648101.0,2.56,1.6030387809823359,8.0,1.0,-5.0500140278167535e-05,0,,0,0,0.0
1781647561.0,1781648161.0,2.5616666666666665,1.608165794382601,8.0,3.0,-6.347239853444162e-05,0,,0,0,0.0
1781647621.0,1781648221.0,2.62,1.6162508056198042,8.0,3.0,4.9666804630014054e-05,0,,0,0,0.0
1781647681.0,1781648281.0,2.67,1.6435023577713541,8.0,6.0,0.00030350084305789786,0,,0,0,0.0
1781647741.0,1781648341.0,2.695,1.6759002555840448,8.0,4.0,0.001012863924622012,0,,0,0,0.0
1781647801.0,1781648401.0,2.785,1.7171997554157756,8.0,4.0,0.0011280864669068519,0,,0,0,0.0
1781647861.0,1781648461.0,2.845,1.710060915094352,8.0,8.0,0.001487420798391105,0,,0,0,0.0
1781647921.0,1781648521.0,2.9316666666666666,1.7321462281099582,9.0,3.0,0.0019335887044130704,0,,0,0,0.0
1781647981.0,1781648581.0,3.0116666666666667,1.7459087095900008,9.0,3.0,0.001954033205647793,0,,0,0,0.0
1781648041.0,1781648641.0,3.1083333333333334,1.7578198302316297,10.0,5.0,0.002374812152255974,0,,0,0,0.0
1781648101.0,1781648701.0,3.22,1.7218981773999684,10.0,2.0,0.001621282281339672,0,,0,0,0.0
1781648161.0,1781648761.0,3.3333333333333335,1.7240134054647667,10.0,4.0,0.0012902258061827964,0,,0,0,0.0
1781648221.0,1781648821.0,3.4233333333333333,1.766575469344259,10.0,3.0,0.001290281361892674,0,,0,0,0.0
1781648281.0,1781648881.0,3.4966666666666666,1.791644185905474,10.0,6.0,0.0011575587709965825,0,,0,0,0.0
1781648341.0,1781648941.0,3.5283333333333333,1.7914232392771459,10.0,7.0,0.0007473076314100905,0,,0,0,0.0
1781648401.0,1781649001.0,3.546666666666667,1.7891773404432427,10.0,3.0,0.00035922322006449797,0,,0,0,0.005
1781648461.0,1781649061.0,3.53,1.8052977593737827,10.0,2.0,-0.00026777852160700806,0,,0,0,0.0
1781648521.0,1781649121.0,3.5033333333333334,1.7841867117043055,10.0,3.0,-0.0005012236145100402,0,,0,0,0.0
1781648581.0,1781649181.0,3.5116666666666667,1.8266172438569488,10.0,1.0,-0.0006871407976133261,0,,0,0,0.0
1781648641.0,1781649241.0,3.475,1.846449295269166,10.0,3.0,-0.0005521959783221603,0,,0,0,0.01
1781648701.0,1781649301.0,3.47,1.866127898439261,10.0,3.0,-0.0008754468762413225,0,,0,0,0.07
1781648761.0,1781649361.0,3.41,1.8480349924536965,10.0,4.0,-0.0009954472095755785,0,,0,0,0.025
1781648821.0,1781649421.0,3.421666666666667,1.8503685819016946,10.0,8.0,-2.4416734490926018e-05,0,,0,0,0.0
1781648881.0,1781649481.0,3.3366666666666664,1.8375678369942035,10.0,3.0,-0.00014377817716160055,0,,0,0,0.0
1781648941.0,1781649541.0,3.2916666666666665,1.8502064449376694,10.0,0.0,-0.00031552865424626044,0,,0,0,0.015
1781649001.0,1781649601.0,3.2483333333333335,1.912240541586986,12.0,4.0,-0.0004087511354198234,0,,0,0,0.0
1781649061.0,1781649661.0,3.256666666666667,1.9228768955800462,12.0,1.0,-0.0005943349842638504,0,,0,0,0.005
1781649121.0,1781649721.0,3.22,1.9265513229602786,12.0,1.0,-0.0009197803327231485,0,,0,0,0.0
1781649181.0,1781649781.0,3.17,1.8914985240984636,12.0,3.0,-0.000883891344142619,0,,0,0,0.0
1781649241.0,1781649841.0,3.11,1.8738285229266134,12.0,7.0,-0.0010009472248534044,0,,0,0,0.0
1781649301.0,1781649901.0,3.1033333333333335,1.8617166510747247,12.0,5.0,-0.000711779754943759,0,,0,0,0.005
1781649361.0,1781649961.0,3.118333333333333,1.8808678552436608,12.0,1.0,-0.000622196172767149,0,,0,0,0.0
1781649421.0,1781650021.0,3.04,1.8748511051992014,12.0,4.0,0.0003065564071011305,0,,0,0,0.0
1781649481.0,1781650081.0,3.1033333333333335,1.8857329845152757,12.0,7.0,0.0006135572598812769,0,,0,0,0.0
1781649541.0,1781650141.0,3.1566666666666667,1.870504982321322,12.0,1.0,0.0009605582237728436,0,,0,0,0.035
1781649601.0,1781650201.0,3.2016666666666667,1.8186984051482777,9.0,4.0,0.0010953641537893135,0,,0,0,0.21
1781649661.0,1781650261.0,3.421666666666667,1.9934552638293364,13.0,5.0,0.0031607587798855043,0,,0,0,0.165
1781649721.0,1781650321.0,3.7933333333333334,2.309535787892354,14.0,12.0,0.005510793085536347,0,,0,0,0.055
1781649781.0,1781650381.0,4.236666666666666,2.6553070548536484,18.0,12.0,0.007850466251295143,0,,0,0,0.285
1781649841.0,1781650441.0,4.596666666666667,2.712438427360559,18.0,6.0,0.008161967116575321,0,,0,0,0.0
1781649901.0,1781650501.0,4.776666666666666,2.69322400768216,18.0,3.0,0.00698646385128848,0,,0,0,0.0
1781649961.0,1781650561.0,4.913333333333333,2.6750368637127644,18.0,3.0,0.005147125408681692,0,,0,0,0.0
1781650021.0,1781650621.0,4.991666666666666,2.6346911056558833,18.0,1.0,0.0023907566409906676,0,,0,0,0.03
1781650081.0,1781650681.0,5.08,2.6128400895066908,18.0,8.0,0.00024911180308834175,0,,0,0,0.0
1781650141.0,1781650741.0,5.158333333333333,2.647627344539929,18.0,9.0,-0.002144200400556659,0,,0,0,0.0
1781650201.0,1781650801.0,5.183333333333334,2.6412854614541175,18.0,3.0,-0.005388126078127998,0,,0,0,0.0
1781650261.0,1781650861.0,5.001666666666667,2.6384965205375748,18.0,1.0,-0.006642657340714834,0,,0,0,0.0
1781650321.0,1781650921.0,4.641666666666667,2.54360581764462,18.0,7.0,-0.006707213075591886,0,,0,0,0.0
1781650381.0,1781650981.0,4.211666666666667,2.2818553610798578,13.0,2.0,-0.005042930674807427,0,,0,0,0.0
1781650441.0,1781651041.0,3.835,2.1278569030834755,13.0,4.0,-0.004066316850880137,0,,0,0,0.005
1781650501.0,1781651101.0,3.61,2.0811615346563883,13.0,1.0,-0.0037168436578990547,0,,0,0,0.0
1781650561.0,1781651161.0,3.4133333333333336,2.0418510120857385,13.0,4.0,-0.003525843127342021,0,,0,0,0.0
1781650621.0,1781651221.0,3.2783333333333333,2.0027141305959995,13.0,1.0,-0.0036725935349820452,0,,0,0,0.0
1781650681.0,1781651281.0,3.085,1.9107873595283524,13.0,5.0,-0.0031299253609037756,0,,0,0,0.0
1781650741.0,1781651341.0,2.901666666666667,1.7688029536635472,11.0,0.0,-0.0022582562729340913,0,,0,0,0.0
1781650801.0,1781651401.0,2.7666666666666666,1.699673171197595,9.0,1.0,-0.0018621162836563443,0,,0,0,0.0
1781650861.0,1781651461.0,2.658333333333333,1.6767818051917853,10.0,3.0,-0.0011234197872771817,0,,0,0,0.0
1781650921.0,1781651521.0,2.618333333333333,1.6820614006496777,10.0,2.0,-0.0007594187761632718,0,,0,0,0.0
1781650981.0,1781651581.0,2.5833333333333335,1.6195849948537913,10.0,1.0,-9.666693518592982e-05,0,,0,0,0.0
1781651041.0,1781651641.0,2.5883333333333334,1.6357049109040285,10.0,2.0,5.10279195219969e-05,0,,0,0,0.0
1781651101.0,1781651701.0,2.61,1.6262123682553478,10.0,3.0,0.0006192794979986041,0,,0,0,0.0
1781651161.0,1781651761.0,2.5716666666666668,1.602559584609016,10.0,4.0,0.00032130644807346255,0,,0,0,0.0
1781651221.0,1781651821.0,2.57,1.6098964770029986,10.0,1.0,0.0003606676685213038,0,,0,0,0.0
1781651281.0,1781651881.0,2.5616666666666665,1.6226102085494498,10.0,4.0,0.0001254170150472635,0,,0,0,0.0
1781651341.0,1781651941.0,2.5733333333333333,1.6180097513783889,10.0,3.0,0.00012383367731576877,0,,0,0,0.0
1781651401.0,1781652001.0,2.5866666666666664,1.6368126207833185,10.0,3.0,-0.00019100053055703354,0,,0,0,0.0
1781651461.0,1781652061.0,2.595,1.6373683153157692,8.0,4.0,-0.00024019511165308488,0,,0,0,0.01
1781651521.0,1781652121.0,2.6083333333333334,1.6314402294360104,8.0,3.0,-7.869466304072878e-05,0,,0,0,0.0
1781651581.0,1781652181.0,2.69,1.6804463692721645,8.0,3.0,0.0009448915135875368,0,,0,0,0.0
1781651641.0,1781652241.0,2.756666666666667,1.7274612071540774,8.0,1.0,0.0014565596015544495,0,,0,0,0.0
1781651701.0,1781652301.0,2.885,1.8641642452673888,11.0,3.0,0.0030865919071997434,0,,0,0,0.12
1781651761.0,1781652361.0,3.0683333333333334,1.945164231855215,13.0,5.0,0.0034564818235606224,0,,0,0,0.125
1781651821.0,1781652421.0,3.1933333333333334,1.983924281709248,13.0,7.0,0.0036192878313550847,0,,0,0,0.1
1781651881.0,1781652481.0,3.2866666666666666,1.9709106750152043,13.0,4.0,0.0028601190558862643,0,,0,0,0.2
1781651941.0,1781652541.0,3.3783333333333334,1.9558111417573585,13.0,3.0,0.002311923088675244,0,,0,0,0.05
1781652001.0,1781652601.0,3.42,1.9647561341465936,13.0,7.0,0.0008911135864266262,0,,0,0,0.0
1781652061.0,1781652661.0,3.4383333333333335,1.9509477753702742,13.0,3.0,-0.0005954183206064443,0,,0,0,0.0
1781652121.0,1781652721.0,3.465,1.9473336471527765,13.0,2.0,-0.0017232547868188547,0,,0,0,0.015
1781652181.0,1781652781.0,3.3733333333333335,1.946952033878139,13.0,3.0,-0.002350117639215669,0,,0,0,0.0
1781652241.0,1781652841.0,3.3116666666666665,1.9195131037728175,13.0,3.0,-0.0029667582409951174,0,,0,0,0.0
1781652301.0,1781652901.0,3.2016666666666667,1.822360343681299,13.0,2.0,-0.0020724779791054973,0,,0,0,0.0
1781652361.0,1781652961.0,3.0816666666666666,1.7630458177697923,10.0,5.0,-0.0013788093855816288,0,,0,0,0.0
1781652421.0,1781653021.0,2.995,1.7238450239701557,10.0,5.0,-0.0006785296625823949,0,,0,0,0.0
1781652481.0,1781653081.0,2.9583333333333335,1.7897664341720372,10.0,9.0,-0.0003278064661290716,0,,0,0,0.0
1781652541.0,1781653141.0,2.9916666666666667,1.853356564602601,10.0,3.0,0.0011112530868141294,0,,0,0,0.0
1781652601.0,1781653201.0,3.08,1.872680787890273,10.0,2.0,0.0017062269617415604,0,,0,0,0.015
1781652661.0,1781653261.0,3.2333333333333334,1.9171738459397876,10.0,6.0,0.0025000625001736125,0,,0,0,0.0
1781652721.0,1781653321.0,3.3966666666666665,2.018082147870982,10.0,3.0,0.0035183431065086298,0,,0,0,0.01
1781652781.0,1781653381.0,3.5566666666666666,2.0306293496242875,10.0,2.0,0.0034650651807366113,0,,0,0,0.035
1781652841.0,1781653441.0,3.7916666666666665,2.1466867235087865,12.0,10.0,0.0039045941794282717,0,,0,0,0.03
1781652901.0,1781653501.0,3.921666666666667,2.167686298542501,12.0,3.0,0.0037905383070508535,0,,0,0,0.04
1781652961.0,1781653561.0,4.081666666666667,2.1660249049558247,12.0,4.0,0.0031581476615212814,0,,0,0,0.015
1781653021.0,1781653621.0,4.273333333333333,2.215541067600017,15.0,4.0,0.0026173406037238987,0,,0,0,0.16
1781653081.0,1781653681.0,4.4,2.151743479135001,15.0,1.0,0.001132169811582808,0,,0,0,0.0
1781653141.0,1781653741.0,4.376666666666667,2.1396546969598207,15.0,5.0,-0.00015555598765551915,0,,0,0,0.005
1781653201.0,1781653801.0,4.323333333333333,2.126528208658945,15.0,5.0,-0.0018116161433781772,0,,0,0,0.0
1781653261.0,1781653861.0,4.2316666666666665,2.112186202860807,15.0,4.0,-0.002673424092844701,0,,0,0,0.0
1781653321.0,1781653921.0,4.111666666666666,2.060549414328346,15.0,5.0,-0.002891813588371079,0,,0,0,0.05
1781653381.0,1781653981.0,4.016666666666667,2.057439076997313,15.0,2.0,-0.003477842994008323,0,,0,0,0.045
1781653441.0,1781654041.0,3.85,1.957251474219226,15.0,5.0,-0.002897396937213717,0,,0,0,0.065
1781653501.0,1781654101.0,3.73,1.9639501011991116,15.0,4.0,-0.0026862296839713445,0,,0,0,0.08
1781653561.0,1781654161.0,4.273333333333333,2.947081418775004,18.0,8.0,0.0038593440537334866,0,,0,0,0.28
1781653621.0,1781654221.0,4.865,3.6046416835334227,19.0,11.0,0.010405778904941406,0,,0,0,0.02
1781653681.0,1781654281.0,5.213333333333333,3.7315531470004406,19.0,7.0,0.012278034105650294,0,,0,0,0.02
1781653741.0,1781654341.0,5.413333333333333,3.712028496059204,19.0,8.0,0.010937808160578223,0,,0,0,0.055
