start,end,mean,std,max,last,slope,label,lead_s,y_true,y_pred,y_proba
1780804081.0,1780804681.0,8.356666666666667,3.134664610803239,22.0,6.0,0.0059331831477309645,0,,0,0,0.005990929897553012
1781482261.0,1781482861.0,3.7716666666666665,1.8902020762047873,11.0,6.0,0.0010827530076472412,0,,0,0,0.08764731771196309
1781555821.0,1781556421.0,10.471666666666666,4.252355882984814,27.0,13.0,-0.0027157575437709532,0,,0,0,0.0032540539192740343
1781264461.0,1781265061.0,3.558333333333333,1.8284594304738864,12.0,3.0,-0.000635696210267245,0,,0,0,0.05507143085827296
1781321401.0,1781322001.0,4.046666666666667,1.9547776230445126,12.0,3.0,-0.0014897819160608805,0,,0,0,0.053568356435975524
1781272741.0,1781273341.0,4.483333333333333,2.154775059154796,13.0,6.0,-0.001206225572848815,0,,0,0,0.05512395725837672
1780911361.0,1780911961.0,8.486666666666666,2.9568827429500066,20.0,5.0,-0.0012244478456884557,0,,0,0,0.008546712029318051
1780900261.0,1780900861.0,18.778333333333332,7.81574461512714,41.0,30.0,0.03362878785774405,0,,0,0,0.0003993488899346177
1781086261.0,1781086861.0,4.635,2.1813852632367965,11.0,6.0,0.0008035855655154652,0,,0,0,0.0834005431822075
1781358841.0,1781359441.0,25.286666666666665,5.413054179994466,43.0,19.0,-0.011624754513207027,0,,0,0,7.029143423552688e-05
1781490601.0,1781491201.0,7.105,3.0156218264232004,19.0,14.0,0.00742743729843694,0,,0,0,0.026563705968723497
1781163661.0,1781164261.0,13.645,3.832184972919061,27.0,11.0,-0.004757207658910167,0,,0,0,0.002332565771955389
1781561101.0,1781561701.0,3.88,1.9711925324533874,11.0,6.0,-4.077789104969519e-05,0,,0,0,0.08696966451268477
1781591821.0,1781592421.0,3.62,1.94908525553228,11.0,3.0,-0.0013949483193008902,0,,0,0,0.06763369485349927
1781348281.0,1781348881.0,4.318333333333333,1.9740813616014468,11.0,3.0,0.0009450859585721131,0,,0,0,0.06540277917025582
1780939561.0,1780940161.0,14.173333333333334,5.927896385359275,36.0,16.0,0.021096503045841795,0,,0,0,0.00044093600647352073
1781530201.0,1781530801.0,7.458333333333333,2.6885430792324847,19.0,7.0,0.00016936158155994366,0,,0,0,0.013727427148439051
1781290261.0,1781290861.0,11.573333333333334,3.9018741935411274,25.0,19.0,0.010961752671535206,0,,0,0,0.008655616745476586
1780708681.0,1780709281.0,22.65,4.912314457904068,39.0,18.0,-0.009424026177850488,0,,0,0,0.00018389058377579762
1781215141.0,1781215741.0,13.351666666666667,3.5220255377962393,24.0,13.0,-0.0012389756638212942,0,,0,0,0.005700232051372256
1780838821.0,1780839421.0,22.838333333333335,6.979173582086126,46.0,23.0,0.005302042505673611,0,,0,0,5.55861995394867e-05
1781504941.0,1781505541.0,5.13,2.366382612061428,14.0,3.0,-0.0025650071250197877,0,,0,0,0.03246128207548252
1781649481.0,1781650081.0,3.1033333333333335,1.8857329845152757,12.0,7.0,0.0006135572598812769,0,,0,0,0.08016096557150743
1781620501.0,1781621101.0,8.59,2.8487248609392473,20.0,12.0,-8.327800910558822e-05,0,,0,0,0.016516828589616814
1781533201.0,1781533801.0,9.49,3.7210975083524307,26.0,4.0,-0.008912691424142843,0,,0,0,0.0018558968113841475
1781252521.0,1781253121.0,4.264423076923077,2.0760270057728594,12.0,3.0,-5.5341302480887015e-05,0,,0,0,0.05278725096213367
1781344261.0,1781344861.0,6.8966666666666665,3.009317013690796,16.0,5.0,-0.008204022788952199,0,,0,0,0.02253601325225395
1780840741.0,1780841341.0,41.13666666666666,12.925478284724665,85.0,32.0,-0.06364606568351582,0,,0,0,6.093972336119575e-09
1781292841.0,1781293441.0,41.93833333333333,6.495475134447227,70.0,40.0,-0.004627762854896863,0,,0,0,4.795189990027812e-07
1780937821.0,1780938421.0,10.773333333333333,3.3354593220258115,24.0,9.0,-3.2944535957054984e-05,0,,0,0,0.004465135101598499
1781488321.0,1781488921.0,8.27,4.198067015504477,22.0,11.0,0.017015769488248577,1,347.0,1,0,0.009281324335020583
1781220481.0,1781221081.0,4.743333333333333,2.1285649834780447,12.0,3.0,0.0007857799604998896,0,,0,0,0.05150290971839761
1781364181.0,1781364781.0,6.931666666666667,2.6414006175175744,20.0,8.0,2.8305634182318823e-05,0,,0,0,0.012401376213289659
1781607961.0,1781608561.0,6.673333333333333,2.6229669375643216,16.0,4.0,-0.0016403378898274723,0,,0,0,0.021053629125669982
1780921861.0,1780922461.0,16.511666666666667,6.372063811844812,41.0,27.0,0.02154492095811377,0,,0,0,0.00035495505068463813
1781536861.0,1781537461.0,5.855,2.427751016887852,13.0,6.0,-0.0018299773054925139,1,80.0,1,0,0.0511468603175885
1781166181.0,1781166781.0,182.42333333333335,149.51141803294564,507.0,102.0,0.38376562157117106,0,,0,0,6.949918903173107e-53
1781322421.0,1781323021.0,3.966666666666667,2.0604745947367453,13.0,6.0,0.0008707246409017747,0,,0,0,0.05667895443400814
1780727521.0,1780728121.0,47.87833333333333,12.231797246884405,82.0,32.0,-0.05585584959958225,0,,0,0,8.806792169199457e-09
1780895461.0,1780896061.0,63.99333333333333,48.07774906914378,209.0,11.0,-0.25413459481831896,0,,0,0,4.3463534519396757e-23
1780704961.0,1780705561.0,13.073333333333334,3.6085023055124807,26.0,18.0,-8.988913858094093e-05,0,,0,0,0.005900431854136812
1780956001.0,1780956601.0,6.916666666666667,2.810051403246725,17.0,6.0,0.0013426703963066524,0,,0,0,0.019949877152269632
1780864321.0,1780864921.0,7.718333333333334,2.8604773300195117,19.0,3.0,-0.0034537040380667795,0,,0,0,0.009232108506555025
1781615221.0,1781615821.0,5.753333333333333,2.5656361567628583,14.0,8.0,0.003975011041697336,0,,0,0,0.049435994990366744
1781159701.0,1781160301.0,7.785,4.733438672536771,31.0,14.0,0.01577707160297667,0,,0,0,0.0016276804785057208
1781501581.0,1781502181.0,4.538333333333333,2.257992594220706,13.0,3.0,-0.0024265900738613204,0,,0,0,0.04170959366794325
1780913581.0,1780914181.0,10.731666666666667,3.563191063577079,21.0,15.0,0.006891880255222925,0,,0,0,0.015346504192010965
1781384521.0,1781385121.0,3.223333333333333,1.8129503271984284,9.0,1.0,-0.0007635021208392225,0,,0,0,0.0881557096623703
1781233501.0,1781234101.0,10.953333333333333,3.454632960082574,23.0,6.0,-0.003389731638143462,0,,0,0,0.004150904644577932
1781080201.0,1781080801.0,5.738333333333333,2.378346180764179,14.0,4.0,0.0036394823318953626,0,,0,0,0.034549262881885416
1780739581.0,1780740181.0,11.211666666666666,3.4713393988808154,23.0,9.0,0.001495976377712162,0,,0,0,0.005445152968391718
1781596021.0,1781596621.0,4.726666666666667,2.2432020763978344,13.0,4.0,0.002671674087983575,0,,0,0,0.04530971603937795
1781329681.0,1781330281.0,5.961666666666667,2.6051610101659533,16.0,5.0,0.005090375251042368,0,,0,0,0.02394758267535948
1781139481.0,1781140081.0,137.66333333333333,17.253405138954133,192.0,93.0,-0.07231058975163819,0,,0,0,4.1179658339895053e-19
1781450401.0,1781451001.0,4.216666666666667,2.0007637430630227,14.0,5.0,0.0012625035069541875,0,,0,0,0.04131986333932534
1781283121.0,1781283721.0,13.281666666666666,3.4451411033834622,24.0,11.0,-0.0003951399864999832,0,,0,0,0.004744784340677945
1781143081.0,1781143681.0,39.8,6.461423991660043,63.0,39.0,-0.010961474892985809,0,,0,0,2.371983265731846e-06
1780845301.0,1780845901.0,10.856666666666667,3.2750759109098864,21.0,6.0,-0.004745624293400807,0,,0,0,0.006590292825924397
1781152021.0,1781152621.0,8.223333333333333,3.008342105250369,21.0,9.0,0.0005280014666707412,0,,0,0,0.01007851211812019
1781077741.0,1781078341.0,5.735,2.369551645354032,13.0,2.0,-0.002453256814602266,0,,0,0,0.03577659545423256
1781443501.0,1781444101.0,4.585,2.098279056751032,11.0,2.0,-0.000868141300392506,0,,0,0,0.05879783549114044
1781539021.0,1781539621.0,6.306666666666667,2.4804479882114485,14.0,3.0,-0.0011567254353484302,0,,0,0,0.030531623263023278
1781065381.0,1781065981.0,7.8966666666666665,2.9759013573855047,16.0,10.0,-0.006282517451437365,0,,0,0,0.034173000084077615
1781479501.0,1781480101.0,3.2183333333333333,1.7918325504602512,10.0,7.0,0.0015791988311078587,0,,0,0,0.12033155252010642
1781324821.0,1781325421.0,4.825,2.2407680974761015,12.0,3.0,0.0019903110841974557,0,,0,0,0.05109639517953353
1780713781.0,1780714381.0,11.765,3.5543084184315425,26.0,10.0,-0.0049089858582940455,0,,0,0,0.0029511327180604965
1781591521.0,1781592121.0,3.62,1.9821537108239948,11.0,3.0,0.0010833363426009492,0,,0,0,0.06755459624390125
1781606161.0,1781606761.0,5.433333333333334,2.3577296047021354,14.0,5.0,0.0022196172767146548,0,,0,0,0.038467196113761426
1781635081.0,1781635681.0,3.716666666666667,1.9949241144019043,10.0,5.0,-0.0028222856174600548,0,,0,0,0.09860476150093164
1781232661.0,1781233261.0,19.701666666666668,5.297420493871417,40.0,9.0,-0.015625626737852057,0,,0,0,7.0963595596692e-05
1781650201.0,1781650801.0,5.183333333333334,2.6412854614541175,18.0,3.0,-0.005388126078127998,0,,0,0,0.013203970433144257
1781417521.0,1781418121.0,3.74,1.8607525359380812,11.0,4.0,-0.0012336700935280346,0,,0,0,0.07372353201732083
1781171221.0,1781171821.0,6.526666666666666,2.6228398519331844,15.0,5.0,-0.0012335034263984037,0,,0,0,0.029026316416582848
1781482021.0,1781482621.0,3.9116666666666666,1.9580255077217172,13.0,6.0,-0.001229808971691589,0,,0,0,0.057035343043164856
1781350981.0,1781351581.0,6.01,2.4296570402699498,15.0,3.0,-0.002514895874710755,0,,0,0,0.02489871393973717
1781122381.0,1781122981.0,4.401666666666666,2.1166791338215516,11.0,1.0,0.00025286181350503255,0,,0,0,0.054167119710531966
1781150281.0,1781150881.0,10.28,3.4285468253085494,23.0,5.0,-0.003906288628579509,0,,0,0,0.003907382050331003
1781285041.0,1781285641.0,13.726666666666667,3.7321069414236003,25.0,14.0,0.002571562698785275,0,,0,0,0.004871828311586451
1781263741.0,1781264341.0,3.195,1.6941984338717038,10.0,1.0,-0.00048730690918586273,0,,0,0,0.07195998889738724
1781197441.0,1781198041.0,11.073333333333334,4.882412882536211,29.0,22.0,0.017090436362323227,0,,0,0,0.004619216126038542
1781459461.0,1781460061.0,4.826666666666667,2.133843688954017,13.0,7.0,0.0019552276534101506,0,,0,0,0.05938750166574164
1781270941.0,1781271541.0,3.828333333333333,1.9821361933249917,11.0,2.0,7.0694640818451e-05,0,,0,0,0.06118391378377188
1781080081.0,1781080681.0,5.386666666666667,2.287754843120701,14.0,4.0,0.0019428387301075806,0,,0,0,0.03525856729116751
1780841581.0,1780842181.0,15.0,4.468780594300866,31.0,11.0,-0.014065372403812235,0,,0,0,0.0008609271552823587
1781182741.0,1781183341.0,5.235,2.3614490607816774,14.0,6.0,-0.0014989208303356335,0,,0,0,0.04255357692685258
1781279341.0,1781279941.0,8.401666666666667,2.886231202720176,18.0,17.0,0.003881705226958954,0,,0,0,0.04114942753096815
1781058721.0,1781059321.0,6.336666666666667,2.6274174054044446,15.0,6.0,0.002747340964836014,0,,0,0,0.032129430022425805
1780926961.0,1780927561.0,8.418333333333333,2.9246077609750603,19.0,10.0,-0.0009085858571829426,0,,0,0,0.0172029364951998
1781455681.0,1781456281.0,3.49,1.8555951426249568,11.0,5.0,0.0005951127642021243,0,,0,0,0.08145758242991918
1781158261.0,1781158861.0,5.523333333333333,2.339399258119248,12.0,1.0,-0.0010032250089583603,0,,0,0,0.04104506466648638
1781402821.0,1781403421.0,3.2916666666666665,1.7972007554960452,10.0,6.0,-0.000921863671843535,0,,0,0,0.11021003762476617
1780796941.0,1780797541.0,30.883333333333333,9.746609096957203,58.0,25.0,0.0076731879810777275,0,,0,0,2.6706674555489526e-06
1781478721.0,1781479321.0,3.35,1.778810463952432,9.0,0.0,-0.0005110014194483951,0,,0,0,0.08040644505770629
1781425321.0,1781425921.0,4.198333333333333,2.118725376782518,12.0,5.0,-0.0007643076786324389,1,1364.0,1,0,0.06328584218927928
1780826641.0,1780827241.0,10.0,3.2726136343907144,21.0,6.0,-0.0005573904371956638,0,,0,0,0.006877934439636733
1780750021.0,1780750621.0,13.33,3.6447816578408827,29.0,18.0,0.004988513856982946,0,,0,0,0.0029569454206476112
1781131441.0,1781132041.0,7.075,2.937012370873958,17.0,10.0,-0.0052298756385434275,0,,0,0,0.0285969800268868
1781277661.0,1781278261.0,6.821666666666666,2.5435927128549665,16.0,5.0,-0.0012113089203025626,0,,0,0,0.023013435588162056
1781387461.0,1781388061.0,4.585,2.1352849146347346,13.0,3.0,-0.002668479634665646,0,,0,0,0.04180256226543999
1781276881.0,1781277481.0,8.123333333333333,2.8480617190565862,19.0,10.0,0.00041339003719454597,0,,0,0,0.017504528385413148
1780902121.0,1780902721.0,11.518333333333333,3.43069437415939,23.0,9.0,0.0006572518256994968,0,,0,0,0.00537082611346536
1781060881.0,1781061481.0,7.786666666666667,3.0035238563320177,18.0,4.0,-0.0028141189281081316,0,,0,0,0.012583636349556006
1781575501.0,1781576101.0,7.128333333333333,2.7273669638601175,19.0,4.0,-0.00263686843574564,0,,0,0,0.010500718688106099
1781490421.0,1781491021.0,6.406666666666666,2.591901918583255,17.0,7.0,0.0011831143975399852,0,,0,0,0.02264035273847866
1780901521.0,1780902121.0,11.968333333333334,3.529966556341418,23.0,11.0,-0.004430706751963185,0,,0,0,0.006325281261586195
1781346121.0,1781346721.0,5.62,2.2844984861744457,13.0,3.0,-0.0018996163878232941,0,,0,0,0.03955850259908112
1780788181.0,1780788781.0,14.573333333333334,3.880458163098213,31.0,16.0,0.0014246706240850667,0,,0,0,0.0014484863021198922
1780786921.0,1780787521.0,12.93,3.813366841344623,25.0,12.0,-0.001254559040441767,0,,0,0,0.004179268685689197
1781425861.0,1781426461.0,3.475,1.8706616476530438,9.0,2.0,-0.0009965305459181829,1,824.0,1,0,0.09485551976082049
1781205541.0,1781206141.0,5.308333333333334,2.2538701283693245,13.0,3.0,0.000709863082953002,0,,0,0,0.04020089391009452
1781130121.0,1781130721.0,5.133333333333334,2.4101636643366957,15.0,2.0,-0.0029648415690043655,0,,0,0,0.02369541977537174
1780802281.0,1780802881.0,9.928333333333333,3.175405048528805,21.0,8.0,-0.0022419228942302666,0,,0,0,0.008372424778975133
1781636521.0,1781637121.0,2.7712854757929883,1.639285091024588,9.0,4.0,0.000716121146588798,0,,0,0,0.11703135226428886
1781204281.0,1781204881.0,4.595,2.1449883449566807,12.0,10.0,-0.0011909755304875846,0,,0,0,0.09634930140526148
1781320921.0,1781321521.0,4.6066666666666665,2.115487860728321,13.0,8.0,2.7777854938490134e-06,0,,0,0,0.06566275034184733
1781174221.0,1781174821.0,5.8966666666666665,2.4343354101045502,14.0,6.0,0.0017125047569576573,0,,0,0,0.041114165533071144
1781349901.0,1781350501.0,6.7283333333333335,2.773300781058957,17.0,6.0,-0.004841152336534264,0,,0,0,0.02016268368488658
1780774741.0,1780775341.0,12.043333333333333,3.4041331087697237,26.0,14.0,0.0017978383273286973,0,,0,0,0.004281557193275891
1781116741.0,1781117341.0,5.3933333333333335,2.3456247687035443,14.0,5.0,0.0008562246006238934,0,,0,0,0.03855839970284377
1781424781.0,1781425381.0,4.255,2.1228852222074246,11.0,3.0,-0.0005360848224578448,0,,0,0,0.06525130855724014
1781094541.0,1781095141.0,4.458333333333333,2.057894690103348,12.0,4.0,0.00023963955455430765,0,,0,0,0.057278018972132236
1781324341.0,1781324941.0,4.373333333333333,2.0906033153666965,12.0,5.0,0.0005068902969174894,0,,0,0,0.06283104572968064
1781100361.0,1781100961.0,5.358333333333333,2.3194677310873626,14.0,4.0,-0.000762252117366992,0,,0,0,0.03526582680081871
1781413981.0,1781414581.0,3.0016666666666665,1.6857235505529633,10.0,2.0,0.0008182522729229802,0,,0,0,0.07932655398839483
1780745341.0,1780745941.0,10.405,3.3283091302742096,24.0,6.0,0.001521032002866666,0,,0,0,0.0034205405696932254
1781556601.0,1781557201.0,5.383333333333334,2.3100625292162307,17.0,1.0,-0.0033153980983280564,0,,0,0,0.01371169077833036
1781181361.0,1781181961.0,5.55,2.3918263593608406,13.0,1.0,-0.0007805577237714528,0,,0,0,0.03289356738010245
1781638441.0,1781639041.0,2.89,1.6905324604987624,10.0,1.0,-0.0007620021166725462,0,,0,0,0.07299645631618387
1781179141.0,1781179741.0,7.400667779632721,2.8542326396802236,18.0,8.0,-0.003171622783976341,0,,0,0,0.018780285041447374
1781414161.0,1781414761.0,3.3133333333333335,1.79122552708722,10.0,3.0,0.002379951055419598,0,,0,0,0.0850423884451265
1781219101.0,1781219701.0,7.823333333333333,2.771062772455523,16.0,8.0,-0.0006561129336470391,0,,0,0,0.02872225115084373
1781519041.0,1781519641.0,7.92,2.6789799053619894,15.0,8.0,-0.003373953816538391,0,,0,0,0.03571708751245499
1781186461.0,1781187061.0,5.355,2.3293006818928865,13.0,7.0,0.0033023702843619023,0,,0,0,0.05752235115065093
1781459581.0,1781460181.0,4.993333333333333,2.1617791027042723,13.0,3.0,0.0011234475651321248,0,,0,0,0.04095137696091835
1781531881.0,1781532481.0,5.613333333333333,2.321742640537251,12.0,8.0,0.0012682257450715153,0,,0,0,0.07677183858384352
1781533681.0,1781534281.0,7.998333333333333,2.9100396140869895,18.0,12.0,0.0014943652621257223,0,,0,0,0.026433127620477444
1781050801.0,1781051401.0,5.43,2.427296163772906,14.0,7.0,0.0005002791674421314,0,,0,0,0.046073429779349535
1780817041.0,1780817641.0,9.758333333333333,3.222824416908594,20.0,16.0,-0.004406928908135863,0,,0,0,0.022362283271652798
1781580001.0,1781580601.0,3.94,1.9688575367456123,11.0,5.0,-0.0005831127308686987,0,,0,0,0.07947135219442865
1780853641.0,1780854241.0,10.09,3.1846349869333532,20.0,10.0,-0.0007042241784005023,0,,0,0,0.012549160011208767
1781146681.0,1781147281.0,15.123333333333333,3.954085088726454,26.0,12.0,-0.0028307856410712384,0,,0,0,0.0029730695215250407
1780886161.0,1780886761.0,105.57833333333333,37.73160298594388,214.0,199.0,0.18554393206647804,0,,0,0,1.5974866257541385e-16
1781136481.0,1781137081.0,236.23166666666665,15.589248342652345,281.0,232.0,0.005270209083913738,0,,0,0,3.1789323174362327e-24
1780754701.0,1780755301.0,835.0983333333334,65.2341832468905,999.0,702.0,-0.3317659493498593,0,,0,0,3.1232249550423246e-89
1781329501.0,1781330101.0,5.371666666666667,2.3123286723320473,13.0,10.0,9.136136489268292e-05,0,,0,0,0.07514226707325113
1781283481.0,1781284081.0,12.798333333333334,3.4910834835175293,25.0,6.0,-0.0009178636607323955,0,,0,0,0.0024065793721433156
1781524801.0,1781525401.0,12.978333333333333,3.818096893596192,26.0,6.0,-0.0036582601618337846,0,,0,0,0.0018790449076050294
1781230261.0,1781230861.0,98.63666666666667,65.57701316433645,217.0,25.0,-0.14787602187783855,0,,0,0,2.448459051715833e-24
1781594761.0,1781595361.0,3.425,1.8141228367083269,11.0,1.0,-0.000812474479095774,0,,0,0,0.05734726314214153
1781507341.0,1781507941.0,7.565,2.988161363335878,20.0,1.0,-0.005067097408603902,0,,0,0,0.00611824811736399
1781218081.0,1781218681.0,10.288333333333334,3.6076581354421906,22.0,10.0,-0.00857627382298283,0,,0,0,0.007809741485432673
1780881841.0,1780882441.0,10.596666666666666,3.323751227487133,20.0,6.0,0.003561454337373161,0,,0,0,0.008343985907842218
1780855741.0,1780856341.0,9.896666666666667,3.464003784960724,21.0,8.0,-0.00611196142211505,0,,0,0,0.0082949182074477
1781136181.0,1781136781.0,240.58,17.269634236620842,295.0,207.0,-0.03776888269134096,0,,0,0,9.258807031594234e-27
1780766881.0,1780767481.0,20.013333333333332,4.522147965538304,35.0,17.0,-0.0029298970274917627,0,,0,0,0.0004789766919352548
1781212561.0,1781213161.0,10.53,3.4879459093665237,22.0,12.0,0.0065509626415628935,0,,0,0,0.009366124702828695
1780821601.0,1780822201.0,11.49,4.096734471909711,25.0,10.0,-0.011667476854102363,0,,0,0,0.0036735641751535243
1780855801.0,1780856401.0,9.528333333333334,3.2745275316533156,21.0,10.0,-0.004799652221256168,0,,0,0,0.01027937106762558
1781473741.0,1781474341.0,3.54,1.9135656072717584,10.0,4.0,-0.00046822352284312267,0,,0,0,0.0914292773027884
1781311201.0,1781311801.0,4.568333333333333,2.1028545413846915,13.0,3.0,-1.2138922608117144e-05,0,,0,0,0.04188547915670793
1781084881.0,1781085481.0,5.105,2.2272497988924966,12.0,6.0,0.0010553084869680215,0,,0,0,0.06606096257001101
1781364961.0,1781365561.0,6.6066666666666665,2.5420376778394838,14.0,5.0,-0.0009414470595751694,0,,0,0,0.03610664109243475
1781143921.0,1781144521.0,32.10166666666667,5.83135180630434,52.0,32.0,-0.007596659990722176,0,,0,0,2.2134910078745856e-05
1781302621.0,1781303221.0,21.01,4.67010706515386,38.0,18.0,-0.005241236781213286,0,,0,0,0.00025268946287369115
1780959541.0,1780960141.0,5.236666666666666,2.31098584062204,13.0,1.0,0.001888227467298524,0,,0,0,0.03349588933527337
1781632561.0,1781633161.0,8.631666666666666,3.017062128775092,18.0,9.0,-0.0025089236358989994,0,,0,0,0.019295178572469547
1781649421.0,1781650021.0,3.04,1.8748511051992014,12.0,4.0,0.0003065564071011305,0,,0,0,0.06163843657377522
1781129221.0,1781129821.0,6.666666666666667,2.869184940400709,17.0,5.0,0.006215961711004749,0,,0,0,0.01835143525141368
1781155681.0,1781156281.0,6.355,2.526323085698528,15.0,6.0,-0.0008333078702996428,0,,0,0,0.032220365498609335
1781144281.0,1781144881.0,30.601666666666667,5.689434408523301,51.0,29.0,-0.0029818693940816274,0,,0,0,2.2599963156840706e-05
1781232241.0,1781232841.0,24.80666666666667,5.337535844272045,42.0,30.0,-0.00826818963386013,0,,0,0,0.00025867641318411545
1780882681.0,1780883281.0,12.086666666666666,3.5311691485336065,25.0,14.0,-0.0032233978427717775,0,,0,0,0.005327051654027479
1781557261.0,1781557861.0,4.463333333333333,2.121003431292735,11.0,6.0,-0.0010265584071066892,0,,0,0,0.08423700982520542
1781594881.0,1781595481.0,3.375,1.8104442364605802,11.0,3.0,-0.0008948635968433268,0,,0,0,0.06874818864024146
1781193121.0,1781193721.0,6.345,2.507849344225712,14.0,6.0,-0.001317475881877461,0,,0,0,0.04013004217938417
1781275981.0,1781276581.0,9.168333333333333,3.0088752974418123,18.0,8.0,-0.0015258653496259792,0,,0,0,0.017117072700040276
1781301301.0,1781301901.0,17.99,4.483662937078715,32.0,19.0,0.005930738696496376,0,,0,0,0.0012666481157868118
1781549701.0,1781550301.0,7.8966666666666665,2.8312521768448833,18.0,10.0,-0.003448620690613036,1,992.0,1,0,0.022115477204118
1780892281.0,1780892881.0,24.938333333333333,5.902925592920476,43.0,18.0,-0.008197106103072522,0,,0,0,6.382048416332118e-05
1781304961.0,1781305561.0,15.443333333333333,3.992508262010515,29.0,18.0,0.0037613993372203843,0,,0,0,0.0026258680831260503
1781647921.0,1781648521.0,2.9316666666666666,1.7321462281099582,9.0,3.0,0.0019335887044130704,0,,0,0,0.10642082599344098
1781588641.0,1781589241.0,4.571666666666666,2.1310867076577518,12.0,6.0,-0.0015269764638235106,0,,0,0,0.06795951714737125
1781490721.0,1781491321.0,7.791666666666667,3.111526509966165,19.0,13.0,0.006829713415870608,0,,0,0,0.023322155177853025
1780813561.0,1780814161.0,9.336666666666666,3.247048232198318,19.0,11.0,0.003107508631968417,0,,0,0,0.017842844593178208
1781122741.0,1781123341.0,4.1466666666666665,2.0294060433754724,11.0,2.0,-0.0015084486345795386,0,,0,0,0.060172630866885596
1781332561.0,1781333161.0,5.16,2.356777460856243,14.0,5.0,0.0030048416801157778,0,,0,0,0.03897823328208735
1781460481.0,1781461081.0,4.091666666666667,2.0501863058973173,11.0,5.0,-0.00222514506984741,0,,0,0,0.07869297128705653
1780737601.0,1780738201.0,9.246666666666666,2.9702674776674387,20.0,10.0,0.0036180656057378017,0,,0,0,0.013189188561442694
1781552881.0,1781553481.0,4.5616666666666665,2.1125491447274993,12.0,1.0,-4.880569112692406e-05,0,,0,0,0.04333963411568123
1781311561.0,1781312161.0,4.538333333333333,2.026128629239077,12.0,8.0,-0.00015830599529443186,0,,0,0,0.08151358513689248
1781115961.0,1781116561.0,5.493333333333333,2.34945856646921,15.0,1.0,-0.0018431162308784209,0,,0,0,0.02125570693651794
1781056081.0,1781056681.0,6.76,2.77351762208211,16.0,9.0,0.0006243906233072815,0,,0,0,0.03317115490613953
1781428381.0,1781428981.0,7.79,3.414561953359952,21.0,4.0,-0.01066136294823041,0,,0,0,0.006317643202560497
1781321281.0,1781321881.0,4.248333333333333,2.0816653322653846,13.0,2.0,-0.001982144394845544,0,,0,0,0.03884268817551303
1780790521.0,1780791121.0,7.145,2.752085572797474,18.0,6.0,-0.000726252017366702,0,,0,0,0.015825997985611157
1781312641.0,1781313241.0,6.655,2.684394717622578,19.0,8.0,-0.00349481526337573,0,,0,0,0.015693146893608397
1781054221.0,1781054821.0,7.615,2.8023992696735176,19.0,9.0,-0.0016782546618185074,0,,0,0,0.016368991052619276
1781614081.0,1781614681.0,4.855,2.2621468416823287,12.0,5.0,-0.0006478073550204251,0,,0,0,0.06105049389309243
1780805341.0,1780805941.0,23.721666666666668,22.752894260340206,97.0,97.0,0.11076216878380217,0,,0,0,3.272396556505803e-07
1781642941.0,1781643541.0,2.861666666666667,1.780223924741554,10.0,3.0,0.0006241961783227182,0,,0,0,0.08685262380780635
1781400481.0,1781401081.0,3.131666666666667,1.7275215065392255,9.0,4.0,-0.0006912519201442214,0,,0,0,0.11483744908662828
1781568481.0,1781569081.0,14.993333333333334,4.255970968990377,26.0,14.0,-0.009360859335720399,0,,0,0,0.0035782655032384762
1781147581.0,1781148181.0,12.383333333333333,3.597645835203287,24.0,10.0,-0.0019725054791818863,0,,0,0,0.0044865714918097275
1780853761.0,1780854361.0,10.371666666666666,3.313638064457587,23.0,18.0,0.000978252717368669,0,,0,0,0.01337796092335773
1781499601.0,1781500201.0,6.628333333333333,2.6019602653042613,16.0,8.0,0.0018178106050294642,0,,0,0,0.03063043215612176
1780724401.0,1780725001.0,18.27,4.308568981305355,35.0,15.0,-0.007716743657621273,0,,0,0,0.0004354107376253212
1780848481.0,1780849081.0,17.75,4.719551532366891,36.0,26.0,-0.011720699224164516,0,,0,0,0.0010015437006315787
1781393041.0,1781393641.0,3.715,1.9545950134661316,11.0,7.0,0.0015105319736999274,0,,0,0,0.09561821153352566
1781513461.0,1781514061.0,25.223333333333333,7.012854071077069,47.0,29.0,0.025692682479673545,0,,0,0,6.962969087852592e-05
1781136781.0,1781137381.0,238.62833333333333,15.047708481877084,281.0,222.0,0.010751613198925859,0,,0,0,1.1082846573910942e-24
1781064421.0,1781065021.0,11.125,3.967288116585434,25.0,11.0,0.012864952402645565,0,,0,0,0.004134381549680157
1780927501.0,1780928101.0,8.666666666666666,2.976948474902148,23.0,8.0,0.0007405576126600273,0,,0,0,0.005727558788311064
1781649541.0,1781650141.0,3.1566666666666667,1.870504982321322,12.0,1.0,0.0009605582237728436,0,,0,0,0.04676161697911799
1780871101.0,1780871701.0,14.916666666666666,3.9643901030157074,29.0,2.0,-0.00687007463909622,0,,0,0,0.0005874919183950047
1781388361.0,1781388961.0,4.218333333333334,2.0754109365510134,11.0,4.0,-0.0017124769791027187,0,,0,0,0.0715601406687696
1781535061.0,1781535661.0,10.225,3.0802123844523015,21.0,8.0,0.001028141744838171,0,,0,0,0.008279588880566678
1781602861.0,1781603461.0,5.043333333333333,2.2453185866499115,15.0,5.0,0.0012369478804107853,0,,0,0,0.03163188515572161
1780764721.0,1780765321.0,26.933333333333334,5.596625967690017,44.0,30.0,-0.012568812691146345,0,,0,0,0.00014638636524710925
1781106661.0,1781107261.0,11.833333333333334,3.5122009560324927,23.0,15.0,0.004442179006052805,0,,0,0,0.009306285041074606
1781083561.0,1781084161.0,4.791666666666667,2.13422832788705,14.0,4.0,-0.00022863952399866907,0,,0,0,0.03649107711981192
1781402941.0,1781403541.0,3.2616666666666667,1.8045859789867469,10.0,5.0,-0.0007466965186014457,0,,0,0,0.101305758904496
1781217121.0,1781217721.0,17.15,4.551281870711445,32.0,16.0,-0.00906952519312553,0,,0,0,0.0009899326703359307
1781182801.0,1781183401.0,5.2283333333333335,2.3557441617364896,14.0,3.0,-0.001285086903019174,0,,0,0,0.03231957958740545
1780946221.0,1780946821.0,6.4383333333333335,2.6481812416994592,16.0,8.0,0.0012489201358892679,0,,0,0,0.030861743340508577
1780712881.0,1780713481.0,15.508333333333333,4.082474399457053,30.0,17.0,-0.0015564209900583016,0,,0,0,0.0018917756641661737
1780721101.0,1780721701.0,27.541666666666668,5.273038076437108,44.0,26.0,-0.0008999191664421225,0,,0,0,9.814273694385058e-05
1781624761.0,1781625361.0,7.3966666666666665,2.7825627675859455,18.0,14.0,0.003433453981816609,0,,0,0,0.032909984916862214
1781318761.0,1781319361.0,14.753333333333334,3.75932026952864,25.0,14.0,0.0011041141780949223,0,,0,0,0.00462396719868294
1781517901.0,1781518501.0,15.125,4.219720567367781,31.0,10.0,-0.008515218097828047,0,,0,0,0.0007851408461265941
1781389381.0,1781389981.0,3.8183333333333334,1.8417375551967827,10.0,5.0,0.0004999180553279319,0,,0,0,0.09866946423822158
1781196061.0,1781196661.0,9.89,3.2467265566002523,21.0,8.0,-0.004875902433062328,0,,0,0,0.008365866367465676
1781056441.0,1781057041.0,6.691666666666666,2.622962171964277,16.0,2.0,-0.0016673101869727426,0,,0,0,0.01744383503274988
1781236621.0,1781237221.0,8.337209302325581,2.9790370893039166,17.0,9.0,-0.0026133308174914275,0,,0,0,0.024466244039520704
1780718161.0,1780718761.0,35.98166666666667,13.693599376675545,77.0,34.0,0.0426532018144495,0,,0,0,5.679818070101862e-08
1781619301.0,1781619901.0,7.1033333333333335,2.6707031949573796,16.0,10.0,0.003028841746782627,0,,0,0,0.035908618030493895
1781450701.0,1781451301.0,4.3116666666666665,2.0602258506182167,14.0,6.0,-0.0004615846155128206,0,,0,0,0.044967375560234175
1781217241.0,1781217841.0,16.168333333333333,4.193248210582765,31.0,19.0,-0.00678899108053078,0,,0,0,0.001758909988177788
1781513341.0,1781513941.0,22.231666666666666,7.576806531925058,44.0,31.0,0.03346878741329836,0,,0,0,0.00018904034590134646
1781616301.0,1781616901.0,4.118333333333333,2.0455636278433276,12.0,6.0,-0.000152305978627724,0,,0,0,0.06962235413025593
1780888981.0,1780889581.0,34.60666666666667,9.094977857159535,72.0,26.0,-0.040409834471762496,0,,0,0,1.0482510866740443e-07
1781618341.0,1781618941.0,4.035,1.9009931614816504,14.0,8.0,-0.0003229731193697778,0,,0,0,0.05493771952596097
1781423101.0,1781423701.0,3.795,1.960350733924927,10.0,3.0,-0.0010472529090358566,0,,0,0,0.08269481983203546
1780741921.0,1780742521.0,10.916666666666666,3.450563561056206,24.0,16.0,0.005975183264397949,0,,0,0,0.008572733431739327
1781198641.0,1781199241.0,6.915,2.859098051250895,17.0,7.0,-0.005445765127125349,0,,0,0,0.021865459147821956
1780853581.0,1780854181.0,10.058333333333334,3.155671701696628,20.0,9.0,-0.0016089766916019279,0,,0,0,0.011450431743712583
1780863901.0,1780864501.0,9.946666666666667,3.4962583174333988,24.0,5.0,-0.006267072964091573,0,,0,0,0.003162016694377909
1781525521.0,1781526121.0,11.09,3.3806163146187806,20.0,14.0,0.0003610565584904401,0,,0,0,0.01727083729200631
1781530261.0,1781530861.0,7.536666666666667,2.684893956109916,19.0,5.0,0.0006634462873508068,0,,0,0,0.011327034935378961
1781524081.0,1781524681.0,24.635,8.896915664056467,56.0,17.0,-0.00342687063019621,0,,0,0,2.7656509043127612e-06
1781437021.0,1781437621.0,6.2316666666666665,2.510908976623583,14.0,3.0,0.00028980636057322155,0,,0,0,0.030608695410718957
1781409061.0,1781409661.0,3.2083333333333335,1.7948808378893075,10.0,4.0,-0.0006021405615015647,0,,0,0,0.09319919986930514
1781557021.0,1781557621.0,4.661666666666667,2.1595980850354746,12.0,4.0,-0.0010584751624310048,0,,0,0,0.056524057131160654
1780956661.0,1780957261.0,7.161666666666667,2.8668560983922595,17.0,9.0,-0.0003185286625796184,0,,0,0,0.02601965136111087
1781386621.0,1781387221.0,5.363333333333333,2.314733005961787,17.0,11.0,-0.0003121119780888292,0,,0,0,0.03487024381309302
1781441041.0,1781441641.0,8.686666666666667,3.230865037244498,23.0,12.0,-0.003640287889688598,1,460.0,1,0,0.008279379975617342
1780936441.0,1780937041.0,9.355,3.08960218582695,20.0,9.0,-0.002178644940680396,0,,0,0,0.011885630157540338
1781370901.0,1781371501.0,4.855,2.17500383141425,13.0,7.0,-0.0012945869294081385,0,,0,0,0.05922100741884584
1781456641.0,1781457241.0,4.451666666666667,2.158162155374079,12.0,3.0,0.003039258442384558,0,,0,0,0.05216579166686326
1780873021.0,1780873621.0,9.108333333333333,3.243444242707982,23.0,9.0,0.00824577290492474,0,,0,0,0.006098819091938806
1781505361.0,1781505961.0,4.326666666666667,2.104745959862034,13.0,9.0,-0.0007620021166725541,0,,0,0,0.07273296757929573
1781614741.0,1781615341.0,5.125,2.370522094391866,14.0,1.0,3.51389864971846e-05,0,,0,0,0.026975977938223927
1781637961.0,1781638561.0,2.6766666666666667,1.6468522162666033,10.0,3.0,0.0017622271172975477,0,,0,0,0.08799624107126132
1781567461.0,1781568061.0,12.620401337792643,3.8297443315380786,24.0,10.0,0.00867090660015718,0,,0,0,0.004395111453103685
1781235421.0,1781236021.0,7.34,2.7582119812177837,19.0,9.0,0.0011248920135889173,0,,0,0,0.016619717979376128
1781614981.0,1781615581.0,5.133333333333334,2.19139732185248,13.0,8.0,8.327800910558071e-05,0,,0,0,0.06388985336532876
1781523781.0,1781524381.0,17.825,11.279673828026528,56.0,36.0,0.055883960788779975,0,,0,0,2.177978830781217e-05
1781480641.0,1781481241.0,3.888333333333333,2.0230003844674758,13.0,3.0,0.0003351953755427121,0,,0,0,0.04339983380755438
1781586421.0,1781587021.0,7.343333333333334,2.908972709088592,15.0,2.0,-0.001025225070069645,0,,0,0,0.020874114399115733
1781392081.0,1781392681.0,4.075,2.0098196436496485,11.0,4.0,-0.0004434734540929317,0,,0,0,0.07220544567931095
1780808101.0,1780808701.0,14.911666666666667,3.8428111093602064,29.0,19.0,-0.0014507540298723085,0,,0,0,0.002982602848308457
1781233681.0,1781234281.0,10.33,3.2400257200625227,20.0,12.0,-0.0032962869341303753,0,,0,0,0.014938650383210506
1781466361.0,1781466961.0,5.29,2.3697890201450424,15.0,3.0,0.00048411245586792807,0,,0,0,0.02584681532131309
1780959301.0,1780959901.0,5.281666666666666,2.46150304127828,14.0,1.0,-0.0017483659676832469,0,,0,0,0.0266808176886182
1781647981.0,1781648581.0,3.0116666666666667,1.7459087095900008,9.0,3.0,0.001954033205647793,0,,0,0,0.10599077396278825
1780852501.0,1780853101.0,13.148333333333333,3.8591446231285786,25.0,10.0,-0.006409101136392048,0,,0,0,0.00341227195281768
1781450821.0,1781451421.0,4.236666666666666,2.126967063423618,14.0,6.0,-0.0008921691449142912,0,,0,0,0.04501986606308468
1781652301.0,1781652901.0,3.2016666666666667,1.822360343681299,13.0,2.0,-0.0020724779791054973,0,,0,0,0.04123592577472505
1780926781.0,1780927381.0,8.625,2.9282033740845255,19.0,6.0,-0.00026913963649899386,0,,0,0,0.01168714322978574
1781567281.0,1781567881.0,10.983333333333333,3.7304676501598144,24.0,11.0,0.011058752940980389,0,,0,0,0.005263656515890076
1780812241.0,1780812841.0,20.218333333333334,6.829885105589665,40.0,10.0,-0.030077889105247505,0,,0,0,7.17714631534546e-05
1780746421.0,1780747021.0,20.833333333333332,10.30722508189711,57.0,41.0,0.04732046477906885,0,,0,0,2.4973264626600414e-05
1781479741.0,1781480341.0,3.43,1.9022180036297978,10.0,1.0,0.0004136122600340565,0,,0,0,0.07065713460821857
1781585641.0,1781586241.0,3.4583333333333335,1.9109152838946633,10.0,1.0,0.00034163983788843997,0,,0,0,0.07054232211072853
1781101201.0,1781101801.0,4.8533333333333335,2.2712306991780666,12.0,5.0,-0.0006748352078755795,0,,0,0,0.06103550013063416
1781543461.0,1781544061.0,6.198333333333333,2.4971311316967095,15.0,6.0,-0.0010578084939124861,0,,0,0,0.032500839106216636
1781118181.0,1781118781.0,4.77,2.0913552224972847,11.0,11.0,0.0003468898524718131,0,,0,0,0.12750113247626904
1780708321.0,1780708921.0,25.033333333333335,5.166451608427415,40.0,19.0,-0.0021712838091216932,0,,0,0,0.00014177386371457012
1781276041.0,1781276641.0,8.985,3.031189260559844,18.0,5.0,-0.0018513106980852705,0,,0,0,0.01301758651231818
1781095921.0,1781096521.0,8.648333333333333,3.7400531041981506,25.0,10.0,0.011257725715904774,0,,0,0,0.004290726760834199
1781195701.0,1781196301.0,11.198333333333334,3.333016234917289,27.0,6.0,-0.0024415901155281053,0,,0,0,0.0016686925201343107
1781368381.0,1781368981.0,5.72,2.2763128080296875,14.0,4.0,-0.0014788929969249893,0,,0,0,0.03470946051509089
1781453041.0,1781453641.0,3.85,1.991858428704209,12.0,3.0,-0.0011661699060275207,0,,0,0,0.05399805150576826
1780771501.0,1780772101.0,14.42,3.8166652110623134,29.0,9.0,0.0013439481776338416,0,,0,0,0.00118055115026878
1780778461.0,1780779061.0,11.673333333333334,3.3645141633756803,23.0,10.0,-0.0012252811813365982,0,,0,0,0.005874658967677296
1781504101.0,1781504701.0,6.98,2.751290606242823,17.0,11.0,0.0032908424745624254,0,,0,0,0.031731557912571394
1780844941.0,1780845541.0,12.991666666666667,3.9591578088724315,25.0,4.0,-0.008136772602146113,0,,0,0,0.0019354890403134484
1781498041.0,1781498641.0,6.831666666666667,2.7012337716104633,15.0,8.0,-0.00256042377895494,1,394.0,1,0,0.03761250949757477
1781185981.0,1781186581.0,4.415,2.06706918123221,10.0,5.0,0.002037200103333627,0,,0,0,0.09530241189024838
1781196661.0,1781197261.0,7.195,2.841415433664473,17.0,10.0,-0.0019800332778702173,0,,0,0,0.028530984534855586
1781391601.0,1781392201.0,4.576666666666667,2.238479146404739,12.0,4.0,-0.0012719479776332734,0,,0,0,0.05659136795148246
1781051341.0,1781051941.0,5.6866666666666665,2.4437312090780816,14.0,4.0,-0.002812174478262438,0,,0,0,0.0345526454773701
1780784581.0,1780785181.0,12.081666666666667,3.5310523297673675,24.0,8.0,-0.004529984805513345,0,,0,0,0.003775731212495384
1781652661.0,1781653261.0,3.2333333333333334,1.9171738459397876,10.0,6.0,0.0025000625001736125,0,,0,0,0.1100499346809282
1781541901.0,1781542501.0,4.953333333333333,2.2973511316780075,17.0,7.0,-0.0009412248367356617,0,,0,0,0.024575376805086403
1781617921.0,1781618521.0,4.0633333333333335,2.022207264901949,14.0,1.0,0.001124614235039541,0,,0,0,0.02877515406504105
1781323381.0,1781323981.0,3.57,1.9472459183849034,13.0,1.0,-0.0006892241367337095,0,,0,0,0.036793210006130395
1781188981.0,1781189581.0,4.421666666666667,2.1167263771105502,14.0,8.0,0.0011453642926785865,0,,0,0,0.05352401263383256
1780770001.0,1780770601.0,15.01,3.8647854619198028,28.0,16.0,-0.000365112125311471,0,,0,0,0.00279402232893954
1781455201.0,1781455801.0,3.6216666666666666,1.8235123312503874,9.0,4.0,-0.00032008422245617473,0,,0,0,0.11200262455376166
1781355061.0,1781355661.0,47.62833333333333,15.117546005295377,89.0,70.0,0.07787363298231384,1,85.0,1,0,6.149185752742207e-08
1781335921.0,1781336521.0,5.836666666666667,2.424868839522849,16.0,6.0,-0.0007201131114253229,0,,0,0,0.02661988039312139
1781389741.0,1781390341.0,4.565,2.2447958333294666,13.0,7.0,0.004913708093633594,0,,0,0,0.05988632044690058
1781229481.0,1781230081.0,4.55,2.137171027316251,13.0,7.0,0.0009920027555632134,0,,0,0,0.06015928012189077
1781262781.0,1781263381.0,4.0216666666666665,2.1341346151439358,12.0,4.0,0.0028293689704693664,0,,0,0,0.05831153179860216
1780763221.0,1780763821.0,27.02,5.173612535421131,45.0,22.0,-0.001840060666835195,0,,0,0,5.50447589401318e-05
1781444941.0,1781445541.0,4.18,2.070652071208488,14.0,6.0,0.0003685565793238309,0,,0,0,0.04523439582283133
1780875121.0,1780875721.0,14.98,3.920833244775061,26.0,17.0,-0.0063412953924871975,0,,0,0,0.0048225491907490075
1781336641.0,1781337241.0,5.221666666666667,2.3250513733870246,12.0,5.0,-0.0009061414059483529,0,,0,0,0.059871369786552976
1780741801.0,1780742401.0,10.415,3.2160185011905638,23.0,15.0,0.0032683701899172,0,,0,0,0.010096552740950752
1780778941.0,1780779541.0,10.358333333333333,3.1053605086831526,21.0,6.0,-0.0014225317292547988,0,,0,0,0.006799167154608173
1780894741.0,1780895341.0,28.07,29.943754496277407,163.0,162.0,0.12407490020805614,0,,0,0,3.178630814240367e-11
1780732921.0,1780733521.0,15.429765886287626,3.9682161496160604,30.0,12.0,-0.003740198236991599,0,,0,0,0.001184566328603551
1781392021.0,1781392621.0,4.085,2.0316926440778387,11.0,3.0,0.00015175042152894668,0,,0,0,0.06598586862934164
1781384701.0,1781385301.0,3.105,1.8530987561379453,9.0,5.0,-0.0005365292681368553,0,,0,0,0.12452462195842177
1780886401.0,1780887001.0,182.85,82.40947053181044,362.0,303.0,0.4617093936372046,0,,0,0,3.4269167269566224e-29
1781090461.0,1781091061.0,5.043333333333333,2.3262535449850597,13.0,2.0,-0.0001920560890446829,0,,0,0,0.03704996130978082
1781591401.0,1781592001.0,3.5716666666666668,1.941184489486309,11.0,3.0,0.0010933085925238701,0,,0,0,0.06780557947464133
1781209861.0,1781210461.0,13.585,4.085679258091609,27.0,11.0,-0.007979105497515262,0,,0,0,0.0023171982670749268
1780900381.0,1780900981.0,20.628333333333334,7.156828712650752,41.0,26.0,0.021382253839593995,0,,0,0,0.0002548387691076488
1781223481.0,1781224081.0,9.061666666666667,3.1513802090865237,22.0,10.0,-0.003152536534823711,0,,0,0,0.008444515306062605
1780924981.0,1780925581.0,11.226666666666667,3.2422146066470607,22.0,13.0,-0.0013350592640535195,0,,0,0,0.010036997974867313
1781190301.0,1781190901.0,5.495,2.439257059024325,15.0,9.0,-0.003881760782668847,0,,0,0,0.04437266419510363
1781198281.0,1781198881.0,11.558333333333334,4.919003681867114,29.0,6.0,-0.020578307161964335,0,,0,0,0.0009815490703366395
1781631541.0,1781632141.0,3.993333333333333,2.0477521551420446,11.0,7.0,-0.000297611937810933,0,,0,0,0.09411703442722671
1780782961.0,1780783561.0,16.391666666666666,4.46336165039561,33.0,20.0,0.0008775302153616908,0,,0,0,0.0012046239634449494
1780897501.0,1780898101.0,11.298333333333334,3.3792499989724876,22.0,8.0,-0.0012350867641298896,0,,0,0,0.006198021120673942
1780768321.0,1780768921.0,20.545,5.121650938255489,51.0,18.0,0.010440779002163909,0,,0,0,1.3378529034130932e-05
1781078761.0,1781079361.0,4.3966666666666665,2.14382575991821,11.0,5.0,0.0007089464137400336,0,,0,0,0.07733823605515998
1781522221.0,1781522821.0,6.513333333333334,2.6968788544455524,14.0,12.0,0.0037429548415412245,0,,0,0,0.0680056190822868
1781454841.0,1781455441.0,3.6216666666666666,1.8335386248696504,9.0,3.0,0.00026869519081996926,0,,0,0,0.10282230714948296
1781396581.0,1781397181.0,5.051666666666667,2.4260387236993743,16.0,7.0,0.004642485118014216,0,,0,0,0.03034203943631726
1781134981.0,1781135581.0,167.90833333333333,41.57843909073815,263.0,218.0,0.22599659999055557,0,,0,0,5.632059655868273e-22
1781442481.0,1781443081.0,10.295,4.270984468870536,28.0,10.0,-0.01598507218075607,0,,0,0,0.001967028478735526
1781581381.0,1781581981.0,4.38,2.031157305577291,12.0,6.0,-0.0013474481873560706,0,,0,0,0.06881306885033073
1781066821.0,1781067421.0,5.361666666666666,2.285650284322215,14.0,6.0,0.002331756477101322,0,,0,0,0.04241266087358758
1780889821.0,1780890421.0,18.303333333333335,4.598694259122788,35.0,23.0,-0.00881202447784576,0,,0,0,0.0009219653837349693
1781605981.0,1781606581.0,5.14,2.235411967997547,14.0,4.0,0.00023050064027955108,0,,0,0,0.03574976182184862
1781202001.0,1781202601.0,7.128333333333333,2.6836288657131577,17.0,3.0,-0.0016740324278678562,0,,0,0,0.014972465898894931
1780782001.0,1780782601.0,19.398333333333333,4.5865379705781955,35.0,10.0,-0.008400828891191373,0,,0,0,0.0002527160151048516
1781226961.0,1781227561.0,6.07,2.6054622110737538,17.0,3.0,0.0035216208933913726,0,,0,0,0.015821029681632293
1781166901.0,1781167501.0,23.93,14.785751023648862,70.0,10.0,-0.07457276270211867,0,,0,0,4.926504385807774e-08
1781519701.0,1781520301.0,6.638333333333334,2.6231400818272914,17.0,7.0,-0.0005640293445259605,0,,0,0,0.02235899831229822
1781557681.0,1781558281.0,4.505,2.111865289264445,11.0,0.0,0.0012953647093464167,0,,0,0,0.04924683022229265
1781119561.0,1781120161.0,4.465,2.100501924144164,12.0,4.0,0.000213361703782514,0,,0,0,0.05717267911340657
1781107321.0,1781107921.0,14.995,3.926615378838795,26.0,14.0,0.005423876177433824,0,,0,0,0.0036228762583270582
1781381461.0,1781382061.0,3.5483333333333333,1.820530295149069,10.0,5.0,-0.00012013922260894981,0,,0,0,0.09995132212480366
1781407681.0,1781408281.0,3.64440734557596,1.9896471464286374,11.0,6.0,-0.0008011081737894257,0,,0,0,0.08785516948657261
1780811881.0,1780812481.0,32.62,8.61426723523249,59.0,23.0,-0.036933491481920815,0,,0,0,1.683618817969408e-06
1781385481.0,1781386081.0,3.35,1.8772763959168792,11.0,5.0,0.0007028908413634471,0,,0,0,0.0819219132583528
1781102041.0,1781102641.0,5.23,2.2979193487442795,13.0,2.0,-0.001132836480101335,0,,0,0,0.03675585485973809
1781299081.0,1781299681.0,15.85,3.98172910513343,31.0,16.0,0.002777063269620183,0,,0,0,0.0013536613717223481
1781092681.0,1781093281.0,5.168333333333333,2.3706533323584495,16.0,6.0,0.00030747307631409594,0,,0,0,0.02755642813547502
1781176321.0,1781176921.0,6.276666666666666,2.556714471521779,15.0,5.0,-8.04446679018628e-05,0,,0,0,0.029453108605312934
1781323621.0,1781324221.0,3.725,2.008160435157842,12.0,5.0,0.0016489768027133417,0,,0,0,0.06496084582116922
1781291761.0,1781292361.0,37.53333333333333,6.407460928913695,62.0,31.0,0.0031691199142219986,0,,0,0,1.5565420765377372e-06
1780845541.0,1780846141.0,9.865,3.289393307789954,21.0,9.0,-0.005242486784685515,0,,0,0,0.009192444792325677
1781601661.0,1781602261.0,3.9,2.070426687102605,11.0,3.0,-0.00021772282700785442,0,,0,0,0.0664679775154249
1780923241.0,1780923841.0,15.415,3.9555161905032485,29.0,19.0,-0.0001396948324856742,0,,0,0,0.0028961660151575024
1781212981.0,1781213581.0,12.295,3.6255539806582204,27.0,16.0,0.004373262147950419,0,,0,0,0.0040465067655177924
1781487721.0,1781488321.0,4.316666666666666,2.063909451071491,11.0,10.0,0.0011101697504715354,1,947.0,1,0,0.11973859067759594
1780781161.0,1780781761.0,28.265,5.485566667780701,49.0,26.0,-0.005479876332989816,0,,0,0,3.0250925856954173e-05
1781579641.0,1781580241.0,4.088333333333333,2.028266227320489,10.0,3.0,-0.0003278064661290741,0,,0,0,0.08139387667375368
1781056561.0,1781057161.0,6.543333333333333,2.5221926087346214,16.0,3.0,-0.002643118453106808,0,,0,0,0.01936964580103953
1781501941.0,1781502541.0,4.45,2.228788908802267,12.0,3.0,0.0016296711935310892,0,,0,0,0.05203738022415316
1780832221.0,1780832821.0,7.656666666666666,2.8329234997711388,17.0,8.0,-0.0013018369495470961,0,,0,0,0.023169598400240205
1781197081.0,1781197681.0,7.796666666666667,2.9673763196167453,19.0,13.0,0.004719679776888268,0,,0,0,0.023441455876945815
1781455141.0,1781455741.0,3.6483333333333334,1.8550823581597546,9.0,2.0,-0.000230306195294987,0,,0,0,0.09416312072790728
1781397841.0,1781398441.0,3.9283333333333332,2.019041989547408,11.0,4.0,0.001432809535582045,0,,0,0,0.07267564709269937
1781632741.0,1781633341.0,8.211666666666666,3.076826918903448,18.0,2.0,0.0003720843669010187,0,,0,0,0.010174771913968905
1781527021.0,1781527621.0,11.068333333333333,3.7643499512605834,25.0,12.0,0.009250220139500387,0,,0,0,0.004594437658023038
1781566141.0,1781566741.0,6.23,2.5266116968514707,14.0,4.0,0.0015210042250117352,0,,0,0,0.03355390964327685
1781203501.0,1781204101.0,6.673333333333333,2.68203073973601,15.0,5.0,-0.004220511723643679,0,,0,0,0.02875705072400352
1781398501.0,1781399101.0,4.1866666666666665,2.0120857061489423,10.0,4.0,0.0004637235103430864,0,,0,0,0.08847138360039951
1781532001.0,1781532601.0,5.773333333333333,2.2895317328125318,14.0,7.0,0.0008102800285556316,0,,0,0,0.04555037247054611
1781449441.0,1781450041.0,4.405,2.0250864179091224,11.0,5.0,-0.0011812532812591192,0,,0,0,0.07763075446121193
1781319301.0,1781319901.0,14.341666666666667,3.737859978948144,27.0,10.0,-0.006964602679451887,0,,0,0,0.0020554702855711967
1781218921.0,1781219521.0,7.806666666666667,2.8247635102586712,18.0,10.0,0.0023143953177647667,0,,0,0,0.022218603987820006
1780761781.0,1780762381.0,37.38166666666667,6.866779732078851,61.0,39.0,-0.014370845474570772,0,,0,0,4.147609522299951e-06
1781150581.0,1781151181.0,9.335,3.2149818558326784,20.0,8.0,-0.0018200328334245456,0,,0,0,0.010775421118265596
1781082781.0,1781083381.0,5.801666666666667,2.420536556679577,14.0,3.0,-0.001575032152867085,0,,0,0,0.03135843887870516
1780712401.0,1780713001.0,18.203333333333333,4.235405004902785,31.0,14.0,-0.0025742293728593674,0,,0,0,0.0009849188255239294
1781571361.0,1781571961.0,14.866666666666667,3.8295633635645143,29.0,14.0,0.0021404503901399697,0,,0,0,0.0018581105202903014
1781339821.0,1781340421.0,6.406666666666666,2.6648243636098963,16.0,6.0,0.004874957985994397,0,,0,0,0.025661093980974627
1781206021.0,1781206621.0,5.446666666666666,2.314552992600419,14.0,5.0,0.00010455584598845277,0,,0,0,0.03850313642435294
1781182381.0,1781182981.0,5.433333333333334,2.3278507015891052,14.0,8.0,0.0004424456734602,0,,0,0,0.0506270805199785
1781104441.0,1781105041.0,7.913333333333333,2.688708901230395,21.0,9.0,0.001825060625168405,0,,0,0,0.010358371534169054
1781488261.0,1781488861.0,7.57,4.049086316689236,20.0,13.0,0.01650687918577552,1,407.0,1,0,0.018238916246750524
1781407261.0,1781407861.0,4.67,2.3089174952778198,16.0,3.0,-0.003668399078886333,0,,0,0,0.021403970513586872
1781055721.0,1781056321.0,7.166666666666667,2.734755727462489,16.0,5.0,-0.0014998930552584853,0,,0,0,0.02246798973566682
1781514121.0,1781514721.0,18.985,5.173790518887804,37.0,24.0,-0.014240845113458618,0,,0,0,0.0006098336557454119
1780728361.0,1780728961.0,24.218333333333334,5.230104895910045,40.0,23.0,-0.004653762927119262,0,,0,0,0.0002157813434294165
1781298181.0,1781298781.0,16.85475792988314,4.317214047088743,36.0,22.0,0.0014809233928211583,0,,0,0,0.0007263356505079546
1781357221.0,1781357821.0,51.38666666666666,8.375389874838994,79.0,46.0,-0.020854946819296647,0,,0,0,6.418827565609512e-08
1781515021.0,1781515621.0,11.221666666666666,3.529758805105842,23.0,9.0,-0.003625760071555766,0,,0,0,0.005430428791973937
1781441641.0,1781442241.0,20.635,8.344965048858302,48.0,26.0,0.03960169333803705,0,,0,0,4.988208311708342e-05
1781449681.0,1781450281.0,4.198333333333333,1.9618861389546087,11.0,6.0,-0.0006030850085694711,0,,0,0,0.08573938587599413
1781537281.0,1781537881.0,6.105,2.4987947094549408,16.0,2.0,0.0023365898238606173,0,,0,0,0.018038150528182327
1781440381.0,1781440981.0,18.081666666666667,5.255314505865044,37.0,15.0,-0.01377589937749829,1,1120.0,1,0,0.0002695790372716966
1781353561.0,1781354161.0,6.703333333333333,2.5687848402611606,15.0,6.0,-0.0014972263811844,1,1585.0,1,0,0.03163120803162208
1781299501.0,1781300101.0,16.251666666666665,4.050308287306316,31.0,15.0,-0.002266978519384786,0,,0,0,0.0012029903116704051
1781466781.0,1781467381.0,5.065,2.3545930292373956,13.0,1.0,-0.0025013680593557242,0,,0,0,0.033721327488624046
1781499241.0,1781499841.0,6.331666666666667,2.553754860766571,15.0,10.0,0.0001470281861894124,0,,0,0,0.04650473660002188
1781478301.0,1781478901.0,3.4033333333333333,1.8620747090872112,10.0,1.0,0.0012896146933741427,0,,0,0,0.0708452468724804
1781498821.0,1781499421.0,6.378333333333333,2.6505088609967373,16.0,4.0,-0.0007279186886630329,0,,0,0,0.02133852403387466
1781053801.0,1781054401.0,9.638333333333334,3.6634497251755604,22.0,8.0,-0.010282111894755275,0,,0,0,0.006660019740927275
1781104981.0,1781105581.0,9.721666666666666,3.4386330455898055,22.0,12.0,0.007975883266342415,0,,0,0,0.009767509728289802
1780704661.0,1780705261.0,12.803333333333333,3.4810901868364295,26.0,10.0,0.0008633912871980224,0,,0,0,0.002809761621661798
1781075461.0,1781076061.0,6.513333333333334,2.487265343482454,19.0,12.0,-0.001591059975166603,0,,0,0,0.023147942767333996
1780774621.0,1780775221.0,12.005,3.4537383128044503,26.0,13.0,7.452798479993472e-05,0,,0,0,0.0038935330268081414
1781413801.0,1781414401.0,2.8566666666666665,1.649077183019508,10.0,3.0,-9.000025000069409e-05,0,,0,0,0.08726847476083623
1781447041.0,1781447641.0,5.4816666666666665,2.3064396564594722,13.0,9.0,0.0006585296070266885,0,,0,0,0.06843588365817803
1780875781.0,1780876381.0,10.88,3.4812258377378127,22.0,11.0,-0.0049668471301309285,0,,0,0,0.008376166616787537
1781178121.0,1781178721.0,11.861666666666666,3.921631959047435,27.0,9.0,-0.010858335717599229,0,,0,0,0.0021007353406596115
1781163541.0,1781164141.0,14.088333333333333,3.990053953965479,34.0,12.0,-0.005500820835613437,0,,0,0,0.0005118601701613529
1781358541.0,1781359141.0,28.791666666666668,5.7499214970486525,49.0,22.0,-0.011748727079797459,0,,0,0,1.9913751355402158e-05
1780883341.0,1780883941.0,13.326666666666666,3.8539964827291797,29.0,9.0,0.004550179306053621,0,,0,0,0.001245168162404632
1781354641.0,1781355241.0,19.966666666666665,10.117915903100906,48.0,35.0,0.05164286567462687,1,505.0,1,0,0.00011381273139767407
1781470321.0,1781470921.0,3.466666666666667,1.93275853524323,10.0,9.0,-0.0009598915552543226,0,,0,0,0.13988565337314693
1781216881.0,1781217481.0,19.986666666666668,5.291170842912643,38.0,15.0,-0.015198486662462945,0,,0,0,0.0001951194227336366
1781477881.0,1781478481.0,2.8833333333333333,1.6890990366333039,10.0,2.0,-0.0005901127503131935,0,,0,0,0.07975111331095647
1781210461.0,1781211061.0,9.128333333333334,3.07438837639113,23.0,10.0,-0.001074197428326191,0,,0,0,0.006741541341626676
1781497261.0,1781497861.0,12.31,3.916703545925664,24.0,11.0,-0.009289803582787753,1,1174.0,1,0,0.004892266671032151
1781531161.0,1781531761.0,5.998333333333333,2.4505095841930964,15.0,3.0,-0.002081644671235201,0,,0,0,0.02489367674293125
1781341081.0,1781341681.0,5.496666666666667,2.288373998182018,14.0,6.0,-0.0007129464248511847,0,,0,0,0.04213461167721609
1780790401.0,1780791001.0,7.247078464106845,2.7008415146021885,17.0,8.0,-0.0005863741781995898,0,,0,0,0.02375464344337421
1781632321.0,1781632921.0,10.585,3.9420098511630672,24.0,10.0,-0.01343700954724875,0,,0,0,0.004843949103249652
1780876501.0,1780877101.0,10.135451505016722,3.216291209447507,20.0,8.0,0.0004902820213344674,0,,0,0,0.010355777590114523
1781351941.0,1781352541.0,5.105,2.358807961661992,14.0,4.0,-0.0007753077091880745,0,,0,0,0.03564873671902718
1781577181.0,1781577781.0,7.633333333333334,2.871507540570903,20.0,10.0,0.003951899866388519,0,,0,0,0.014336458897389374
1781551381.0,1781551981.0,3.73,1.9123545696339892,11.0,0.0,0.00023983399953888973,0,,0,0,0.05146545350301917
1781485801.0,1781486401.0,3.4033333333333333,1.8566965886278302,12.0,0.0,-0.00019766721574226656,0,,0,0,0.04220643458662702
1781223781.0,1781224381.0,8.173333333333334,2.9461764298078883,19.0,10.0,-0.002906841407892802,0,,0,0,0.017397646716649444
1780927561.0,1780928161.0,8.646666666666667,2.9560935182921546,23.0,12.0,-0.0001252225700626974,0,,0,0,0.00838217786787249
1780870321.0,1780870921.0,16.558333333333334,4.159318520569872,32.0,16.0,0.0015249209025580668,0,,0,0,0.0010349682915715896
1781394421.0,1781395021.0,3.585,1.8892966063238104,11.0,6.0,0.00038502884730235365,0,,0,0,0.08840071241940367
1780731241.0,1780731841.0,13.858333333333333,3.6680963121973167,26.0,14.0,0.0006896963602676537,0,,0,0,0.0038720255183121504
1781346241.0,1781346841.0,5.385,2.273787222528382,13.0,2.0,-0.00223936733157592,0,,0,0,0.03651415180369235
1781296801.0,1781297401.0,18.913333333333334,4.447376255226845,34.0,12.0,0.0006648351800977227,0,,0,0,0.00039508082856101886
1780786021.0,1780786621.0,12.831666666666667,4.359663277007628,26.0,16.0,0.012211006141683724,0,,0,0,0.004801166489978207
1780926721.0,1780927321.0,8.615,2.9314572599078885,19.0,6.0,-0.0005788627190631101,0,,0,0,0.011691500874883737
1781641501.0,1781642101.0,2.7716666666666665,1.7586539991962287,11.0,3.0,0.0003539176497712483,0,,0,0,0.07083800903290303
1780787281.0,1780787881.0,13.271666666666667,3.887312339164712,31.0,16.0,0.0019961999894444154,0,,0,0,0.0015455328579057114
1781347981.0,1781348581.0,4.283333333333333,2.0468810962589457,14.0,7.0,-0.00010477806882796803,0,,0,0,0.04933831602653941
1780764001.0,1780764601.0,30.116666666666667,5.948085593047752,46.0,36.0,0.005086791907755311,0,,0,0,0.00013878572216638794
1781271121.0,1781271721.0,3.908333333333333,1.933890006064346,11.0,6.0,0.0003689732471479061,0,,0,0,0.08696949511255361
1780917181.0,1780917781.0,14.146666666666667,4.12292237240636,31.0,23.0,-0.0002592784979958464,0,,0,0,0.002855489287073147
1780950841.0,1780951441.0,7.798333333333333,3.5101278071064907,19.0,10.0,0.010779391053864038,0,,0,0,0.01735272461888447
1781395201.0,1781395801.0,3.5626043405676127,1.879243595048393,12.0,5.0,0.00022974202927404639,0,,0,0,0.06575691032522539
1780804021.0,1780804621.0,8.198333333333334,3.186795237992063,22.0,9.0,0.006510490306917521,0,,0,0,0.00800799654110659
1780894381.0,1780894981.0,11.578333333333333,3.5143321635206246,22.0,19.0,0.004536262600729459,0,,0,0,0.017178086741646083
1781377801.0,1781378401.0,5.461666666666667,2.401776541553264,14.0,5.0,1.5694488040248743e-05,0,,0,0,0.03835293400280654
1781603041.0,1781603641.0,5.116666666666666,2.1322262752552525,12.0,3.0,-0.0002014450040138988,0,,0,0,0.05059022695774185
1780733281.0,1780733881.0,14.918333333333333,3.9147154714260166,30.0,11.0,0.00018513940316500194,0,,0,0,0.0011070338453670915
1780897801.0,1780898401.0,11.118333333333334,3.3602079135408007,21.0,6.0,-0.0006073072425201079,0,,0,0,0.006484173686075588
1780933681.0,1780934281.0,7.193333333333333,2.68625306990156,16.0,8.0,0.0007614465595737643,0,,0,0,0.029708650083689
1781454901.0,1781455501.0,3.635,1.842581974657663,9.0,6.0,0.00012419478942996893,0,,0,0,0.1322752526712225
1781539441.0,1781540041.0,6.4383333333333335,2.6228859211859663,17.0,9.0,0.0013466981852727287,0,,0,0,0.02719805432860637
1781102341.0,1781102941.0,5.16,2.322584767021432,13.0,1.0,-5.483348564857472e-05,0,,0,0,0.03360610588954402
1781276341.0,1781276941.0,8.621666666666666,2.970723349997812,18.0,12.0,-0.0012698090828030142,0,,0,0,0.025583758559581324
1781490901.0,1781491501.0,8.521666666666667,3.068039095071784,19.0,9.0,0.0017218103383620557,0,,0,0,0.015498823893922114
1781132101.0,1781132701.0,5.745,2.2927367198757618,13.0,4.0,-0.0009905860849613447,0,,0,0,0.04307582246957983
1781623621.0,1781624221.0,12.303333333333333,6.446031509558592,32.0,8.0,0.008076577990494407,0,,0,0,0.0005475797300463558
1781293441.0,1781294041.0,37.31666666666667,6.684289208451578,58.0,39.0,-0.012450645696238037,0,,0,0,8.267311094938409e-06
1780746181.0,1780746781.0,13.575,4.225049309376953,30.0,12.0,0.010124222567284919,0,,0,0,0.0012871603096406804
1781096161.0,1781096761.0,9.445,3.412278075811915,25.0,4.0,-0.005791488309689742,0,,0,0,0.002359338258887589
1781560021.0,1781560621.0,4.776666666666666,2.294222211459813,15.0,3.0,-0.001041169558804325,0,,0,0,0.0265763967888789
1780901461.0,1780902061.0,12.378333333333334,3.786625219843595,30.0,8.0,-0.006681213003369442,0,,0,0,0.0009490181796654336
1781292961.0,1781293561.0,41.623333333333335,6.52876626085579,70.0,42.0,-0.006231739532609801,0,,0,0,5.888355770648108e-07
1781441461.0,1781442061.0,14.551666666666666,7.416018511004106,42.0,30.0,0.034950569307136956,1,40.0,1,0,0.00039950436218287783
1781376601.0,1781377201.0,7.065,2.656584586770515,15.0,8.0,0.0012772535479265246,0,,0,0,0.03725252612404786
1781622841.0,1781623441.0,8.535,2.8859617114577247,17.0,9.0,-4.047233464537423e-05,0,,0,0,0.024314633366963514
1781570461.0,1781571061.0,20.085,9.88927575710173,49.0,28.0,0.03747396520545891,0,,0,0,4.665920224004326e-05
1781084401.0,1781085001.0,4.7316666666666665,2.227030284681573,13.0,3.0,0.00035136208711691115,0,,0,0,0.041370870547939496
1781056261.0,1781056861.0,6.676666666666667,2.6780818176863495,16.0,5.0,0.0018004494456929042,0,,0,0,0.023061966521406192
1781577781.0,1781578381.0,7.401666666666666,2.68768746116227,17.0,8.0,-0.001741754838207898,0,,0,0,0.02358720907859344
1780763161.0,1780763761.0,27.265,5.205584341198722,45.0,25.0,-0.002021311170308779,0,,0,0,7.230657754184392e-05
1781589181.0,1781589781.0,3.4516666666666667,1.9002624087799618,10.0,2.0,-0.0006878074661318517,0,,0,0,0.07711365366950632
1781574241.0,1781574841.0,8.933333333333334,3.1862552035614193,20.0,9.0,-0.0060412390034416796,0,,0,0,0.012092324105262937
1781267761.0,1781268361.0,3.1066666666666665,1.7239360648108606,9.0,1.0,-0.00032294534151483555,0,,0,0,0.08890016297249254
1781165281.0,1781165881.0,15.88,6.151606836158067,37.0,6.0,-0.024561512670868545,0,,0,0,0.00012327610350319635
1781506081.0,1781506681.0,4.691666666666666,2.124444371803811,12.0,5.0,0.0014810318917552554,0,,0,0,0.06182398092593936
1781155201.0,1781155801.0,7.3566666666666665,2.7789906241095688,16.0,7.0,-0.0009911694199150644,0,,0,0,0.026771303690667908
1781445421.0,1781446021.0,4.37,2.1771005182734826,12.0,6.0,0.0006730574251595078,0,,0,0,0.06849068134688378
1781104141.0,1781104741.0,7.583333333333333,2.672649538483405,19.0,16.0,0.0007965577682160196,0,,0,0,0.03163411158776033
1780775881.0,1780776481.0,11.258333333333333,3.398764072750891,22.0,12.0,-0.0012250311806421671,0,,0,0,0.009063929607420428
1781388061.0,1781388661.0,4.041666666666667,2.067993525672221,11.0,5.0,0.0021177558826552265,0,,0,0,0.0788257729870238
1781574841.0,1781575441.0,6.766666666666667,2.555821242227676,15.0,7.0,-0.0007652799035552865,0,,0,0,0.034598821574072285
1781256601.0,1781257201.0,4.523333333333333,2.2721771253335175,12.0,2.0,-0.0033980649946249828,0,,0,0,0.0472859548521563
1781198581.0,1781199181.0,7.383333333333334,3.062633217057215,18.0,5.0,-0.0076561879338553655,0,,0,0,0.014073160072960016
1781404921.0,1781405521.0,3.0966666666666667,1.7815692209086038,9.0,2.0,-0.0007781132725368717,0,,0,0,0.09679077105602488
1781357821.0,1781358421.0,39.185,7.021688424683434,66.0,34.0,-0.013017563937677607,0,,0,0,7.531716680362312e-07
1781304661.0,1781305261.0,14.971666666666666,3.87438561437667,28.0,16.0,-0.0007418631718421361,0,,0,0,0.002798359486859374
1781378821.0,1781379421.0,3.4566666666666666,1.819740518743141,10.0,2.0,-0.0011481143003174992,0,,0,0,0.07731373855534272
1781418961.0,1781419561.0,3.18,1.8459685804476738,10.0,6.0,0.002107894744152067,0,,0,0,0.11057760496472475
1781220361.0,1781220961.0,4.823333333333333,2.113162453659338,12.0,5.0,-0.0005766682685229691,0,,0,0,0.06146717825600125
1781058061.0,1781058661.0,6.763333333333334,2.6521668290077245,15.0,6.0,-0.0038047327909244266,0,,0,0,0.031442632293137776
1780757461.0,1780758061.0,168.74,19.655509829731376,221.0,145.0,-0.0875046319573111,0,,0,0,1.588182302958679e-20
1781464561.0,1781465161.0,3.075,1.6870215371081267,9.0,1.0,0.00012136144822624801,0,,0,0,0.08914254763756417
1780822141.0,1780822741.0,7.578333333333333,2.854913405964453,16.0,3.0,-0.002397034436206764,0,,0,0,0.018181964772321674
1781135281.0,1781135881.0,222.69166666666666,27.423528776500582,288.0,271.0,0.1287417187269965,0,,0,0,3.3824176876416136e-23
1781181481.0,1781182081.0,5.448333333333333,2.339657501050575,13.0,8.0,-0.00030991752754867883,0,,0,0,0.06262113284070359
1781167501.0,1781168101.0,8.34,3.028927202822808,17.0,9.0,-0.0015883377453826384,0,,0,0,0.02441773165527045
1781261161.0,1781261761.0,5.433333333333334,2.4519833242137317,15.0,7.0,0.003155508765302126,0,,0,0,0.0370410353866921
1781352061.0,1781352661.0,5.043333333333333,2.2244375069266886,14.0,5.0,-0.00012833368981580683,0,,0,0,0.03938746704920771
1780898941.0,1780899541.0,10.208333333333334,3.1328789564162154,21.0,8.0,0.0015380876057989206,0,,0,0,0.0082700242267361
1781184061.0,1781184661.0,5.675,2.4669904066831445,16.0,5.0,-0.0008843080119666981,0,,0,0,0.02441017052605695
1781188141.0,1781188741.0,4.526666666666666,2.0589533479146365,13.0,2.0,-0.0006988352745424297,0,,0,0,0.03835730512848565
1781230921.0,1781231521.0,22.231666666666666,10.06452502053072,56.0,38.0,0.04349414859485721,0,,0,0,2.2136636991257216e-05
1781583661.0,1781584261.0,3.535,1.90843085631451,11.0,3.0,-0.0016826435628987811,0,,0,0,0.06800050351794754
1781369461.0,1781370061.0,4.913333333333333,2.291830903205751,11.0,7.0,0.00036000100000277516,0,,0,0,0.0895020516975613
1781253841.0,1781254441.0,5.036666666666667,2.3576801215507492,14.0,5.0,0.0008769468804080017,0,,0,0,0.03920899990415565
1781586901.0,1781587501.0,5.366666666666666,2.5269656815151955,14.0,3.0,-0.004194956097100262,0,,0,0,0.031902015401637604
1781541301.0,1781541901.0,6.695,3.0765741228407504,19.0,6.0,0.0002952508201411679,0,,0,0,0.012786926485289056
1780778341.0,1780778941.0,11.665,3.39599396348109,23.0,9.0,0.0005759182664396264,0,,0,0,0.00533871455172313
1780841341.0,1780841941.0,17.903333333333332,4.730467442253696,45.0,15.0,-0.011554809874471866,0,,0,0,4.5318408443715504e-05
1780868401.0,1780869001.0,7.301666666666667,2.7118254409571096,16.0,8.0,-0.00038619551720977445,0,,0,0,0.02952474843881094
1781313481.0,1781314081.0,5.59,2.3941386760169094,15.0,3.0,-0.003725843682899119,0,,0,0,0.02544810189144436
1781064961.0,1781065561.0,11.466666666666667,3.6713606318215173,25.0,5.0,-0.009127192019977824,0,,0,0,0.002322684506977883
1781359081.0,1781359681.0,22.748333333333335,5.379745708571074,39.0,19.0,-0.011239503443065107,0,,0,0,0.0001977627633363584
1780777741.0,1780778341.0,10.821666666666667,3.234686572486154,29.0,17.0,6.536129267026166e-05,0,,0,0,0.0030951141214818263
1781357461.0,1781358061.0,45.74666666666667,8.364956000415598,74.0,46.0,-0.023321953672093543,0,,0,0,2.6438445352203794e-07
1781208661.0,1781209261.0,17.756666666666668,4.2036637459350725,34.0,14.0,0.0028234522873674542,0,,0,0,0.0005113352163783826
1781100541.0,1781101141.0,5.24,2.330035765104619,14.0,9.0,-0.0005337792604979476,0,,0,0,0.05591999200717759
1781448901.0,1781449501.0,5.093333333333334,2.2400793636734293,13.0,5.0,-0.0012921702560284901,0,,0,0,0.04876759574817762
1780961581.0,1780962181.0,9.19,3.2914890247424493,19.0,3.0,0.0020989502748618607,0,,0,0,0.00844343794067595
1780767481.0,1780768081.0,19.3,4.522536161639101,36.0,13.0,-0.001159392109422544,0,,0,0,0.00027025136168732863
1781165581.0,1781166181.0,11.811666666666667,3.4355296373177877,23.0,11.0,-0.004080705779738282,0,,0,0,0.006397565716115414
1781467621.0,1781468221.0,3.79,1.9354327681425672,11.0,6.0,-0.0010473917983105483,0,,0,0,0.08743662993908764
1780720861.0,1780721461.0,27.553333333333335,5.191707062443164,44.0,24.0,0.00016877824660621601,0,,0,0,8.129596055238133e-05
1781359561.0,1781360161.0,19.608333333333334,4.580203476799791,34.0,23.0,-0.0024263678510218238,0,,0,0,0.0010837773672414323
1781375941.0,1781376541.0,3.775,2.011891730022601,10.0,7.0,0.003277036880658,0,,0,0,0.11654744695533933
1780762081.0,1780762681.0,33.3,6.455230437405004,54.0,36.0,-0.011304698068605784,0,,0,0,1.8954933319687362e-05
1781439841.0,1781440441.0,18.10333333333333,4.277770707064863,30.0,18.0,0.0014804485568015403,1,1660.0,1,0,0.001814126966774437
1780941181.0,1780941781.0,9.091666666666667,3.033688166059407,21.0,15.0,-0.0006794185539404287,0,,0,0,0.016970954626916203
1780820341.0,1780820941.0,48.26166666666666,17.157793094943443,87.0,38.0,0.07156000433334535,0,,0,0,4.092463912649568e-09
1781577541.0,1781578141.0,7.876666666666667,2.769739257683935,20.0,6.0,-0.00280850780141057,0,,0,0,0.00975150457401609
1780780441.0,1780781041.0,26.528333333333332,6.203428935319204,51.0,25.0,0.01911719199220001,0,,0,0,1.8555989995813132e-05
1780741141.0,1780741741.0,11.005,3.4460085606393958,22.0,10.0,-0.005203097786382743,0,,0,0,0.007582490671917851
1781526541.0,1781527141.0,10.151666666666667,3.1297492799832316,22.0,10.0,-0.003148203189453301,0,,0,0,0.008005890652910054
1780808521.0,1780809121.0,16.161666666666665,4.100267945174098,31.0,23.0,0.007411826143961504,0,,0,0,0.0025842568399958646
1780787401.0,1780788001.0,13.453333333333333,3.887735702036455,31.0,11.0,0.0031832310645307305,0,,0,0,0.0009509681351096639
1780836181.0,1780836781.0,6.765,2.600597687712064,16.0,4.0,0.00277247992355534,0,,0,0,0.020976679669876045
1781391721.0,1781392321.0,4.441666666666666,2.175606556546677,11.0,5.0,-0.0009292525812571743,0,,0,0,0.07709153677002659
1781396281.0,1781396881.0,3.8033333333333332,2.0399319160751963,11.0,9.0,0.003985899960833225,0,,0,0,0.11267488683229532
1780918081.0,1780918681.0,17.051666666666666,4.0400904142798035,37.0,25.0,0.0055381542726507535,0,,0,0,0.0007715295747504163
1781438101.0,1781438701.0,7.651666666666666,3.172327834396831,18.0,6.0,-0.008576107155853203,0,,0,0,0.015194692222292965
1781429701.0,1781430301.0,3.61,1.9238589691901362,10.0,4.0,-0.0010394473317981465,0,,0,0,0.0911059912302982
1781156821.0,1781157421.0,6.6433333333333335,2.5224569151699874,18.0,7.0,0.002195061652949042,0,,0,0,0.017970871578742092
1781651221.0,1781651821.0,2.57,1.6098964770029986,10.0,1.0,0.0003606676685213038,0,,0,0,0.07429909536823298
1781152981.0,1781153581.0,10.128333333333334,3.2662716597912604,21.0,10.0,-0.0031224808957802637,0,,0,0,0.009981144627378445
1780894681.0,1780895281.0,18.64666666666667,13.299441926470282,78.0,74.0,0.05339031497309715,0,,0,0,4.980694103437116e-06
1780895521.0,1780896121.0,49.458333333333336,36.565078019273464,163.0,14.0,-0.18850232917313658,0,,0,0,6.225123329232981e-18
1781375401.0,1781376001.0,3.808333333333333,1.874814805668964,10.0,1.0,-0.0013005869460748526,0,,0,0,0.06948992859387311
1781155801.0,1781156401.0,6.2283333333333335,2.47511559774937,14.0,3.0,0.000512640312889759,0,,0,0,0.030654030542768412
1781211601.0,1781212201.0,7.976666666666667,2.8324528043533026,19.0,5.0,-0.003907455298486949,0,,0,0,0.011021544557718106
1780738501.0,1780739101.0,8.886666666666667,2.9264008990946917,19.0,5.0,0.0003874455206820011,0,,0,0,0.010498448232378903
1781438581.0,1781439181.0,5.743333333333333,2.418840401698485,18.0,4.0,-0.00013150036527879264,0,,0,0,0.0142292820339185
1781189221.0,1781189821.0,5.3133333333333335,2.533473680322906,18.0,5.0,0.0049188469967972066,0,,0,0,0.015898430137614657
1781216761.0,1781217361.0,21.663333333333334,5.534436636992864,45.0,20.0,-0.015867877410770576,0,,0,0,5.866965581431883e-05
1781552581.0,1781553181.0,4.2283333333333335,2.1078102117811484,12.0,6.0,0.0013214203372787165,0,,0,0,0.06911401746069969
1781166421.0,1781167021.0,191.97,135.89766652399393,507.0,41.0,-0.7423789510526418,0,,0,0,2.1412520602445368e-55
1781373781.0,1781374381.0,6.595,2.945783710095951,19.0,1.0,-0.007279603554454326,0,,0,0,0.008053112461871422
1781567701.0,1781568301.0,15.936454849498327,4.790875050862645,36.0,24.0,0.014177541428633384,0,,0,0,0.000903881871909012
1781470441.0,1781471041.0,3.3633333333333333,1.8693997848388544,10.0,3.0,-0.0013362814896708036,0,,0,0,0.08461725635500374
1781143681.0,1781144281.0,34.068333333333335,5.801177801868246,52.0,35.0,-0.007906160850446863,0,,0,0,2.673706945825642e-05
1781133301.0,1781133901.0,7.3566666666666665,2.9056477571944073,18.0,8.0,0.004196733879816341,0,,0,0,0.01878497623489095
1781416561.0,1781417161.0,3.0616666666666665,1.7081756024744321,9.0,3.0,-0.00012819480054111084,0,,0,0,0.10588920614443897
1781455321.0,1781455921.0,3.495,1.7663450965199299,9.0,1.0,-0.00048819580054389135,0,,0,0,0.08720870176362457
1780720141.0,1780720741.0,21.628333333333334,5.1942465500034,40.0,17.0,0.010377723271453528,0,,0,0,0.00013878286670563863
1780741741.0,1780742341.0,10.25,3.1022841047632417,21.0,12.0,0.0022162839341220504,0,,0,0,0.012056279941226551
1780888861.0,1780889461.0,39.99166666666667,10.579457951878044,77.0,29.0,-0.049031163975455525,0,,0,0,3.2451823877347295e-08
1780911961.0,1780912561.0,7.398333333333333,2.8017251629824234,17.0,7.0,0.00027925077569661673,0,,0,0,0.02139921625688103
1781175661.0,1781176261.0,6.546666666666667,2.521472233085707,15.0,7.0,0.0006682240784002112,0,,0,0,0.035012915132752336
1781595901.0,1781596501.0,4.431666666666667,2.3213495835157807,13.0,5.0,0.005673654649040696,0,,0,0,0.050181228929433594
1781213581.0,1781214181.0,20.393333333333334,7.037183780146399,40.0,25.0,0.026374184372734383,0,,0,0,0.00029530725128196607
1781630641.0,1781631241.0,4.86,2.180305788951021,13.0,6.0,-0.0013038925108125262,0,,0,0,0.05409971016158257
1781122441.0,1781123041.0,4.416666666666667,2.1267476473610016,11.0,7.0,-0.0004275011875033014,0,,0,0,0.09207328349479017
1781419741.0,1781420341.0,3.745,2.0428676739655294,13.0,2.0,-0.003534370928808135,0,,0,0,0.03985139476822908
1781051221.0,1781051821.0,5.791666666666667,2.4701411340695136,14.0,5.0,-0.0006134183706065934,0,,0,0,0.03765362837592749
1781578741.0,1781579341.0,5.328333333333333,2.347451928273624,12.0,7.0,-0.0014428095633598963,0,,0,0,0.07114954140254115
1780830781.0,1780831381.0,9.515,3.0110532487265425,18.0,8.0,-0.0008993080536334792,0,,0,0,0.016825974481576952
1781298601.0,1781299201.0,16.46,4.248340852615289,36.0,13.0,-0.003333231481198541,0,,0,0,0.0003148173553435233
1781419381.0,1781419981.0,4.525,2.242626808008858,13.0,8.0,0.0015179208831135659,0,,0,0,0.06561749364313404
1781610361.0,1781610961.0,8.545,3.096983747670196,22.0,6.0,0.004436206767241015,0,,0,0,0.005943454638712844
1780896961.0,1780897561.0,11.673333333333334,3.5080795632685158,23.0,11.0,0.0025730627029519394,0,,0,0,0.00642417169099103
1780932841.0,1780933441.0,7.653333333333333,2.965325539558103,19.0,6.0,0.004359178775496597,0,,0,0,0.012245903111589707
1781304721.0,1781305321.0,14.905,3.833532965816259,28.0,19.0,0.0003594176650490675,0,,0,0,0.003740628542458114
1781533621.0,1781534221.0,7.743333333333333,2.83856575677851,18.0,10.0,-0.0005217236714546436,0,,0,0,0.022276183597444318
1780840681.0,1780841281.0,44.46666666666667,12.436192700697784,85.0,18.0,-0.059323331453698516,0,,0,0,1.3814438602452917e-09
1781065801.0,1781066401.0,5.85,2.4921543558402104,14.0,9.0,-0.0034762318784218892,0,,0,0,0.05401286220399801
1780704781.0,1780705381.0,12.893333333333333,3.551331518677967,26.0,13.0,0.0004312234200650708,0,,0,0,0.0037109653448931528
1781588281.0,1781588881.0,4.193333333333333,2.1945285497244176,12.0,3.0,0.00334862041283448,0,,0,0,0.05274033211561912
1780795501.0,1780796101.0,7.15,2.6647388865202783,15.0,6.0,-0.0013734482595784913,0,,0,0,0.03084381522823726
1780845901.0,1780846501.0,8.766666666666667,3.1212533095252333,19.0,15.0,-0.0015841710671418512,0,,0,0,0.026775693958894235
1781068741.0,1781069341.0,9.773333333333333,3.318928876744557,19.0,9.0,-0.003198953330425915,0,,0,0,0.014434332944591944
1781480101.0,1781480701.0,3.465,1.9136635893838116,10.0,6.0,-0.0002754729874249693,0,,0,0,0.10893127019387708
1781437381.0,1781437981.0,6.65,2.7338922192849275,18.0,12.0,0.002676896324712004,0,,0,0,0.028412234335185135
1780726441.0,1780727041.0,11.095,3.350021144211879,22.0,13.0,-0.00038297328603691154,0,,0,0,0.010061878769386357
1781527861.0,1781528461.0,10.84,3.520568135968966,24.0,15.0,0.0009493359703776882,0,,0,0,0.0078077154080803965
1781178481.0,1781179081.0,9.273333333333333,3.110512640850201,19.0,8.0,-0.0040750113194759,0,,0,0,0.013572202276388112
1780735501.0,1780736101.0,12.183333333333334,3.46454261852204,25.0,16.0,-0.005218125605904464,0,,0,0,0.006425213559952808
1781353321.0,1781353921.0,7.025,2.6053230765748294,15.0,5.0,-0.0015034208428356861,0,,0,0,0.02834926839149453
1781634541.0,1781635141.0,4.763333333333334,2.2137424320718875,14.0,3.0,0.00035516765324348424,0,,0,0,0.03322897537965849
1781203561.0,1781204161.0,6.411666666666667,2.695464812524095,15.0,5.0,-0.004736429823416183,0,,0,0,0.029110999735193425
1781425801.0,1781426401.0,3.5433333333333334,1.89950578367696,11.0,2.0,-0.001415726154794871,1,884.0,1,0,0.06219193439588061
1780919461.0,1780920061.0,13.026666666666667,3.5509560527960478,24.0,13.0,-0.003131008697246402,0,,0,0,0.005786922760882742
1781471821.0,1781472421.0,3.0733333333333333,1.8031330757569972,11.0,6.0,0.0015289486915241433,0,,0,0,0.09075798205447197
1781279701.0,1781280301.0,9.463333333333333,2.964566672476022,20.0,11.0,0.0022184506068072484,0,,0,0,0.01433949489476713
1780881481.0,1780882081.0,9.375,2.8978799722095694,18.0,10.0,0.0024929235914544164,0,,0,0,0.020518443925667387
1781514361.0,1781514961.0,15.956666666666667,4.205328630308086,29.0,10.0,-0.009175747710410322,0,,0,0,0.0011848936343858646
1780735741.0,1780736341.0,11.11,3.254929594732683,23.0,9.0,-0.003955122097561382,0,,0,0,0.005517717128413517
1780926841.0,1780927441.0,8.5,2.9068883707497264,19.0,8.0,-0.00039377887160797775,0,,0,0,0.014208712085091309
1781073781.0,1781074381.0,7.626666666666667,2.937792065858682,20.0,8.0,0.0053417926160906,0,,0,0,0.011849590287684706
1781373121.0,1781373721.0,7.3116666666666665,3.030049046174372,20.0,7.0,0.006004766679907448,0,,0,0,0.010914478879686324
1780787641.0,1780788241.0,13.83,3.8825807568334407,31.0,17.0,-0.0002577784938291452,0,,0,0,0.0016534997922910814
1781404801.0,1781405401.0,3.1066666666666665,1.76973318767422,9.0,3.0,-0.00020116722546451767,0,,0,0,0.10545516793186038
1781475721.0,1781476321.0,2.8983333333333334,1.716002298625759,9.0,6.0,0.0006250295139708697,0,,0,0,0.1371367560126094
1781383441.0,1781384041.0,4.665,2.3620841785733773,14.0,3.0,-0.004675262986841625,0,,0,0,0.03320612649297437
1781439901.0,1781440501.0,18.281666666666666,4.351895819320841,30.0,16.0,0.003779982722174212,1,1600.0,1,0,0.0014819216670057876
1781642161.0,1781642761.0,2.7683333333333335,1.6994108456233363,9.0,1.0,-0.00031641754560429475,0,,0,0,0.09035911031817208
1781127721.0,1781128321.0,4.253333333333333,2.0188665687019096,11.0,2.0,0.0009027247297909111,0,,0,0,0.05989376000036823
1781373361.0,1781373961.0,8.191666666666666,2.969556177089245,20.0,9.0,-0.000278417440048437,0,,0,0,0.012646719832937756
1781183641.0,1781184241.0,5.625,2.3574792328530347,14.0,6.0,0.00014436151211530787,0,,0,0,0.04177072595342386
1781072041.0,1781072641.0,6.618333333333333,2.593452760746226,17.0,5.0,0.0027364798235550622,0,,0,0,0.01858516511672302
1780806721.0,1780807321.0,20.426666666666666,4.8119250017245925,39.0,22.0,-0.009067525187569977,0,,0,0,0.00030220701344397155
1781633221.0,1781633821.0,5.135,2.6608472961320673,16.0,3.0,-0.006500323612010043,0,,0,0,0.02064932937722361
1780761301.0,1780761901.0,42.32333333333333,6.619324403257145,63.0,45.0,-0.0057433492870813015,0,,0,0,3.6835249832751752e-06
1781190361.0,1781190961.0,5.391666666666667,2.420385070373904,15.0,3.0,-0.002782868841302343,0,,0,0,0.025670734142865904
1780911181.0,1780911781.0,8.731666666666667,2.9742781570585417,20.0,15.0,0.0009642526784796565,0,,0,0,0.0216192895079938
1781380201.0,1781380801.0,3.805,1.9468714218800718,10.0,3.0,-5.277792438346591e-07,0,,0,0,0.08269569871059541
1781602021.0,1781602621.0,4.045,2.0123721491480313,10.0,2.0,0.0006631407309464755,0,,0,0,0.07472979721801462
1781321161.0,1781321761.0,4.381666666666667,2.1045974806493417,13.0,2.0,-0.0014606985019402804,0,,0,0,0.038561788029609995
1780828261.0,1780828861.0,10.978333333333333,3.207470013716245,23.0,9.0,-0.00164725457570715,0,,0,0,0.005564001041483707
1781631721.0,1781632321.0,4.966666666666667,3.148368184031566,20.0,13.0,0.008510968086022457,0,,0,0,0.02143286018672681
1781415601.0,1781416201.0,3.1133333333333333,1.698182034477524,9.0,2.0,-0.00017177825493959825,0,,0,0,0.09699492318397797
1780713481.0,1780714081.0,13.035,3.5581514395352354,27.0,15.0,-0.004222428395634419,0,,0,0,0.0035551910380365237
1781210161.0,1781210761.0,10.876666666666667,3.839026207545635,25.0,8.0,-0.010067305742515962,0,,0,0,0.003162432646498887
1781351101.0,1781351701.0,5.868333333333333,2.4057564068061605,15.0,8.0,-0.0020255334042594635,0,,0,0,0.039825883780166854
1780725121.0,1780725721.0,14.591666666666667,4.0081081017801345,28.0,16.0,-0.0030070361306559204,0,,0,0,0.002837573430510244
1781154541.0,1781155141.0,7.523333333333333,2.7807892564681866,17.0,9.0,-0.0025398959441553935,0,,0,0,0.025645969259140467
1781164021.0,1781164621.0,12.17,3.442058492627147,26.0,4.0,-0.002423506731963149,0,,0,0,0.0016403874092807017
1781342221.0,1781342821.0,5.63,2.4158711334285474,14.0,3.0,-0.0028477856882935843,0,,0,0,0.03162611808948438
1781475241.0,1781475841.0,2.7616666666666667,1.778069333731268,10.0,1.0,-0.0005608071133530951,0,,0,0,0.07320675154719417
1781651701.0,1781652301.0,2.885,1.8641642452673888,11.0,3.0,0.0030865919071997434,0,,0,0,0.07020323616174914
1780879201.0,1780879801.0,7.668333333333333,2.904306668074538,19.0,10.0,0.001797754993763872,0,,0,0,0.017863357976736535
1781315641.0,1781316241.0,6.091666666666667,2.5664366780075096,16.0,7.0,0.002650257361826004,0,,0,0,0.02869710025346981
1781068501.0,1781069101.0,11.08,3.7916926739034817,25.0,13.0,-0.008092244700679728,0,,0,0,0.005043942331462485
1780743661.0,1780744261.0,12.453333333333333,3.4834593278648867,23.0,10.0,0.00020022277839659236,0,,0,0,0.0056254827920063635
1781213281.0,1781213881.0,14.196666666666667,4.432605203363919,30.0,30.0,0.010550640418445598,0,,0,0,0.006858298623910741
1781416321.0,1781416921.0,3.0283333333333333,1.7399800445854416,9.0,4.0,0.0003597509993083345,0,,0,0,0.11531644644965641
1780923901.0,1780924501.0,13.86,3.660655678973372,28.0,16.0,-0.0025001180558834974,0,,0,0,0.002982184737681157
1781284201.0,1781284801.0,13.883333333333333,3.7246550921602872,27.0,9.0,0.0010475584654401908,0,,0,0,0.0019130301041840087
1780722361.0,1780722961.0,21.901666666666667,4.766759614478396,35.0,13.0,-0.005178597718326985,0,,0,0,0.00029478574466805833
1781437081.0,1781437681.0,6.168333333333333,2.4859600202381014,14.0,4.0,0.00012175033819539155,0,,0,0,0.033704467200853856
1781077261.0,1781077861.0,5.826666666666667,2.417978954048654,13.0,4.0,0.002208172800480002,0,,0,0,0.04271260713619445
1780845361.0,1780845961.0,10.626666666666667,3.3011041923709237,21.0,14.0,-0.0048339023163953285,0,,0,0,0.014180351937325116
1781519101.0,1781519701.0,7.683333333333334,2.6632790983213828,15.0,4.0,-0.0035415098375273252,0,,0,0,0.024964928222922043
1780819621.0,1780820221.0,17.67,4.482681489168435,36.0,17.0,-0.0022890063583509883,0,,0,0,0.0004301177311970442
1781597701.0,1781598301.0,3.4133333333333336,1.8172751274611363,11.0,9.0,0.0005247792354978776,0,,0,0,0.11550415966650651
1780909621.0,1780910221.0,7.7716666666666665,2.900493731916842,17.0,2.0,-0.001300198056105713,0,,0,0,0.013094952476440241
1781341921.0,1781342521.0,6.011666666666667,2.4470793248732705,15.0,3.0,0.00047602910008083,0,,0,0,0.024880658767074192
1780922281.0,1780922881.0,23.453333333333333,6.046857769857737,48.0,21.0,-0.0057666271295197915,0,,0,0,2.9331257697629153e-05
1781527141.0,1781527741.0,11.755,3.865441975591752,25.0,12.0,0.007746327073130753,0,,0,0,0.004422827776263928
1780779961.0,1780780561.0,16.198333333333334,5.269945972735921,35.0,19.0,0.018897413603926695,0,,0,0,0.000681988890193931
1780797601.0,1780798201.0,21.803333333333335,4.864633136790025,37.0,26.0,-0.0032515645876794084,0,,0,0,0.0006484348928661625
1781601121.0,1781601721.0,4.305,2.1722434639484285,15.0,3.0,-0.00170619918388661,0,,0,0,0.027317389213223853
1781512681.0,1781513281.0,14.575,3.8372353328926803,31.0,16.0,0.001185642182339364,0,,0,0,0.0014507420004639185
1781425021.0,1781425621.0,4.2283333333333335,2.164762624913462,12.0,5.0,0.00027497298603607577,1,1664.0,1,0,0.06309338164648388
1781220601.0,1781221201.0,4.883333333333334,2.180914690878322,13.0,4.0,0.0016416712268645215,0,,0,0,0.04507314920944296
1780950541.0,1780951141.0,6.238333333333333,2.533416117068458,15.0,7.0,-0.0014205872794091105,0,,0,0,0.035522970741347845
1781277481.0,1781278081.0,7.328333333333333,2.694537169080352,18.0,6.0,-0.003730538140383732,0,,0,0,0.015717347873664893
1781084101.0,1781084701.0,4.675,2.1188145270410055,13.0,4.0,-0.00035758432662313645,0,,0,0,0.045627063308760776
1781227501.0,1781228101.0,5.493333333333333,2.535735703017086,17.0,5.0,-0.0018162272672979617,0,,0,0,0.019683701765750853
1780734841.0,1780735441.0,14.496666666666666,3.7403193565374724,30.0,21.0,0.0022314506429184566,0,,0,0,0.002950079085115119
1780757641.0,1780758241.0,153.45666666666668,17.974930381568164,207.0,131.0,-0.07901677504659727,0,,0,0,2.2817747420068155e-19
1781321521.0,1781322121.0,3.9616666666666664,1.9096763832882495,12.0,3.0,-0.000636085100236385,0,,0,0,0.05387192578494098
1780705261.0,1780705861.0,12.963333333333333,3.579383870010157,26.0,15.0,-0.001123169786582734,0,,0,0,0.0044674087478805795
1781500081.0,1781500681.0,6.846666666666667,2.636883682598752,19.0,11.0,-0.0004574457151269777,0,,0,0,0.02062854353729919
1781648881.0,1781649481.0,3.3366666666666664,1.8375678369942035,10.0,3.0,-0.00014377817716160055,0,,0,0,0.08481464322334227
1780757941.0,1780758541.0,131.43166666666667,16.420373439385866,179.0,129.0,-0.07122522562562664,0,,0,0,3.4267274791538004e-16
1780716421.0,1780717021.0,8.655,3.0120826128555414,22.0,10.0,-0.0018216995047208554,0,,0,0,0.008662140038947023
1780731481.0,1780732081.0,14.633333333333333,3.981484926785762,29.0,12.0,0.004761846560684887,0,,0,0,0.001544876152460754
1781420221.0,1781420821.0,3.151666666666667,1.7258806125827153,10.0,5.0,0.0006979186053294615,0,,0,0,0.1020823373454798
1780849801.0,1780850401.0,11.356666666666667,4.034367635977444,28.0,19.0,0.007951299864721841,0,,0,0,0.004431278619486427
1781311981.0,1781312581.0,4.671666666666667,2.1206596196047642,12.0,10.0,0.001095530820918943,0,,0,0,0.0960957711797149
1781363401.0,1781364001.0,7.925,2.786163730532241,17.0,10.0,-0.0029007580576612744,0,,0,0,0.027590927021764466
1780907341.0,1780907941.0,11.988333333333333,5.503471379249848,32.0,9.0,-0.023506870852419034,0,,0,0,0.0006342331527683703
1781399761.0,1781400361.0,3.0766666666666667,1.8066881917536912,11.0,3.0,-0.00011455587376631586,0,,0,0,0.06972046170997023
1780938661.0,1780939261.0,11.226666666666667,3.336958029236941,23.0,14.0,0.0014071150197639388,0,,0,0,0.00878319209553751
1781112841.0,1781113441.0,5.818333333333333,2.4464935224838746,14.0,8.0,-0.0004860291278586836,0,,0,0,0.04949560001881095
1781339881.0,1781340481.0,6.635,2.723681638273215,16.0,7.0,0.0060952113755871505,0,,0,0,0.02778630656503131
1780737121.0,1780737721.0,9.133333333333333,3.149955907980653,21.0,12.0,-0.002613618371162151,0,,0,0,0.012718295619577245
1781383321.0,1781383921.0,4.886666666666667,2.346022638898061,14.0,2.0,-0.0031188975524932046,0,,0,0,0.029968870462731875
1781433181.0,1781433781.0,8.073333333333334,2.900796825395088,20.0,5.0,0.0017546715407542827,0,,0,0,0.00874242070567926
1780892641.0,1780893241.0,19.446666666666665,5.491856597626061,38.0,20.0,-0.01732671479643,0,,0,0,0.00032054918188366676
1781204881.0,1781205481.0,4.366666666666666,2.0789954839350235,13.0,4.0,0.0014021150058750164,0,,0,0,0.04637128149374355
1780827361.0,1780827961.0,9.118333333333334,2.8561624409141873,18.0,4.0,0.0003228064522401446,0,,0,0,0.011846507203833994
1780819501.0,1780820101.0,18.243333333333332,4.970324156654395,36.0,17.0,-0.0141342059283498,0,,0,0,0.00041027505220391327
1780742041.0,1780742641.0,11.57,3.533426099411165,24.0,9.0,0.005667793521648661,0,,0,0,0.004259192997701492
1781154781.0,1781155381.0,7.296666666666667,2.737758612847784,15.0,5.0,-0.00029172303256398333,0,,0,0,0.02784032217224274
1781315941.0,1781316541.0,10.26,5.43375867455791,28.0,17.0,0.023315064764068798,0,,0,0,0.0036707204455324006
1781592361.0,1781592961.0,4.24,2.0693960471596538,10.0,3.0,0.00034527873688537875,0,,0,0,0.08071162573896802
1781626981.0,1781627581.0,4.861666666666666,2.121916717393865,12.0,8.0,-0.0003326398128883699,0,,0,0,0.08004073985037402
1781322601.0,1781323201.0,4.0633333333333335,1.924228561152639,13.0,4.0,0.0005844460679057432,0,,0,0,0.04731216843575939
1781534041.0,1781534641.0,7.556666666666667,2.9005957242531326,20.0,7.0,-0.0016348378745496442,0,,0,0,0.010835318759601639
1780710301.0,1780710901.0,11.735,3.8303317958979304,25.0,15.0,0.00549587637743438,0,,0,0,0.0058938463064186555
1780886461.0,1780887061.0,204.57166666666666,82.86680998579723,362.0,292.0,0.46364714901985826,0,,0,0,3.971157109504295e-30
1781427121.0,1781427721.0,27.803333333333335,13.792799651347881,59.0,20.0,0.04175761599337775,0,,0,0,1.322177457522482e-06
1780806541.0,1780807141.0,22.641666666666666,5.751805272163591,47.0,10.0,-0.016866407962244374,0,,0,0,1.3563655928621968e-05
1780709341.0,1780709941.0,15.918333333333333,4.2760960258420555,33.0,12.0,-0.009132664257400728,0,,0,0,0.0005793883525307953
1781210701.0,1781211301.0,8.581666666666667,2.8844405388605643,20.0,5.0,-0.0019213108925302546,0,,0,0,0.008529718387993818
1781431441.0,1781432041.0,4.608333333333333,2.098792642343582,13.0,4.0,0.0012866980186056055,0,,0,0,0.045805976174481296
1780894441.0,1780895041.0,12.061666666666667,3.736468549609674,25.0,24.0,0.006711768643801789,0,,0,0,0.013627926234401164
1780759021.0,1780759621.0,84.57666666666667,10.004205226914442,119.0,70.0,-0.024750346528740384,0,,0,0,1.3118340789798557e-11
1781275441.0,1781276041.0,10.06,3.249061402928544,22.0,11.0,0.003114786429962292,0,,0,0,0.008800978396133917
1781193781.0,1781194381.0,5.995,2.416259161044885,14.0,7.0,9.219470054082974e-05,0,,0,0,0.04486327966496484
1780820941.0,1780821541.0,25.708333333333332,10.015983753758567,63.0,9.0,-0.045912933091480854,0,,0,0,2.3975656815768944e-07
1781467861.0,1781468461.0,3.6466666666666665,1.880200934888491,10.0,2.0,-0.0007534465373514942,0,,0,0,0.0764751256856551
1781171941.0,1781172541.0,6.036666666666667,2.428714795021341,14.0,8.0,-0.0008093355814877213,0,,0,0,0.04901503349880605
1780704061.0,1780704661.0,11.801666666666666,3.65043338370787,25.0,6.0,0.004440373445481795,0,,0,0,0.0025142527257385784
1781287381.0,1781287981.0,9.583333333333334,3.2320873888075625,18.0,7.0,-0.0018321717560326586,0,,0,0,0.01514077876639729
1781152681.0,1781153281.0,11.076666666666666,3.5224218310071205,23.0,13.0,-0.002235172875480222,0,,0,0,0.007993898531734576
1781353081.0,1781353681.0,7.23873121869783,2.7870621183658133,18.0,5.0,-0.0006843080289686661,0,,0,0,0.014321090620559036
1781587261.0,1781587861.0,4.378333333333333,2.2004235703356954,13.0,4.0,-0.0017648104578068247,0,,0,0,0.04614193207482006
1780867201.0,1780867801.0,8.321666666666667,3.022393734920864,18.0,11.0,-0.0032387589965527557,0,,0,0,0.023608872915186794
1781332441.0,1781333041.0,4.946666666666666,2.2264670569212464,13.0,4.0,0.0003040564001566661,0,,0,0,0.04486255518683606
1781637721.0,1781638321.0,2.5183333333333335,1.5043261688284963,9.0,3.0,-0.00038841774560485016,0,,0,0,0.10924518206537015
1780891021.0,1780891621.0,14.041666666666666,3.8301345349159153,27.0,16.0,-0.004323984233289554,0,,0,0,0.0036801259379673156
1781473141.0,1781473741.0,3.6266666666666665,1.9210992223782253,10.0,3.0,-0.00021861171836588296,0,,0,0,0.08345075147139483
1781608921.0,1781609521.0,5.391666666666667,2.565462379810357,15.0,6.0,-0.00465526293128592,0,,0,0,0.03371108612689834
1781443861.0,1781444461.0,4.82,2.279824554653274,15.0,6.0,0.0019793388314967514,0,,0,0,0.03502146478869657
1781391541.0,1781392141.0,4.6883333333333335,2.258583012028166,12.0,2.0,-0.00147025408403912,0,,0,0,0.046938113082120696
1780929721.0,1780930321.0,8.598333333333333,3.2114893568076615,22.0,8.0,0.006061044614012824,0,,0,0,0.0071343427261457365
1780716781.0,1780717381.0,8.861666666666666,3.0142766775611176,20.0,10.0,0.002300978613829485,0,,0,0,0.013420417554927342
1780750681.0,1780751281.0,16.31833333333333,4.296548679528205,29.0,21.0,0.007147936522045891,0,,0,0,0.003305613512701496
1780913761.0,1780914361.0,11.368333333333334,3.701710940752788,23.0,12.0,0.006962102672507417,0,,0,0,0.007118652492515753
1781553721.0,1781554321.0,3.6216666666666666,1.9101127075530269,10.0,7.0,0.0006538629273970208,0,,0,0,0.1177415798624234
1780826581.0,1780827181.0,10.045,3.23310609167098,21.0,11.0,-0.00022825063402953855,0,,0,0,0.011028683410623684
1781340661.0,1781341261.0,6.773333333333333,2.663698347953253,18.0,2.0,-0.004533401481670784,0,,0,0,0.0110975388906571
1781115061.0,1781115661.0,6.8533333333333335,2.6156877149656497,18.0,7.0,0.0013237258992386115,0,,0,0,0.017724381995897577
1781159101.0,1781159701.0,6.476666666666667,2.621600444173156,16.0,12.0,-0.004068177967161016,0,,0,0,0.04452725057085855
1781391001.0,1781391601.0,6.49,2.880954702871949,16.0,4.0,-0.006968019355609321,0,,0,0,0.02104088038191139
1781306881.0,1781307481.0,17.018333333333334,4.434485752473322,30.0,13.0,-0.005610432251200715,0,,0,0,0.0011823581862943472
1781510941.0,1781511541.0,8.698333333333334,3.0855573060451964,18.0,6.0,-0.00044486234683986995,0,,0,0,0.014476725365842866
1781544541.0,1781545141.0,11.54,3.4753992576393293,22.0,7.0,0.0008752802091116926,0,,0,0,0.0055494573821444374
1781417761.0,1781418361.0,3.316666666666667,1.8293137754056543,10.0,3.0,-0.002677729660360168,0,,0,0,0.08491671376215743
1781313361.0,1781313961.0,6.336666666666667,2.813655194858737,18.0,6.0,-0.007239797888327472,0,,0,0,0.016431336606969233
1781528581.0,1781529181.0,8.878333333333334,3.107549499024736,20.0,6.0,-0.0033263703510287485,0,,0,0,0.009161463707459044
1780954021.0,1780954621.0,6.135,2.484641154506354,16.0,1.0,0.0017797549437637333,0,,0,0,0.016407817713338668
1781463061.0,1781463661.0,3.26,1.7811232411037705,11.0,2.0,0.002086950241528449,0,,0,0,0.0632911079996147
1780931281.0,1780931881.0,7.391666666666667,2.790148841111448,17.0,4.0,-0.001553143203175566,0,,0,0,0.01617040142618595
1781320621.0,1781321221.0,4.876666666666667,2.2078924088118264,14.0,4.0,-0.0014883374676040767,0,,0,0,0.036243767283093135
1780738981.0,1780739581.0,10.18,3.2384564224333787,28.0,8.0,0.004038011216697817,0,,0,0,0.001700522360578546
1781646421.0,1781647021.0,2.8666666666666667,1.771690968789108,10.0,4.0,-0.00041583448842913364,0,,0,0,0.09473134078910737
1781652421.0,1781653021.0,2.995,1.7238450239701557,10.0,5.0,-0.0006785296625823949,0,,0,0,0.10281103962374792
1780710961.0,1780711561.0,11.073333333333334,3.329357629066337,27.0,11.0,-0.004129900360834346,0,,0,0,0.002703442886874669
1781188501.0,1781189101.0,4.37,2.1369214616670713,12.0,8.0,-0.0004240011777810504,0,,0,0,0.08183037518846584
1781571421.0,1781572021.0,14.84,3.8193891309126036,29.0,11.0,0.0019396164989347172,0,,0,0,0.0013985962524191784
1781649661.0,1781650261.0,3.421666666666667,1.9934552638293364,13.0,5.0,0.0031607587798855043,0,,0,0,0.05327308225730665
1781634301.0,1781634901.0,4.385,2.158728406570251,14.0,9.0,0.002409145580959946,0,,0,0,0.05858260318707202
1781565361.0,1781565961.0,5.125,2.226216895692481,13.0,7.0,-0.0005681404670568559,0,,0,0,0.05836492598014466
1781328181.0,1781328781.0,3.783333333333333,1.9773017529507788,11.0,8.0,0.001438170661585176,0,,0,0,0.10379517155693838
1780809781.0,1780810381.0,19.636666666666667,5.607256211572842,40.0,34.0,0.010163917121991996,0,,0,0,0.000764013367555756
1780816501.0,1780817101.0,13.12,3.7575169105851454,25.0,6.0,-0.005279125775349374,0,,0,0,0.002344404980723598
1781497621.0,1781498221.0,8.853333333333333,3.340931340542966,22.0,11.0,-0.008019744499290271,1,814.0,1,0,0.009311964286785742
1781432161.0,1781432761.0,4.273333333333333,2.209514778306666,13.0,0.0,-0.0005398903885844134,0,,0,0,0.03212166418190427
1780897441.0,1780898041.0,11.441666666666666,3.366986370958787,22.0,8.0,-0.0018140328167578247,0,,0,0,0.006156798148579882
1780735561.0,1780736161.0,11.901666666666667,3.359860694863537,23.0,8.0,-0.005601598893330271,0,,0,0,0.0048047785119708876
1781268961.0,1781269561.0,3.1333333333333333,1.8245242911205346,11.0,6.0,0.0002926119239220097,0,,0,0,0.09044333674052461
1780880761.0,1780881361.0,10.148333333333333,3.2715435534655843,23.0,15.0,-0.005696154711540864,0,,0,0,0.01020956562955006
1781058241.0,1781058841.0,6.4,2.691963347942662,17.0,7.0,-0.0033554537651493454,0,,0,0,0.022563713050314772
1781530921.0,1781531521.0,6.63,2.6178426232300525,15.0,5.0,-0.004486734685374131,0,,0,0,0.028886060705519995
1781129161.0,1781129761.0,6.368333333333333,2.8564541927983993,17.0,15.0,0.007286770241028448,0,,0,0,0.0469828100667651
1781338501.0,1781339101.0,5.286666666666667,2.624466083267647,14.0,3.0,0.006667351853755154,0,,0,0,0.031911556056220806
1781153401.0,1781154001.0,9.55,2.9839850312403824,20.0,9.0,0.0003600565557126494,0,,0,0,0.01181822861552255
1780761541.0,1780762141.0,40.355,6.779059054667297,61.0,24.0,-0.009895388598301707,0,,0,0,8.568887263605034e-07
1781170381.0,1781170981.0,6.573333333333333,2.5128912077967525,16.0,4.0,0.00012977813827261186,0,,0,0,0.02124391265985339
1780921981.0,1780922581.0,19.251666666666665,7.720859012369601,48.0,23.0,0.03341806505018069,0,,0,0,4.111612951837512e-05
1780767001.0,1780767601.0,19.731666666666666,4.567238102933642,36.0,25.0,-0.001425087291909175,0,,0,0,0.0008292858941638144
1781332381.0,1781332981.0,5.008333333333334,2.274114601822481,13.0,4.0,-2.9083414120592885e-05,0,,0,0,0.04465308554504872
1781328121.0,1781328721.0,3.7666666666666666,1.9829831623647798,11.0,4.0,0.0007230020083389103,0,,0,0,0.0733163295774888
1780906801.0,1780907401.0,12.633333333333333,5.939884024307396,32.0,27.0,0.022907396964991562,0,,0,0,0.0033558598942903884
1780924561.0,1780925161.0,12.06,3.4717526793633597,25.0,13.0,-0.0019362831563421027,0,,0,0,0.0048619250320898885
1781136421.0,1781137021.0,235.94666666666666,15.537604562980599,281.0,236.0,-0.0012414478929108686,0,,0,0,4.73262191461475e-24
1781572441.0,1781573041.0,13.206666666666667,3.4152533662314943,27.0,13.0,0.0031272309089747444,0,,0,0,0.0029300487537118097
1781184241.0,1781184841.0,5.528333333333333,2.444558015038483,16.0,6.0,-0.0014537540382056605,0,,0,0,0.02700337671478346
1781100601.0,1781101201.0,5.203333333333333,2.364033746704043,14.0,1.0,-0.0009845027347298203,0,,0,0,0.026879601777713716
1780800421.0,1780801021.0,23.496666666666666,6.646301394175728,45.0,21.0,-0.026500795835544,0,,0,0,5.6444993744028056e-05
1780920601.0,1780921201.0,12.93,3.8273271787676233,27.0,9.0,0.005655849044025129,0,,0,0,0.001998629627864505
1781633401.0,1781634001.0,4.263333333333334,2.074605718899109,13.0,5.0,-0.0010841141225392324,0,,0,0,0.05103658731437267
1781187961.0,1781188561.0,4.685,2.1538589399803634,13.0,4.0,-0.0010984752735424266,0,,0,0,0.045547330963640706
1781653621.0,1781654221.0,4.865,3.6046416835334227,19.0,11.0,0.010405778904941406,0,,0,0,0.02193009107188923
1781405521.0,1781406121.0,3.5633333333333335,1.9164173750922724,13.0,4.0,0.001993727760354891,0,,0,0,0.048467752924594265
1780751461.0,1780752061.0,223.34166666666667,140.83819888044894,458.0,283.0,0.6765556848769025,0,,0,0,2.610019843100779e-41
1781344501.0,1781345101.0,5.568333333333333,2.477632718723437,17.0,4.0,-0.0007787521632004503,0,,0,0,0.017897084552358104
1780887361.0,1780887961.0,112.96833333333333,35.4888808486389,214.0,72.0,-0.19164533790371654,0,,0,0,6.55248215900599e-22
1781408281.0,1781408881.0,3.54,1.8087933362696063,10.0,3.0,-0.0003292231367309359,0,,0,0,0.08411149448164144
1780822801.0,1780823401.0,6.886666666666667,2.516046281150029,17.0,7.0,0.0008183356064878021,0,,0,0,0.022176737721120915
1781490961.0,1781491561.0,8.651666666666667,3.021092057886059,19.0,7.0,0.0003045841794004974,0,,0,0,0.012780780302861361
1780919881.0,1780920481.0,12.121666666666666,3.503835596726663,24.0,18.0,-0.002091089141914304,0,,0,0,0.00973638023179615
1780759981.0,1780760581.0,59.735,8.28561655320029,83.0,44.0,-0.016709463081841958,0,,0,0,1.4154771257774605e-08
1781235301.0,1781235901.0,7.285,2.7478067011102993,19.0,11.0,0.0007979188831080031,0,,0,0,0.02010638314641916
1781127421.0,1781128021.0,4.118333333333333,2.0316652994252986,12.0,5.0,0.00017730604807235798,0,,0,0,0.06372088292966913
1780804921.0,1780805521.0,7.535,2.723742829270047,16.0,6.0,0.00038636218433939066,0,,0,0,0.024232082206938527
1780954741.0,1780955341.0,7.18,2.7509271164463804,17.0,3.0,-0.0011547254297928555,0,,0,0,0.014896782397348485
1781176621.0,1781177221.0,6.243333333333333,2.5937339022258152,15.0,6.0,0.0002220561723782536,0,,0,0,0.03231509604165601
1780950961.0,1780951561.0,8.421666666666667,3.5148063800000258,19.0,6.0,0.008328328689801913,0,,0,0,0.011548276850079942
1780763281.0,1780763881.0,26.918333333333333,5.170589639704763,44.0,27.0,-0.0013711982533284586,0,,0,0,0.00011182679273140313
1781507641.0,1781508241.0,8.238333333333333,3.3328962213399658,19.0,8.0,0.00782577173825483,0,,0,0,0.014165761517254896
1781504161.0,1781504761.0,7.308333333333334,2.791641790933946,17.0,8.0,0.002946147072630755,0,,0,0,0.023603998618640952
1780877761.0,1780878361.0,8.846666666666666,3.028171432105888,20.0,10.0,-0.0030506751407642927,0,,0,0,0.013423345232375069
1780930681.0,1780931281.0,7.738333333333333,2.9039967669097395,19.0,5.0,0.0004869180192167183,0,,0,0,0.011122536941268612
1781129341.0,1781129941.0,7.048333333333333,2.889520817636647,17.0,7.0,0.003609204470012421,0,,0,0,0.021698604921242037
1781508781.0,1781509381.0,15.923333333333334,5.010734033607807,32.0,12.0,-0.0006917241436781889,0,,0,0,0.000706429086724574
1780889581.0,1780890181.0,21.263333333333332,5.403146202805259,39.0,17.0,-0.014772096589157171,0,,0,0,0.0001758693588000687
1780893301.0,1780893901.0,14.603333333333333,3.851751405385463,27.0,11.0,0.0013770593807205032,0,,0,0,0.0022218312431902623
1781489041.0,1781489641.0,29.39,8.440847113886141,53.0,38.0,0.03705138069827969,0,,0,0,3.245633321154104e-05
1780813381.0,1780813981.0,9.145,2.923007868617531,19.0,7.0,-0.003260647946244312,0,,0,0,0.012518640767325508
1781622301.0,1781622901.0,7.378333333333333,2.6854913682395054,17.0,11.0,0.0009029747304853709,0,,0,0,0.03119958816233244
1780769881.0,1780770481.0,15.226666666666667,3.817323087656526,28.0,19.0,-0.002277117436437343,0,,0,0,0.0036833101549905156
1781429221.0,1781429821.0,4.526666666666666,2.1399273092534914,11.0,5.0,-0.0025136736490934688,0,,0,0,0.07688521467620783
1780874641.0,1780875241.0,15.61,3.8675444405979356,29.0,14.0,0.0043360676001877605,0,,0,0,0.0017877387882652947
1781350141.0,1781350741.0,5.973333333333334,2.4247244975231492,16.0,7.0,-0.0008057800160556047,0,,0,0,0.02901402496073888
1780904521.0,1780905121.0,12.36,4.215099840652256,26.0,5.0,-0.01176736602046119,0,,0,0,0.0017356347185234135
1780706281.0,1780706881.0,12.808333333333334,3.49927571871031,26.0,9.0,0.0022084783568843288,0,,0,0,0.0025522941079794935
1781182261.0,1781182861.0,5.383333333333334,2.3635542915044048,14.0,2.0,0.0001935005375014872,0,,0,0,0.029235110292454937
1781599081.0,1781599681.0,4.366666666666666,2.1108186931983415,12.0,2.0,-0.0016346156517101451,0,,0,0,0.047919693295491575
1781327881.0,1781328481.0,3.7016666666666667,1.9129376768613127,10.0,4.0,-0.0004321956449879037,0,,0,0,0.09076071183698363
1780905361.0,1780905961.0,10.286666666666667,3.352783255081598,22.0,6.0,0.004564012677812988,0,,0,0,0.005397166337104265
1781384161.0,1781384761.0,3.2866666666666666,1.822403784992655,11.0,2.0,0.0010356695435265084,0,,0,0,0.06311913165469422
1781510161.0,1781510761.0,9.701666666666666,3.121324060216896,20.0,8.0,0.0003150842085672457,0,,0,0,0.010618702202462865
1781513521.0,1781514121.0,26.326666666666668,6.456517809332072,47.0,27.0,0.017235825655071268,0,,0,0,5.560173988440001e-05
1781447341.0,1781447941.0,6.321666666666666,2.574528543679837,15.0,7.0,0.003573815482820775,0,,0,0,0.0353270397402309
1781476621.0,1781477221.0,3.1566666666666667,1.8015147947090402,13.0,4.0,0.0002872785757738257,0,,0,0,0.04962137080448299
1781274241.0,1781274841.0,6.365,2.4701771191556285,15.0,8.0,5.680571334919588e-05,0,,0,0,0.038793956767771504
1781630761.0,1781631361.0,4.655,2.141488967984659,13.0,2.0,-0.0016589212747813186,0,,0,0,0.03800605747132616
1781351341.0,1781351941.0,5.525,2.374034891627894,15.0,8.0,0.00023397287214686207,0,,0,0,0.04053569235375674
1781298661.0,1781299261.0,16.298333333333332,4.123428656941804,29.0,16.0,-0.004074816874491337,0,,0,0,0.002069510129368508
1781588401.0,1781589001.0,4.451666666666667,2.1888346721993925,12.0,3.0,0.002896869157969883,0,,0,0,0.05210820692526435
1781447401.0,1781448001.0,6.5216666666666665,2.6900180709843236,15.0,10.0,0.004653096258600723,0,,0,0,0.045857575825280224
1780849681.0,1780850281.0,10.105,3.3202371903224024,21.0,10.0,0.0024356456545712654,0,,0,0,0.009972467063030776
1781092441.0,1781093041.0,5.06,2.250866499817348,13.0,6.0,-0.00017705604737790735,0,,0,0,0.05345353786952724
1781110621.0,1781111221.0,7.591666666666667,2.8145332156899876,17.0,7.0,-0.0017457548493190263,0,,0,0,0.021187224448793826
1781342701.0,1781343301.0,4.798333333333333,2.162020017380865,11.0,6.0,-0.0009001413892816306,0,,0,0,0.08283299578172393
1781521801.0,1781522401.0,6.038333333333333,2.523264530105571,15.0,3.0,-0.0008154744874291323,0,,0,0,0.024778224577027
1781078521.0,1781079121.0,4.448333333333333,2.0584777277288078,12.0,7.0,-0.0005383070508529192,0,,0,0,0.07487544072369495
1781314021.0,1781314621.0,5.116666666666666,2.299939612733826,13.0,3.0,-0.0006192239422887286,0,,0,0,0.04050491303461775
1780745161.0,1780745761.0,10.42,3.2736727590480594,24.0,10.0,-0.0010581696060266736,0,,0,0,0.0050089408075432
1781077801.0,1781078401.0,5.596666666666667,2.2972423081212443,13.0,4.0,-0.0026941185947738774,0,,0,0,0.0433760268089464
1781236081.0,1781236681.0,7.391666666666667,2.6416403784180935,17.0,4.0,0.0017095325264792475,0,,0,0,0.016260421035994586
1780845181.0,1780845781.0,11.58,3.5237669238094242,25.0,8.0,-0.005244014566707126,0,,0,0,0.0030899625773830506
1781171041.0,1781171641.0,6.6866666666666665,2.693539596062318,16.0,5.0,0.0002857785716071451,0,,0,0,0.023037447086746606
1781563201.0,1781563801.0,5.341666666666667,2.335579276230108,13.0,9.0,0.0015719765888238518,0,,0,0,0.06881341642483849
1781064001.0,1781064601.0,7.535,2.979727336519233,17.0,6.0,0.005082541895949707,0,,0,0,0.019231253569484685
1781298241.0,1781298841.0,16.846410684474122,4.349480383251911,36.0,10.0,0.002085258062935394,0,,0,0,0.0002310435222086178
1780869121.0,1780869721.0,8.608333333333333,3.184064052259139,21.0,14.0,0.0067136575379376055,0,,0,0,0.01573424706341169
1781350081.0,1781350681.0,6.04,2.4532427519509765,16.0,5.0,-0.0015568932135922669,0,,0,0,0.023990717524374667
1781289841.0,1781290441.0,7.956666666666667,2.9140102188488557,18.0,8.0,0.004306011961144334,0,,0,0,0.018233215818864956
1781352001.0,1781352601.0,5.036666666666667,2.2653893459820296,14.0,7.0,-0.000476112433645647,0,,0,0,0.0472231600448959
1780766401.0,1780767001.0,22.261666666666667,4.889089610778496,39.0,25.0,-0.007405103903066395,0,,0,0,0.0003659392369060673
1781254921.0,1781255521.0,4.628333333333333,2.2605745336578096,14.0,6.0,-0.002062755729877029,0,,0,0,0.0439699381477215
1780779901.0,1780780501.0,15.265,4.909321915159635,35.0,23.0,0.016250017361159337,0,,0,0,0.0010608074628998484
1781591761.0,1781592361.0,3.6216666666666666,1.9634656152380725,11.0,7.0,-0.001552532090366916,0,,0,0,0.09599392449718208
1781213401.0,1781214001.0,17.07,6.618793948547827,40.0,31.0,0.02536957047102908,0,,0,0,0.0006280414057380024
1780720621.0,1780721221.0,26.796666666666667,5.274655333658199,44.0,30.0,0.0073740760391001236,0,,0,0,0.00014920678529114275
1781094901.0,1781095501.0,4.343333333333334,2.062067463062793,13.0,6.0,-0.0008584468290189752,0,,0,0,0.05567526499587308
1781422021.0,1781422621.0,4.411666666666667,2.1029020952536572,14.0,3.0,0.00030202861674615396,0,,0,0,0.03393736126244121
1781371681.0,1781372281.0,5.091666666666667,2.228586373067515,13.0,3.0,0.0004699735277042393,0,,0,0,0.040659229295036826
1780846921.0,1780847521.0,16.908333333333335,7.8025592311468905,41.0,20.0,0.03794457762382674,0,,0,0,0.00016901729147437245
1780738261.0,1780738861.0,8.775,2.905920680266411,20.0,7.0,-0.0005546959852666324,0,,0,0,0.010198296447726502
1780790101.0,1780790701.0,7.40133779264214,2.7461371257315026,19.0,5.0,-0.0002551118810115745,0,,0,0,0.011377004673039292
1781531101.0,1781531701.0,6.18,2.5227498224490406,15.0,8.0,-0.003223508954191536,0,,0,0,0.039065918233550455
1781371801.0,1781372401.0,5.046666666666667,2.279873290826098,13.0,5.0,-0.000835891210808923,0,,0,0,0.04880594171237123
1781110981.0,1781111581.0,7.48,2.80349781523011,17.0,6.0,0.00017366714907541254,0,,0,0,0.019410257760942837
1781508541.0,1781509141.0,13.433333333333334,6.215482460937543,32.0,23.0,0.02740235389542749,0,,0,0,0.0021806982842742973
1781447821.0,1781448421.0,7.273333333333333,2.6686992253822006,15.0,8.0,-0.0005862238506218015,0,,0,0,0.03686365350929152
1781116561.0,1781117161.0,5.288333333333333,2.3119682571830915,14.0,2.0,0.0009326414795596633,0,,0,0,0.02942640258648454
1780764421.0,1780765021.0,29.705,5.7522147908436105,46.0,33.0,-0.005898155272653579,0,,0,0,0.00010720545346261922
1781062441.0,1781063041.0,4.668333333333333,2.1660249049558247,11.0,7.0,0.001414865041291782,0,,0,0,0.09090147333224474
1781553661.0,1781554261.0,3.6166666666666667,1.9060575950258047,10.0,7.0,0.000906446962352677,0,,0,0,0.11778361943561975
1780827841.0,1780828441.0,10.07,3.2498871775288856,20.0,12.0,0.004662457395714984,0,,0,0,0.015126004688943075
1780772161.0,1780772761.0,14.07,3.818171464632427,28.0,18.0,-0.001761949338748145,0,,0,0,0.0035481776678576173
1781398381.0,1781398981.0,4.191666666666666,2.0219455702092697,10.0,4.0,5.1861255170149594e-05,0,,0,0,0.08842097622246746
1781590501.0,1781591101.0,3.466666666666667,1.8944362984510428,11.0,5.0,0.000528723690899148,0,,0,0,0.08143464264227239
1781110441.0,1781111041.0,7.801666666666667,2.922726561886273,18.0,5.0,-0.0007308631412864994,0,,0,0,0.013857815804780025
1781416081.0,1781416681.0,3.0183333333333335,1.7285824314224132,9.0,2.0,-0.00010630585084958818,0,,0,0,0.09731106415359443
1780721641.0,1780722241.0,27.10333333333333,5.1893469938155246,50.0,17.0,-0.007191853310703617,0,,0,0,1.0953293850860721e-05
1781389801.0,1781390401.0,4.92,2.410449473991659,14.0,9.0,0.005897016380601056,0,,0,0,0.05660913682306585
1781417701.0,1781418301.0,3.4033333333333333,1.8504023586476779,10.0,0.0,-0.002436451212364486,0,,0,0,0.06484210062381682
1781332261.0,1781332861.0,5.071666666666666,2.29416590991633,12.0,7.0,-0.001275975766599349,0,,0,0,0.07213935089772805
1781496721.0,1781497321.0,13.9,3.8552993831002715,28.0,16.0,0.004486401351114867,1,1714.0,1,0,0.0029543819485909413
1780848181.0,1780848781.0,23.27166666666667,6.682653955494694,46.0,20.0,-0.0258555440431779,0,,0,0,4.1314656348087796e-05
1781424721.0,1781425321.0,4.185,2.134035691672783,11.0,9.0,0.0002675285209125557,0,,0,0,0.1104256174476596
1780943881.0,1780944481.0,8.951666666666666,3.243351747121418,22.0,9.0,-0.0046588184967180455,0,,0,0,0.007697240931455591
1781597041.0,1781597641.0,3.4,1.8734993995195195,10.0,4.0,-0.00011266697963050268,0,,0,0,0.0921407964078195
1780928461.0,1780929061.0,7.371666666666667,2.756240898196108,17.0,9.0,2.2861174614381473e-05,0,,0,0,0.025860020716764274
1781507461.0,1781508061.0,7.428333333333334,2.8422169555159265,17.0,9.0,0.0016877546882074661,0,,0,0,0.025706698377339115
1781588101.0,1781588701.0,3.865,2.0912775202413156,11.0,4.0,6.08612801702211e-05,0,,0,0,0.07270449610368494
1780867141.0,1780867741.0,8.52,3.102085320124728,24.0,7.0,-0.00388828857857938,0,,0,0,0.004168235413970187
1781586481.0,1781587081.0,7.405,2.867805490847197,15.0,6.0,-0.00415965044347346,0,,0,0,0.03023718510204318
1781098861.0,1781099461.0,7.505,2.9160432667114757,16.0,7.0,-0.0037296492490256974,0,,0,0,0.02644397898917409
1780872481.0,1780873081.0,6.68,2.6275971279225185,16.0,7.0,-0.0004519456998491798,0,,0,0,0.027823953587396307
1781346481.0,1781347081.0,4.883333333333334,2.133789013833269,13.0,4.0,-0.0014139483720788128,0,,0,0,0.045150203000364174
1780737361.0,1780737961.0,8.985,3.0013510846506,21.0,15.0,-0.00027519520887557417,0,,0,0,0.01708094469379855
1781562541.0,1781563141.0,5.21,2.2983834899047344,14.0,3.0,0.0013070036305656352,0,,0,0,0.03241662934125677
1781077561.0,1781078161.0,6.09,2.412170530179545,13.0,5.0,-0.0006801685560237644,0,,0,0,0.046213963470996586
1780852141.0,1780852741.0,14.588333333333333,4.078667742726239,29.0,22.0,-0.0003648621246170028,0,,0,0,0.003995989682262801
1780928281.0,1780928881.0,7.59,2.83876146702513,17.0,7.0,-0.0026647851799588263,0,,0,0,0.021169866987214615
1780961161.0,1780961761.0,7.973333333333334,2.8640220359177095,21.0,8.0,-0.0015431709532526482,0,,0,0,0.009334688180545387
1781399941.0,1781400541.0,3.138333333333333,1.7923533567786114,11.0,6.0,0.0012213089480804127,0,,0,0,0.09052333309231049
1780860241.0,1780860841.0,8.971666666666666,5.366954184844717,34.0,22.0,0.019699693610260034,0,,0,0,0.0016281591003669657
1780725721.0,1780726321.0,12.553333333333333,3.4540539788614897,23.0,11.0,-0.002048394578873847,0,,0,0,0.006161367402269815
1781205301.0,1781205901.0,4.975,2.2258425371081394,13.0,13.0,0.0017459770721585334,0,,0,0,0.0996763441949168
1780806241.0,1780806841.0,31.43,9.410371937389085,61.0,15.0,-0.041669615748932645,0,,0,0,5.136865300083376e-07
1780832341.0,1780832941.0,7.586666666666667,2.8253298725792866,17.0,6.0,-0.003150730974252709,0,,0,0,0.019293086043542015
1780898341.0,1780898941.0,10.78,3.294682584610137,24.0,12.0,-0.00037638993441648606,0,,0,0,0.005943521655208606
1780846981.0,1780847581.0,18.995,8.092896576628172,42.0,41.0,0.03902630285084127,0,,0,0,0.0008898955522234717
1781228701.0,1781229301.0,4.26,2.1515265898116778,13.0,1.0,0.0010221139503165276,0,,0,0,0.03532229643538638
1780962661.0,1780963261.0,6.341372912801484,2.4559901343391615,16.0,4.0,0.0010115570391725573,0,,0,0,0.021532375122610345
1781374081.0,1781374681.0,5.091666666666667,2.352997497283459,14.0,7.0,-0.002057977938827606,0,,0,0,0.04695017533269549
1780782721.0,1780783321.0,17.976666666666667,5.32003654958205,47.0,12.0,-0.015785710515862555,0,,0,0,2.1080128492928833e-05
1781605321.0,1781605921.0,5.02,2.288289026033789,14.0,4.0,0.0004568346023183396,0,,0,0,0.03588800299923151
1780939801.0,1780940401.0,15.92,5.364724286174143,36.0,13.0,0.0003470565196014511,0,,0,0,0.0003100215294384869
1781160841.0,1781161441.0,10.278333333333334,3.5778294941051745,26.0,10.0,-0.008030827863410734,0,,0,0,0.003175748411837893
1781540581.0,1781541181.0,5.876666666666667,2.3226684844998626,14.0,10.0,0.0014048372356589979,0,,0,0,0.059385826039206856
1780799461.0,1780800061.0,32.25333333333333,6.427738499831976,55.0,24.0,-0.01338987052741816,0,,0,0,5.072984152878547e-06
1781602201.0,1781602801.0,4.211666666666667,2.101633623848098,12.0,7.0,0.001605921127558685,0,,0,0,0.07558627410739241
1780833721.0,1780834321.0,6.25,2.6142239128786704,15.0,9.0,-0.00032700090833586045,0,,0,0,0.04252485538525807
1780847761.0,1780848361.0,34.91,7.349505652309776,58.0,32.0,-0.021200447779021598,0,,0,0,4.662860267751757e-06
1780723021.0,1780723621.0,20.768333333333334,4.495701341899343,38.0,27.0,-0.00029813971705475184,0,,0,0,0.0006075053500920699
1781376421.0,1781377021.0,6.475,2.673208122587291,15.0,11.0,0.006220656168489358,0,,0,0,0.05036070873231539
1781483641.0,1781484241.0,3.355,1.8172254492311442,11.0,2.0,-0.0010921419226164481,0,,0,0,0.06292854560239872
1781103841.0,1781104441.0,7.706666666666667,2.8326587432226207,19.0,5.0,-0.0005270570196028426,0,,0,0,0.011169885347529107
1781093941.0,1781094541.0,4.545,2.15049800433915,13.0,5.0,0.00012169478248550543,0,,0,0,0.0502198602095917
1780946161.0,1780946761.0,6.361666666666666,2.597600923074127,16.0,4.0,0.0015758654885152472,0,,0,0,0.021398035235141586
1781344681.0,1781345281.0,5.543333333333333,2.4072367745797023,17.0,5.0,0.00048533468148522125,0,,0,0,0.019729634722671387
1780885201.0,1780885801.0,70.2,23.946328876607925,115.0,78.0,0.12168583801621678,0,,0,0,8.428211567614814e-11
1781399641.0,1781400241.0,3.0633333333333335,1.8081267163067478,9.0,2.0,-0.0011148364301011946,0,,0,0,0.09684855687517625
1781500201.0,1781500801.0,6.78,2.6429024449141765,19.0,6.0,0.0003389453859594054,0,,0,0,0.012942056655218985
1781299141.0,1781299741.0,15.91,4.025572423063996,31.0,16.0,0.0038505106958630205,0,,0,0,0.0013473620691479905
1781351761.0,1781352361.0,5.2716666666666665,2.3884159092493826,14.0,5.0,-0.0010457529048691855,0,,0,0,0.038724395164046285
1781107561.0,1781108161.0,14.403333333333334,4.111851434843217,26.0,11.0,-0.008602412784479941,0,,0,0,0.002785510108500216
1780942321.0,1780942921.0,8.941666666666666,2.9390923580059356,18.0,12.0,-0.00213903371953812,0,,0,0,0.02521666698227031
1781112061.0,1781112661.0,7.125,2.7134310997947475,17.0,4.0,-0.003180369945472067,0,,0,0,0.016431323353987316
1780951981.0,1780952581.0,6.178333333333334,2.5357176279879603,18.0,10.0,-0.0008017522270895274,0,,0,0,0.024320698905680175
1780762441.0,1780763041.0,30.23,5.897493817998738,49.0,20.0,-0.007281020225056168,0,,0,0,1.5224546729193844e-05
1781227321.0,1781227921.0,6.013333333333334,2.6782747348910187,17.0,3.0,-0.0037092325256459007,0,,0,0,0.015822109755239698
1781355961.0,1781356561.0,79.37333333333333,9.130568924710492,107.0,80.0,-0.013041536226489568,0,,0,0,6.926173321494437e-10
1780761241.0,1780761841.0,42.8,6.630485150675879,65.0,39.0,-0.005652460145722636,0,,0,0,1.289122316938584e-06
1781382061.0,1781382661.0,3.4383333333333335,1.8590850497549116,10.0,3.0,7.936133155925592e-05,0,,0,0,0.08435700562669936
1781390581.0,1781391181.0,9.015,2.986878247713935,19.0,5.0,-0.003158258772941034,0,,0,0,0.010408167066512973
1781378281.0,1781378881.0,4.58,2.285519634568909,14.0,3.0,-0.002741563171008813,0,,0,0,0.033436998948846906
1781618581.0,1781619181.0,4.285,1.997608987431391,13.0,4.0,0.002170311584198839,0,,0,0,0.04668996340293188
1781090821.0,1781091421.0,5.011666666666667,2.258656803402313,12.0,8.0,0.0007420853946816444,0,,0,0,0.07910996374117835
1781630941.0,1781631541.0,4.373333333333333,2.08980594527073,13.0,7.0,-0.001534059816832823,0,,0,0,0.06076415902132882
1781356201.0,1781356801.0,75.57833333333333,8.961614282904367,101.0,67.0,-0.012047561243225707,0,,0,0,9.49249336309375e-10
1781457901.0,1781458501.0,4.133333333333334,2.1328124364061853,11.0,0.0,-0.00090250250695141,0,,0,0,0.05008801368746786
1781254861.0,1781255461.0,4.716666666666667,2.270768347693989,14.0,3.0,-0.0015429487304131346,0,,0,0,0.033234456360107315
1780802401.0,1780803001.0,9.696666666666667,3.1285761759766837,21.0,10.0,-0.0025257847938466435,0,,0,0,0.010250038508183151
1780781401.0,1780782001.0,26.151666666666667,5.3564911296689575,43.0,27.0,-0.011962894341373136,0,,0,0,0.00014471816301856445
1781517841.0,1781518441.0,15.95,4.546518814800323,31.0,18.0,-0.010816085600237797,0,,0,0,0.00159512076715843
1780786801.0,1780787401.0,13.138333333333334,3.779664520680227,25.0,14.0,-0.001886533018147286,0,,0,0,0.005007799046962375
1780819981.0,1780820581.0,24.075,8.073168006840106,47.0,34.0,0.03604540568168246,0,,0,0,0.00011415087200166365
1781070361.0,1781070961.0,5.838333333333333,2.3676001680088543,16.0,10.0,-0.0005247514576429465,0,,0,0,0.038593029515720315
1781580661.0,1781581261.0,4.18,2.025076130256177,11.0,7.0,0.0021378392717757554,0,,0,0,0.09339580109681528
1781486581.0,1781487181.0,4.326666666666667,2.085654706694173,13.0,5.0,0.0004785568848802313,0,,0,0,0.050862916044388654
1781418781.0,1781419381.0,2.8983333333333334,1.7333966334595463,9.0,1.0,0.0013503648621246154,0,,0,0,0.08971982686317351
1780757521.0,1780758121.0,163.2,19.02104098097683,219.0,147.0,-0.08384739957611012,0,,0,0,4.088304180680235e-20
1781227081.0,1781227681.0,6.253333333333333,2.5740672528553374,17.0,3.0,0.0004948347078741928,0,,0,0,0.015697055260008305
1781082421.0,1781083021.0,5.8966666666666665,2.3705109622657776,14.0,8.0,0.000573279370220475,0,,0,0,0.0494468260997067
1781541121.0,1781541721.0,7.093333333333334,3.144511974147269,20.0,2.0,-0.007124575346042628,0,,0,0,0.006845939342920765
1781279821.0,1781280421.0,9.72,3.1824937810884513,21.0,6.0,0.0023275064652957277,0,,0,0,0.006998169966181677
1781297101.0,1781297701.0,19.273333333333333,4.454056827457663,34.0,25.0,0.001511837532882048,0,,0,0,0.0013399345383649096
1781601601.0,1781602201.0,3.955,2.0598482953848807,13.0,2.0,-0.0003523620898946939,0,,0,0,0.039426429873842886
1781423521.0,1781424121.0,3.513333333333333,1.8734519535398344,9.0,4.0,-0.00018844496790268786,0,,0,0,0.11235418577099807
1781347921.0,1781348521.0,4.241666666666666,2.0207087590469066,14.0,2.0,-0.0004480845780127166,0,,0,0,0.03129509734318403
1781461201.0,1781461801.0,3.3316666666666666,1.8479711096827847,11.0,4.0,-0.0003716954769318825,0,,0,0,0.07516641284778755
1780851961.0,1780852561.0,14.98,4.11536956623177,29.0,18.0,-0.0022611729477026395,0,,0,0,0.0026748760804537683
1781264881.0,1781265481.0,3.1733333333333333,1.7185135695969609,10.0,3.0,-0.0006611129475359665,0,,0,0,0.08580599816884138
1781411821.0,1781412421.0,3.5616666666666665,1.7386385158763995,11.0,5.0,0.0005083625232292344,0,,0,0,0.08152140754462002
1781392741.0,1781393341.0,3.525,1.9628317129426387,13.0,3.0,-0.0006231406198350535,0,,0,0,0.044258353264622644
1780818781.0,1780819381.0,18.59,7.90876517963877,41.0,24.0,0.03663732399256665,0,,0,0,0.00022664011230982058
1781487181.0,1781487781.0,3.8766666666666665,1.9903405627066828,12.0,8.0,-0.00015444487345798237,1,1487.0,1,0,0.0841345825626809
1780868161.0,1780868761.0,7.203333333333333,2.651789752014456,17.0,6.0,0.0007862244061789107,0,,0,0,0.01978729414494612
1780747561.0,1780748161.0,17.18166666666667,4.346492519517573,32.0,16.0,-0.00697971383253845,0,,0,0,0.0009960773033924567
1781222701.0,1781223301.0,13.59,3.859434328153976,31.0,15.0,-0.007873244092344694,0,,0,0,0.0013843256952083389
1781300161.0,1781300761.0,14.458333333333334,3.9490417262363224,31.0,10.0,0.0023297009158358742,0,,0,0,0.0008201704792368859
1780811761.0,1780812361.0,36.651666666666664,8.33028594280466,61.0,26.0,-0.033409398359439894,0,,0,0,1.177015005061894e-06
1780934701.0,1780935301.0,8.696666666666667,2.9985533549066994,21.0,6.0,0.0008390023305620298,0,,0,0,0.007414812058422422
1781173981.0,1781174581.0,5.5616666666666665,2.3287043369412292,14.0,6.0,0.0003434176206044949,0,,0,0,0.04194180527484855
1781450161.0,1781450761.0,3.888333333333333,1.911159479362085,11.0,6.0,0.0008681968561023743,0,,0,0,0.0871177496142212
1781464981.0,1781465581.0,2.93,1.7151579130408565,12.0,6.0,-0.0005201125558682104,0,,0,0,0.0744387129922089
1780760161.0,1780760761.0,56.805,7.988761376667433,79.0,53.0,-0.016769074358539915,0,,0,0,9.683901678858474e-08
1780839901.0,1780840501.0,28.605,7.896136713608751,57.0,52.0,0.008529218136717028,0,,0,0,5.2968612551788744e-05
1780753441.0,1780754041.0,440.8433333333333,172.67641835397083,772.0,726.0,0.9882899119164219,0,,0,0,4.2346152954172445e-59
1781226301.0,1781226901.0,4.965,2.232437009189733,12.0,8.0,-0.0004103066952963754,0,,0,0,0.07935313743653874
1781501041.0,1781501641.0,5.586666666666667,2.3956534715095077,13.0,2.0,-0.001320003666676851,0,,0,0,0.035999410089176294
1780787341.0,1780787941.0,13.368333333333334,3.8763381202137444,31.0,21.0,0.0033144258734052008,0,,0,0,0.0024772097686796748
1780917841.0,1780918441.0,16.213333333333335,3.6255329110199637,29.0,11.0,0.0017617826716185224,0,,0,0,0.0013153717700464364
1781350021.0,1781350621.0,6.2,2.6210684844162313,17.0,6.0,-0.003263509065302961,0,,0,0,0.02080978763068766
1781115601.0,1781116201.0,6.148333333333333,2.4697497624028406,15.0,6.0,-0.0017018658385162156,0,,0,0,0.03261248227954186
1781275081.0,1781275681.0,7.556666666666667,3.0452348933301607,18.0,7.0,0.008003411120586449,0,,0,0,0.01684888200506134
1781131261.0,1781131861.0,7.835,3.1082323486723658,17.0,7.0,-0.004081372448256806,0,,0,0,0.02070840497365055
1781278141.0,1781278741.0,6.52,2.4514485513671302,15.0,7.0,5.855571821033146e-05,0,,0,0,0.03514816599808371
1780816081.0,1780816681.0,14.57,3.815114677175511,27.0,22.0,-0.003451954033205645,0,,0,0,0.0063402914249864285
1781297581.0,1781298181.0,17.941666666666666,4.319135394445924,31.0,25.0,-0.006248878469106853,0,,0,0,0.0028364251243399386
1781501881.0,1781502481.0,4.406666666666666,2.206344387342002,12.0,5.0,0.0009069469637415643,0,,0,0,0.06247478379058039
1781254621.0,1781255221.0,4.943333333333333,2.3466548295156,14.0,4.0,0.0012562812674479658,0,,0,0,0.03594422937262683
1781384761.0,1781385361.0,3.05,1.82414363469547,9.0,3.0,0.0002986119405887228,0,,0,0,0.10552801886497026
1780752361.0,1780752961.0,151.17166666666665,37.63317061523723,262.0,132.0,-0.19806802241117352,0,,0,0,5.177628989955059e-25
1781078161.0,1781078761.0,4.758333333333334,2.079245990470798,14.0,4.0,-0.0010606418351162073,0,,0,0,0.03662343999654925
1781554441.0,1781555041.0,5.1466666666666665,2.693539596062318,18.0,9.0,0.006711740865946848,0,,0,0,0.023168034743531397
1781541061.0,1781541661.0,7.176666666666667,3.1276384417355887,20.0,3.0,-0.004474123539232061,0,,0,0,0.007499896141838225
1781423461.0,1781424061.0,3.565,1.9006424352483207,9.0,1.0,-0.00033702871396864935,0,,0,0,0.08652589008551179
1781581861.0,1781582461.0,4.028333333333333,1.99938254357578,11.0,3.0,0.0006625296181378255,0,,0,0,0.06623692673787666
1781650141.0,1781650741.0,5.158333333333333,2.647627344539929,18.0,9.0,-0.002144200400556659,0,,0,0,0.023194199914266158
1781431021.0,1781431621.0,3.7783333333333333,1.956833468188395,12.0,6.0,0.001710643640676782,0,,0,0,0.07095567446258445
1781354761.0,1781355361.0,26.37,11.863379226285682,61.0,46.0,0.06166628240634003,1,385.0,1,0,1.1615639161891445e-05
1781256121.0,1781256721.0,3.7116666666666664,1.942128700392662,11.0,3.0,0.0012931980366612153,0,,0,0,0.06736137702368764
1781288821.0,1781289421.0,8.643333333333333,2.9725615590298924,19.0,9.0,-0.003913510870863539,0,,0,0,0.015461171632498
1781059501.0,1781060101.0,4.89,2.227382619428762,13.0,5.0,-0.0003925010902808051,0,,0,0,0.04926489960925984
1780861921.0,1780862521.0,8.121666666666666,2.9490445722112932,19.0,12.0,-0.001968922135894829,0,,0,0,0.021030210694026764
1781560561.0,1781561161.0,4.266666666666667,2.00554786086551,13.0,1.0,-0.00147105964183234,0,,0,0,0.03550026414761503
1781339221.0,1781339821.0,8.46,3.0564249268276384,20.0,6.0,-0.007415742821507835,0,,0,0,0.00937166130368068
1781322841.0,1781323441.0,3.96,1.8960661029264425,13.0,2.0,-0.0015150042083450232,0,,0,0,0.03965317389854566
1781275381.0,1781275981.0,9.85,3.2965891463753865,22.0,7.0,0.005452292923035888,0,,0,0,0.0060776861007546465
1781053141.0,1781053741.0,27.018333333333334,22.26988992389101,98.0,20.0,-0.09401606671129639,0,,0,0,1.450871840264519e-10
1780712701.0,1780713301.0,16.116666666666667,4.28093317968044,30.0,15.0,-0.009665415737265967,0,,0,0,0.0015053669545735096
1781177881.0,1781178481.0,15.756666666666666,5.370362081730513,33.0,8.0,-0.020884558012661134,0,,0,0,0.0003826024303174029
1780825981.0,1780826581.0,10.438333333333333,3.2046108274727456,23.0,9.0,-0.00012769479915220356,0,,0,0,0.005716317995001009
1781579701.0,1781580301.0,4.09,2.0154155898970316,10.0,3.0,-5.166681018557767e-06,0,,0,0,0.08142415004156629
1780773901.0,1780774501.0,14.935,4.176215391954778,29.0,13.0,-0.008264550734863162,0,,0,0,0.0016615252888932703
1781506981.0,1781507581.0,9.251666666666667,3.257554894224944,21.0,9.0,-0.002744202067227962,0,,0,0,0.009487918189421334
1780827001.0,1780827601.0,9.516666666666667,3.042431410712309,20.0,4.0,-0.0023972288811913403,0,,0,0,0.007362997842846039
1780929601.0,1780930201.0,8.058333333333334,3.0662024105107974,18.0,8.0,0.00651876810768918,0,,0,0,0.01803959040806264
1781454421.0,1781455021.0,3.505,1.8330234586605814,11.0,4.0,-0.00022130617029491467,0,,0,0,0.07460421217225167
1781055961.0,1781056561.0,6.723333333333334,2.653322864300955,16.0,4.0,-0.0014797818882830282,0,,0,0,0.020978371975196013
1780909801.0,1780910401.0,7.765,2.9074229711779696,18.0,11.0,-0.0014026983408287326,0,,0,0,0.02436392433356234
1781296861.0,1781297461.0,19.085,4.526342342333377,34.0,22.0,0.0001578615496154146,0,,0,0,0.0010134516719829732
1781548741.0,1781549341.0,6.471666666666667,2.6024086065711427,14.0,4.0,0.0008455856821824562,0,,0,0,0.03307132717004319
1781214001.0,1781214601.0,20.493333333333332,5.574939959816209,38.0,18.0,-0.017396770546584846,0,,0,0,0.00025055232017720286
1781051521.0,1781052121.0,5.346666666666667,2.261228771167472,14.0,5.0,-0.0020382834396762152,0,,0,0,0.03876439236294306
1781442421.0,1781443021.0,11.363333333333333,4.8618914929159915,28.0,4.0,-0.01993188869969083,0,,0,0,0.0010293718731382061
1781372701.0,1781373301.0,4.886666666666667,2.343890403201955,14.0,6.0,0.003908455301264724,0,,0,0,0.04329795643372028
1780810261.0,1780810861.0,24.851666666666667,6.729511910648168,43.0,29.0,-0.015129014247261789,0,,0,0,0.00017742868358320115
1780914661.0,1780915261.0,9.985,3.299208238350529,21.0,5.0,-0.0025797016102822408,0,,0,0,0.006254253957696002
1780720261.0,1780720861.0,22.971666666666668,5.38152988367517,43.0,23.0,0.012522118116994751,0,,0,0,0.00011575562555069022
1781311621.0,1781312221.0,4.566666666666666,2.062899792902107,12.0,3.0,-0.00013894483040230855,0,,0,0,0.052059903032724536
1780825921.0,1780826521.0,10.446666666666667,3.1880750026030165,21.0,8.0,-0.0010099472498534656,0,,0,0,0.008155686913678226
1781544421.0,1781545021.0,11.218333333333334,3.4915131231156624,22.0,8.0,0.00426376184378289,0,,0,0,0.0061964540929953646
1781345761.0,1781346361.0,6.248333333333333,2.4569623295624394,13.0,4.0,-0.0007495298598051693,0,,0,0,0.04179779756189083
1781625781.0,1781626381.0,6.295,2.6346362810326083,15.0,3.0,-0.004949930416473373,0,,0,0,0.024368584913188145
1780932601.0,1780933201.0,6.908333333333333,2.72273096153272,15.0,10.0,0.001736088155800432,0,,0,0,0.04496400970278221
1781567041.0,1781567641.0,9.14,3.093606309794444,20.0,8.0,0.0047482354117650205,0,,0,0,0.01092981076506522
1781405221.0,1781405821.0,3.0516666666666667,1.7782942826077905,11.0,4.0,0.0002425840071777964,0,,0,0,0.0763337531059872
1781050621.0,1781051221.0,5.4366666666666665,2.3479045030740826,13.0,5.0,-0.0013597815549487669,0,,0,0,0.04778915917543068
1781444641.0,1781445241.0,4.4816666666666665,2.0606626496240366,11.0,0.0,-0.0021024225067291873,0,,0,0,0.04939276038544248
1780736701.0,1780737301.0,9.533333333333333,3.0771559740918053,19.0,7.0,0.0009096136378156516,0,,0,0,0.01220962248174637
1780898461.0,1780899061.0,10.805,3.222883026111869,24.0,6.0,-0.0008395301098058643,0,,0,0,0.0033663154187687254
1781341261.0,1781341861.0,5.371666666666667,2.3188065656472703,14.0,8.0,-0.0003533065369626098,0,,0,0,0.050792309194633685
1781315581.0,1781316181.0,5.818333333333333,2.4190901641365548,16.0,13.0,0.0007943077619660118,0,,0,0,0.050690036367411775
1781508241.0,1781508841.0,8.606666666666667,3.131339791349525,21.0,15.0,0.001937505381959401,0,,0,0,0.017317856142627947
1781364841.0,1781365441.0,6.59,2.509030357196447,14.0,5.0,0.0002361673226870122,0,,0,0,0.036179426637753885
1781646901.0,1781647501.0,2.578333333333333,1.6473809179691528,11.0,4.0,-0.00048769579915499783,0,,0,0,0.07838093712820283
1781543641.0,1781544241.0,6.12,2.489096221522985,14.0,5.0,0.00081272447979022,0,,0,0,0.037036472739259564
1781463121.0,1781463721.0,3.3316666666666666,1.7781068271869631,11.0,2.0,0.0027040352889869156,0,,0,0,0.06308538813436763
1781259301.0,1781259901.0,3.935,2.047138246430856,13.0,3.0,-0.0009635860099611374,0,,0,0,0.04326488605269957
1780759201.0,1780759801.0,80.08666666666667,10.135374794363662,110.0,60.0,-0.0304133067036298,0,,0,0,4.835078686098169e-11
1781578981.0,1781579581.0,4.941666666666666,2.267509034650628,12.0,8.0,-0.0016751990977752725,0,,0,0,0.07934115631582248
1781512201.0,1781512801.0,13.1,3.690979996333404,25.0,14.0,0.003539787610521137,0,,0,0,0.0050342355694623355
1781188261.0,1781188861.0,4.446666666666666,1.9959514578822357,11.0,4.0,-0.0008198911663643488,0,,0,0,0.07100277146595675
1781534521.0,1781535121.0,7.756666666666667,3.079088970602975,20.0,4.0,0.0032094533595926657,0,,0,0,0.008025124241373789
1781267101.0,1781267701.0,4.451666666666667,2.3834842609554237,14.0,6.0,-0.0031368142689285248,0,,0,0,0.044146010317046236
1781299261.0,1781299861.0,16.015,4.006425048177822,31.0,20.0,0.002604701679726876,0,,0,0,0.0019634369760619234
1781217421.0,1781218021.0,14.951666666666666,4.043842713173806,28.0,15.0,-0.006482990230528399,0,,0,0,0.0025305566156790657
1780960681.0,1780961281.0,10.235,3.335132431153722,24.0,8.0,-0.0038133717038102834,0,,0,0,0.004170970845792544
1780882981.0,1780883581.0,12.005,3.677631710761696,26.0,11.0,0.0037610937808160595,0,,0,0,0.0031920662373101714
1780711801.0,1780712401.0,17.333333333333332,4.687098130921615,32.0,22.0,0.0007612798924441549,0,,0,0,0.001728666478904709
1781284261.0,1781284861.0,13.988333333333333,3.697052504661277,27.0,8.0,0.0005789738304828543,0,,0,0,0.001731925325445173
1780864021.0,1780864621.0,9.203333333333333,3.339459370749836,22.0,11.0,-0.006172906035850107,0,,0,0,0.009152114392572724
1781218141.0,1781218741.0,9.823333333333334,3.4936307125332458,21.0,8.0,-0.008413301148058742,0,,0,0,0.00831589720505539
1780897381.0,1780897981.0,11.503333333333334,3.339159907654752,22.0,8.0,-0.0015024486179128322,0,,0,0,0.006144377123690604
1781367901.0,1781368501.0,5.638333333333334,2.322541113139275,15.0,3.0,0.0011458642940674845,0,,0,0,0.02545556390093832
1781267041.0,1781267641.0,4.708333333333333,2.491304321479458,14.0,2.0,-0.00475609654471262,0,,0,0,0.03006827559843566
1781113381.0,1781113981.0,6.043333333333333,2.3898651751836453,16.0,6.0,0.0006219461720726983,0,,0,0,0.026387088533342085
1780740841.0,1780741441.0,12.166666666666666,3.388050898214029,26.0,8.0,-0.002769674360206573,0,,0,0,0.002406278977503648
1781645641.0,1781646241.0,2.4166666666666665,1.526342760398929,10.0,7.0,0.0005530015361153799,0,,0,0,0.12575227266926425
1780791961.0,1780792561.0,8.095,2.905048766085233,19.0,3.0,-0.003600926669240749,0,,0,0,0.009045912866529284
1781059681.0,1781060281.0,4.8,2.2,13.0,2.0,-0.0007415020597279502,0,,0,0,0.03766074877939395
1780886521.0,1780887121.0,224.045,76.99467281355683,362.0,255.0,0.4139689554693207,0,,0,0,5.479692191700337e-32
1781353021.0,1781353621.0,7.273789649415693,2.8163304181505486,18.0,3.0,0.0007867137475750913,0,,0,0,0.011828857678443955
1780849141.0,1780849741.0,11.266666666666667,3.618317595543849,21.0,4.0,-0.009760416001155561,0,,0,0,0.00527244511857739
1781094961.0,1781095561.0,4.328333333333333,2.072968215439451,13.0,4.0,-0.0010989752749313163,0,,0,0,0.04646636518879744
1780901641.0,1780902241.0,11.523333333333333,3.404818481048423,23.0,14.0,-0.002407173353259326,0,,0,0,0.008632642274638815
1781194081.0,1781194681.0,5.846666666666667,2.561865639637558,14.0,9.0,-0.0023698954719318668,0,,0,0,0.05388625171559461
1780794001.0,1780794601.0,9.665,3.2186086538544365,21.0,6.0,-0.006411934477595777,0,,0,0,0.007007760965781344
1781346541.0,1781347141.0,4.833333333333333,2.178429607665934,13.0,4.0,-0.0010138917052547327,0,,0,0,0.045185099540591404
1780795261.0,1780795861.0,7.381666666666667,2.736664129109664,16.0,7.0,-0.0012612535034819473,0,,0,0,0.026780564545376338
1781590981.0,1781591581.0,3.275,1.7366754638292863,9.0,4.0,6.236128433689947e-05,0,,0,0,0.11407447919457021
1781472781.0,1781473381.0,3.4716666666666667,1.8821611396359121,9.0,5.0,0.0010784196622768331,0,,0,0,0.12241735572523472
1780957921.0,1780958521.0,5.316666666666666,2.4636806250450203,13.0,1.0,-0.0010882252450701215,0,,0,0,0.033179766747950604
1781266621.0,1781267221.0,11.005,5.595680625863726,31.0,6.0,-0.024466373517704212,0,,0,0,0.0006254299086708867
1781334661.0,1781335261.0,10.996666666666666,3.882008357653148,24.0,7.0,-0.012341589837749559,0,,0,0,0.003576508034187089
1781055661.0,1781056261.0,7.14,2.7264873616676333,16.0,5.0,0.0006157794882763549,0,,0,0,0.022504278453257105
1781528161.0,1781528761.0,10.593333333333334,3.562015659083429,24.0,6.0,-0.003028841746782623,0,,0,0,0.0033586733215210827
1780727401.0,1780728001.0,56.361666666666665,14.139691081805461,104.0,32.0,-0.0653352092644702,0,,0,0,3.6677077301745563e-11
1781642281.0,1781642881.0,2.7216666666666667,1.668591388633605,9.0,2.0,-0.0005220292278589687,0,,0,0,0.09882711665756137
1781217301.0,1781217901.0,15.723333333333333,4.044764791952954,29.0,12.0,-0.006530629251747921,0,,0,0,0.0014593873336561606
1781144641.0,1781145241.0,28.733333333333334,5.934550436965624,50.0,16.0,-0.008822913396981658,0,,0,0,8.919622925070024e-06
1781536381.0,1781536981.0,5.54,2.48496814198224,13.0,5.0,0.0021122280895224744,1,560.0,1,0,0.04731895365015738
1781320981.0,1781321581.0,4.615,2.103990256631432,13.0,4.0,-0.0007603076675213055,0,,0,0,0.045782713161610845
1781078221.0,1781078821.0,4.653333333333333,2.0663548151811253,14.0,3.0,-0.0013244481234670146,0,,0,0,0.03358769211411395
1781564941.0,1781565541.0,4.9,2.297825058615212,15.0,6.0,0.001332337034269539,0,,0,0,0.034863254530448466
1781498521.0,1781499121.0,6.46,2.6220348332290833,16.0,4.0,-0.0004848346800963331,0,,0,0,0.021275770340129552
1781299741.0,1781300341.0,15.358333333333333,3.9183241173860144,30.0,18.0,-0.0036022600062777803,0,,0,0,0.002109542676963256
1781288101.0,1781288701.0,7.79,2.8235733860954753,19.0,4.0,-0.0024681735227042195,0,,0,0,0.01012515010154996
1781635381.0,1781635981.0,3.6766666666666667,2.0286585606147614,10.0,6.0,0.002211117253103477,0,,0,0,0.1074866246042866
1780943581.0,1780944181.0,9.371666666666666,3.2238998985011236,22.0,5.0,0.0006901963616565645,0,,0,0,0.005162477112773046
1781515501.0,1781516101.0,9.551666666666666,3.2239722737986165,21.0,14.0,-0.0026773129925360913,0,,0,0,0.014996432501475655
1781520541.0,1781521141.0,6.806666666666667,2.5323155850371855,16.0,8.0,-0.00031888977469381023,0,,0,0,0.030444248948008387
1781615701.0,1781616301.0,5.28,2.654857183855031,14.0,3.0,-0.003260731279809107,0,,0,0,0.03188607408777456
1781186401.0,1781187001.0,5.213333333333333,2.258573787936882,13.0,2.0,0.0022037838993997226,0,,0,0,0.03683847698144501
1781109001.0,1781109601.0,8.841666666666667,2.9285828009845005,20.0,3.0,-0.002789757749327082,0,,0,0,0.006955908322220246
1781640421.0,1781641021.0,2.6666666666666665,1.687865186822955,9.0,2.0,-0.0002083894677485255,0,,0,0,0.09900745027132964
1781217001.0,1781217601.0,18.48,4.86,33.0,16.0,-0.011728310356417655,0,,0,0,0.0007299758726997432
1780849261.0,1780849861.0,10.57,3.3889673943548058,21.0,12.0,-0.005649793471648523,0,,0,0,0.011739761938652267
1781126101.0,1781126701.0,4.388333333333334,2.1888042143802835,13.0,2.0,-0.0006892519145886604,0,,0,0,0.03843103775462545
1780809001.0,1780809601.0,19.018333333333334,4.4700481603172415,33.0,21.0,0.002765535459820724,0,,0,0,0.0011616008966151726
1781638681.0,1781639281.0,2.7983333333333333,1.6606215369219108,9.0,1.0,5.480570779363142e-05,0,,0,0,0.09035671325416922
1781570101.0,1781570701.0,14.753333333333334,4.961097548818093,32.0,19.0,-0.01683671343531511,0,,0,0,0.0014625353710729977
1781540701.0,1781541301.0,6.718333333333334,2.9482758615088165,20.0,9.0,0.007221881171892142,0,,0,0,0.013613161349486855
1781629981.0,1781630581.0,4.84,2.2541221498993056,13.0,4.0,-0.00028355634321206654,0,,0,0,0.04504685416638656
1780724281.0,1780724881.0,18.971666666666668,4.335611900938039,35.0,16.0,-0.004747763188231064,0,,0,0,0.0004619755112333279
1781309881.0,1781310481.0,5.351666666666667,2.386349490097561,15.0,3.0,-0.0019409220581168261,0,,0,0,0.025753330023839605
1781516761.0,1781517361.0,15.861666666666666,15.575917219291526,73.0,57.0,0.06693465815182822,0,,0,0,3.218933514431962e-06
1780784461.0,1780785061.0,12.803333333333333,3.8710018800764687,29.0,11.0,-0.0070142972619368395,0,,0,0,0.0015455561564611288
1781615161.0,1781615761.0,5.641666666666667,2.4358291994491093,14.0,5.0,0.003895371931588706,0,,0,0,0.037974526979758706
1781284381.0,1781284981.0,13.948333333333334,3.6545401747537114,27.0,10.0,-0.0008997524993124987,0,,0,0,0.002102924709388227
1781530621.0,1781531221.0,7.493333333333333,2.7489311053975545,19.0,6.0,0.00017911160864335523,0,,0,0,0.012443825891174976
1780922401.0,1780923001.0,22.9,6.0835844697020525,48.0,27.0,-0.019768721579782173,0,,0,0,5.338311070496867e-05
1780723741.0,1780724341.0,17.736666666666668,4.208006918034026,33.0,19.0,0.0009864471845755294,0,,0,0,0.0010337950656306033
1781554681.0,1781555281.0,7.0183333333333335,3.2297570428060927,19.0,10.0,0.009458665162958782,0,,0,0,0.018221265277628865
1780884241.0,1780884841.0,14.923333333333334,3.8289409617920316,27.0,18.0,-0.001451281809116123,0,,0,0,0.00425925479665691
1781207461.0,1781208061.0,6.131666666666667,2.564045739754959,18.0,2.0,0.0009621415615043336,0,,0,0,0.011498882295209737
1780949401.0,1780950001.0,6.578333333333333,2.616714967707072,15.0,5.0,-0.0012941980394390049,0,,0,0,0.02896000030740644
1781483881.0,1781484481.0,3.17,1.7600473478479683,9.0,2.0,-0.0001838893996927837,0,,0,0,0.09654139860616984
1781395141.0,1781395741.0,3.5468227424749164,1.86867728299398,10.0,3.0,-1.0722616782222918e-05,0,,0,0,0.08391014838408925
1780843321.0,1780843921.0,8.626666666666667,3.0045447057564125,20.0,12.0,0.004381234392317749,0,,0,0,0.016391344343150486
1781189881.0,1781190481.0,7.7316666666666665,2.893613177710909,18.0,5.0,-0.004098650274028533,0,,0,0,0.013920970443635642
1781210401.0,1781211001.0,9.308333333333334,3.093530435530828,23.0,9.0,-0.002413145592071086,0,,0,0,0.006072633655785647
1780955821.0,1780956421.0,6.761666666666667,2.620724560540886,17.0,8.0,0.0010708085300236898,0,,0,0,0.02439748945275113
1780916941.0,1780917541.0,14.395,3.9508195352356954,28.0,15.0,-0.0037964272122978046,0,,0,0,0.0026111211719614157
1781384461.0,1781385061.0,3.2466666666666666,1.836433742036148,11.0,2.0,-0.0006694463040175155,0,,0,0,0.06320611834546311
1781307241.0,1781307841.0,14.61,4.1682810205967,29.0,12.0,-0.007868466301295285,0,,0,0,0.001535751644817284
1780956181.0,1780956781.0,7.010016694490818,2.7789874267891497,17.0,5.0,-0.0002482854454271232,0,,0,0,0.018104891675352994
1781595781.0,1781596381.0,4.023333333333333,2.234454942237343,13.0,6.0,0.004801680004666677,0,,0,0,0.056176021757770846
1781511121.0,1781511721.0,8.701666666666666,3.010979445665849,19.0,10.0,0.0011768088244689492,0,,0,0,0.016909988357170423
1781550541.0,1781551141.0,5.383333333333334,2.3999421289319085,13.0,4.0,-0.0010488362467673483,1,152.0,1,0,0.04365849879823946
1781563441.0,1781564041.0,5.47,2.312091405344232,13.0,8.0,-0.00012594479429109574,0,,0,0,0.06261889431475644
1781568601.0,1781569201.0,14.12,4.166405325137406,26.0,7.0,-0.008489412470590194,0,,0,0,0.0019265198132910873
1781160961.0,1781161561.0,9.563333333333333,3.224798012623771,21.0,5.0,-0.0031050641807338344,0,,0,0,0.006404879238097705
1780802341.0,1780802941.0,9.75,3.1513224737137477,21.0,9.0,-0.0029963972122144843,0,,0,0,0.00929323896819977
1781353261.0,1781353861.0,7.095,2.7121900744601217,18.0,14.0,-0.0013443092897480356,0,,0,0,0.03348068963356644
1780707601.0,1780708201.0,15.536666666666667,4.860245764247821,35.0,28.0,0.013513148647635127,0,,0,0,0.0016883951347492975
1780778401.0,1780779001.0,11.693333333333333,3.378750590907171,23.0,15.0,-0.0011498365273237018,0,,0,0,0.009418322791192181
1781135461.0,1781136061.0,240.18864774624373,21.219879283409263,288.0,235.0,0.07417200094246544,0,,0,0,5.740825837682101e-25
1781098021.0,1781098621.0,21.418333333333333,8.179241848864859,48.0,9.0,-0.036503129175358834,0,,0,0,9.530564736302903e-06
1780844581.0,1780845181.0,14.731218697829716,4.022832624049814,28.0,6.0,0.00015999383346603895,0,,0,0,0.0010864437967487315
1780831201.0,1780831801.0,8.883333333333333,2.790410164991679,16.0,10.0,-0.002450395695543597,0,,0,0,0.03280155536551656
1780795441.0,1780796041.0,7.238333333333333,2.748611265510074,16.0,8.0,-0.0018541440392889914,0,,0,0,0.029575638337582633
1781262481.0,1781263081.0,3.66,1.8888444439215564,10.0,4.0,-0.0006554462651285108,0,,0,0,0.09100878660208993
1780713181.0,1780713781.0,14.455,3.8233460476394234,27.0,10.0,-0.004450762363228797,0,,0,0,0.0020372467578391586
1780732861.0,1780733461.0,15.612040133779264,4.026665573049899,30.0,12.0,-0.0037457334882698427,0,,0,0,0.0011712115571689558
1781157181.0,1781157781.0,6.8933333333333335,2.585592560495348,18.0,10.0,-0.0008912802535562654,0,,0,0,0.02344168245825004
1781265901.0,1781266501.0,3.64,1.9664858673956105,10.0,4.0,0.0014639485109680845,0,,0,0,0.09084788660459504
1781215921.0,1781216521.0,24.786666666666665,6.561591947758478,43.0,27.0,0.02236578434940095,0,,0,0,0.00014802803210523663
1781532181.0,1781532781.0,6.22,2.535402663615124,15.0,6.0,0.003437342881508002,0,,0,0,0.03242115470822521
1780809721.0,1780810321.0,18.875,4.693190989792198,35.0,17.0,-0.001533198703329716,0,,0,0,0.0005037877435584477
1781341981.0,1781342581.0,6.0183333333333335,2.4251454710090186,15.0,4.0,-0.0009192525534793154,0,,0,0,0.02731708027798089
1781268361.0,1781268961.0,3.45,1.9615045245933032,11.0,3.0,0.0017376159378220493,0,,0,0,0.06814282843188219
1781404081.0,1781404681.0,3.23,1.7749460085685236,10.0,5.0,-0.00025133403148342213,0,,0,0,0.1015529821039789
1781575801.0,1781576401.0,6.3116666666666665,2.5789915126309007,19.0,8.0,-0.0032704813068925235,0,,0,0,0.016024058703199666
1781254201.0,1781254801.0,4.903333333333333,2.330376698209016,13.0,5.0,-0.0006683351898199706,0,,0,0,0.04905079845094157
1781162581.0,1781163181.0,14.953333333333333,4.056413303509504,27.0,14.0,0.002008116689213014,0,,0,0,0.0028824351782201665
1781081041.0,1781081641.0,5.34,2.3189940347774365,16.0,0.0,-0.0019032275089653037,0,,0,0,0.015630739026067438
1780866661.0,1780867261.0,8.975,3.1897296123652863,24.0,13.0,0.005438653996261099,0,,0,0,0.007177102087554352
1781195821.0,1781196421.0,10.83,3.3492934578305715,27.0,6.0,-0.003143119841999557,0,,0,0,0.0016986662128609677
1780953001.0,1780953601.0,6.055,2.47358882328221,16.0,3.0,0.0008408078911330284,0,,0,0,0.01987578071544032
1781548561.0,1781549161.0,6.183333333333334,2.493268715740221,16.0,1.0,-0.0005472237422881743,0,,0,0,0.016363494160522008
1780783981.0,1780784581.0,14.088333333333333,3.995480432800152,29.0,25.0,0.0027882021894505317,0,,0,0,0.0054646402407873005
1781603941.0,1781604541.0,5.831666666666667,2.4378946973886206,14.0,4.0,-0.0020842002338895393,0,,0,0,0.03431851091189411
1781468221.0,1781468821.0,3.8566666666666665,1.9329051249924871,10.0,8.0,0.0019561721004780585,0,,0,0,0.12661717724503152
1781308141.0,1781308741.0,8.88,3.1568338568888925,23.0,6.0,-0.0028441745671515736,0,,0,0,0.0046552528315532546
1781365141.0,1781365741.0,6.698333333333333,2.6672077576038618,18.0,4.0,-0.0004009733360370468,0,,0,0,0.01344784216879321
1781602381.0,1781602981.0,4.43,2.1225220846907575,15.0,6.0,0.001034058427940082,0,,0,0,0.0358939491523524
1781629021.0,1781629621.0,4.458333333333333,2.204146975337373,11.0,4.0,-0.0003085286348017596,0,,0,0,0.07044459548943548
1781420461.0,1781421061.0,3.505,1.9096181991871222,11.0,2.0,0.002374034372317701,0,,0,0,0.06228169335957773
1781579281.0,1781579881.0,4.453333333333333,2.21084197133631,11.0,4.0,-0.0013602260006277819,0,,0,0,0.07044431106980563
1780935001.0,1780935601.0,8.915,2.8834773567112797,17.0,8.0,0.0005553070980752643,0,,0,0,0.021744122708738205
1781305861.0,1781306461.0,21.821666666666665,4.713441476835748,37.0,22.0,-0.0034503706954741665,0,,0,0,0.0004449188947349529
1780951441.0,1780952041.0,7.366666666666666,2.866860458565936,18.0,5.0,-0.005323681454670713,0,,0,0,0.01418841065162923
1781565841.0,1781566441.0,5.621666666666667,2.3069165327096015,12.0,9.0,0.0017007547243186715,0,,0,0,0.08382562010499814
1781498761.0,1781499361.0,6.443333333333333,2.6558342485094126,16.0,6.0,-0.0008955024875069096,0,,0,0,0.025623666668395197
1781077141.0,1781077741.0,5.733333333333333,2.3990738953928776,15.0,6.0,0.0018630051750143752,0,,0,0,0.03336130278979334
1780875961.0,1780876561.0,10.38,3.406699282296575,24.0,12.0,-0.0022992841646782415,0,,0,0,0.006037494677718695
1781523541.0,1781524141.0,9.928333333333333,5.45036976319548,36.0,23.0,0.019381192725535346,0,,0,0,0.0010824928793700232
1780787161.0,1780787761.0,13.0,3.8366652186501757,31.0,13.0,0.0023019508387523177,0,,0,0,0.0011793872591251413
1781146321.0,1781146921.0,16.631666666666668,4.0582422987736395,29.0,8.0,-0.006437490104139168,0,,0,0,0.0009520018634967747
1780888021.0,1780888621.0,61.545,8.055307256709703,86.0,62.0,0.0071813810593918635,0,,0,0,3.682546627553529e-08
1781573941.0,1781574541.0,10.803333333333333,3.5333632074208783,22.0,13.0,-0.007246020127833683,0,,0,0,0.01013829474225638
1780921741.0,1780922341.0,14.268333333333333,4.08407442254532,33.0,13.0,0.0029698693607482347,0,,0,0,0.0006973143520420263
1781608141.0,1781608741.0,6.24,2.551287256791494,16.0,7.0,-0.0020221722838119106,0,,0,0,0.028506575131735854
1781564521.0,1781565121.0,4.525,2.183889878176095,15.0,4.0,0.0010144750402084415,0,,0,0,0.029639150420946843
1780885681.0,1780886281.0,81.19166666666666,10.59614382164044,109.0,62.0,-0.02942466506851403,0,,0,0,6.823817694946517e-11
1780882141.0,1780882741.0,11.836666666666666,3.5170994994297344,27.0,14.0,0.004572068255745139,0,,0,0,0.003437335443383524
1781505301.0,1781505901.0,4.411666666666667,2.1226235077270665,13.0,1.0,-0.0015291986922185909,0,,0,0,0.035101446127528114
1781399461.0,1781400061.0,3.1966666666666668,1.8685080203794207,10.0,1.0,-0.0006994463873510708,0,,0,0,0.07151348773288405
1781474161.0,1781474761.0,3.275,1.9856254262406425,11.0,3.0,-0.000911030308417523,0,,0,0,0.06864293329675333
1781324221.0,1781324821.0,4.335,2.032102769710889,12.0,4.0,0.00024119511443087088,0,,0,0,0.05766576671316907
1781158021.0,1781158621.0,5.6866666666666665,2.290958072267777,13.0,5.0,-0.0009020025055625138,0,,0,0,0.047319913908479345
1781333521.0,1781334121.0,13.018333333333333,4.014722558561453,25.0,12.0,-0.01010761141003171,0,,0,0,0.0041293013994177325
1780959781.0,1780960381.0,5.881666666666667,2.552318662619453,17.0,4.0,0.003991705532515364,0,,0,0,0.01757425677949561
1780742701.0,1780743301.0,13.858333333333333,3.74765667525129,25.0,7.0,0.0017495326375906518,0,,0,0,0.002486075122918375
1781625001.0,1781625601.0,9.36,3.6304820616551736,21.0,10.0,0.010224972847146793,0,,0,0,0.010227795005916048
1780828441.0,1780829041.0,10.436666666666667,3.260264133812201,23.0,10.0,-0.0032667312964758223,0,,0,0,0.006272392648452246
1781540101.0,1781540701.0,6.0633333333333335,2.487164829457205,16.0,9.0,-0.002626229517304216,0,,0,0,0.03467101302272481
1780724461.0,1780725061.0,17.766666666666666,4.303357862052479,35.0,16.0,-0.008446912352534343,0,,0,0,0.0004913076482824719
1781287921.0,1781288521.0,8.275,2.924501382002295,19.0,9.0,-0.0027835910655307325,0,,0,0,0.0157728959789047
1780801321.0,1780801921.0,11.406666666666666,3.4090011570676957,25.0,7.0,-0.004563790454973472,0,,0,0,0.002846305823140159
1781218321.0,1781218921.0,8.758333333333333,3.086518624959555,20.0,11.0,-0.004662262950730404,0,,0,0,0.0147796616421308
1781137621.0,1781138221.0,231.94166666666666,16.81056009047752,292.0,212.0,-0.026873713538093178,0,,0,0,4.617650027739631e-26
1781220901.0,1781221501.0,6.525,3.15161995382269,19.0,13.0,0.00945410959474888,0,,0,0,0.02477528653077331
1781597221.0,1781597821.0,3.3833333333333333,1.8311350456903923,10.0,3.0,-0.0001596115544765444,0,,0,0,0.08465229181599679
1781299381.0,1781299981.0,16.291666666666668,3.9958224713095327,31.0,13.0,-0.0008759746554851472,0,,0,0,0.0009942534963622177
1781118361.0,1781118961.0,4.845,2.1834929967065766,11.0,7.0,-0.00031547309853639257,0,,0,0,0.09011826543797738
1781422321.0,1781422921.0,4.54,2.063589106387219,14.0,4.0,-0.0004688346356517687,0,,0,0,0.03703251115792146
1781532421.0,1781533021.0,7.675,3.105807731761042,19.0,17.0,0.008561496004155568,0,,0,0,0.03399378710020217
1781427481.0,1781428081.0,25.7,7.797649218407644,48.0,14.0,-0.0333834260650724,0,,0,0,1.2573995648453181e-05
1781590741.0,1781591341.0,3.4266666666666667,1.8105125118472825,11.0,3.0,-0.0007013352814868967,0,,0,0,0.06858250958043709
1780708441.0,1780709041.0,24.668333333333333,5.201441840703616,40.0,25.0,-0.009037219547832093,0,,0,0,0.0002556013188937433
1781644921.0,1781645521.0,2.473333333333333,1.6245888368719297,9.0,5.0,-0.0005129458692940819,0,,0,0,0.12898762795071508
1781647861.0,1781648461.0,2.845,1.710060915094352,8.0,8.0,0.001487420798391105,0,,0,0,0.19481839145618388
1781456401.0,1781457001.0,4.065,1.998526540562655,10.0,7.0,-4.972236033991487e-06,0,,0,0,0.11511149305034632
1781487781.0,1781488381.0,4.331666666666667,2.0432809944357193,11.0,3.0,0.0008930858141272607,1,887.0,1,0,0.0652015569994355
1781421541.0,1781422141.0,4.4,2.1039645117412666,13.0,5.0,-0.0012588368301023048,0,,0,0,0.05065236457359252
1781323441.0,1781324041.0,3.5966666666666667,1.9280358456787627,10.0,7.0,-0.0003338342606507286,0,,0,0,0.11780091325286215
1781595361.0,1781595961.0,3.3633333333333333,1.8729625967671883,9.0,1.0,0.0002210006138905926,0,,0,0,0.08741158730859251
1780827061.0,1780827661.0,9.346666666666666,2.9472850029966375,20.0,8.0,-0.0012688924135900398,0,,0,0,0.010878070880798698
1780856461.0,1780857061.0,7.368333333333333,2.7403157766132638,17.0,8.0,-0.0015290320250889652,0,,0,0,0.023579626428759735
1780782061.0,1780782661.0,19.003333333333334,4.398483324460325,32.0,17.0,-0.005915849766249366,0,,0,0,0.0009982625905659963
1781142481.0,1781143081.0,47.38,7.066040852792554,69.0,31.0,-0.012596034988986085,0,,0,0,1.8984640276377686e-07
1781231941.0,1781232541.0,30.293333333333333,7.580278505584226,57.0,29.0,-0.02860707946410963,0,,0,0,5.487029768670337e-06
1781502781.0,1781503381.0,4.236666666666666,2.056855744955284,11.0,5.0,-0.00025711182531062976,0,,0,0,0.07814976603556702
1780782241.0,1780782841.0,19.091666666666665,4.6133787931286205,47.0,22.0,0.0035636487879132962,0,,0,0,5.317250349823716e-05
1781311141.0,1781311741.0,4.6033333333333335,2.1266536049755627,13.0,4.0,0.0004456679046330686,0,,0,0,0.04577066062264433
1781576761.0,1781577361.0,6.205,2.5947976799742984,15.0,11.0,0.002760479890221917,0,,0,0,0.05115582167134777
1780859941.0,1780860541.0,6.785,2.61319249195309,16.0,4.0,-0.0025405348348189983,0,,0,0,0.020946248929662913
1780858381.0,1780858981.0,10.061666666666667,4.96701089411149,29.0,17.0,0.0203489731915922,0,,0,0,0.0030107351022395064
1781493781.0,1781494381.0,7.408333333333333,2.8469159726896676,17.0,10.0,0.00214281150780974,0,,0,0,0.028230583078439772
1780895161.0,1780895761.0,105.9,57.12950201078249,225.0,47.0,0.009667304631401752,0,,0,0,3.1257408134021465e-24
1781534161.0,1781534761.0,7.543333333333333,2.981854382017263,20.0,5.0,-0.0015977266603518351,0,,0,0,0.008948170723975413
1780870081.0,1780870681.0,15.2,4.46579593503032,34.0,22.0,0.008541190392195513,0,,0,0,0.0012337574592752888
1781079721.0,1781080321.0,5.031666666666666,2.2384512254880358,14.0,3.0,0.0005936405378903835,0,,0,0,0.03277008734394381
1780957381.0,1780957981.0,5.385,2.3972432083541295,14.0,4.0,-0.00012963924899791717,0,,0,0,0.03512015996362769
1781624581.0,1781625181.0,6.915,2.6447006761950713,15.0,9.0,0.0013151425420626147,0,,0,0,0.041143275870326644
1780830361.0,1780830961.0,8.516666666666667,3.18429304904907,19.0,10.0,0.006625240625668409,0,,0,0,0.01695470440142049
1780864741.0,1780865341.0,6.701666666666667,2.408871912096799,15.0,5.0,-0.001090808585579399,0,,0,0,0.029008328461638075
1781462641.0,1781463241.0,2.9966666666666666,1.7492823925509824,11.0,5.0,-0.00011138919830332873,0,,0,0,0.08363490481958924
1780787221.0,1780787821.0,13.173333333333334,3.8875813674943047,31.0,12.0,0.0031011752810424496,0,,0,0,0.0010608518647259265
1781626621.0,1781627221.0,4.7959866220735785,2.1689163053516753,11.0,5.0,0.0006786624206856307,0,,0,0,0.07585598561018046
1781610841.0,1781611441.0,8.008333333333333,3.078137514074957,22.0,8.0,-0.0032170367139908672,0,,0,0,0.007383784216074626
1781562961.0,1781563561.0,5.241666666666666,2.2619896600608547,14.0,4.0,-0.0013356425990072218,0,,0,0,0.035539964203099884
1781625481.0,1781626081.0,8.731666666666667,3.6331341688532355,21.0,5.0,-0.011768393801093912,0,,0,0,0.006573438041098152
1781214841.0,1781215441.0,14.003333333333334,3.659688814943454,25.0,18.0,-0.0037476770768807796,0,,0,0,0.007041863262757958
1780780741.0,1780781341.0,29.761666666666667,5.8484924458264365,51.0,24.0,0.0026004794457762884,0,,0,0,1.4539569097505377e-05
1780752241.0,1780752841.0,178.77166666666668,49.55155090632605,313.0,127.0,-0.2710640029555638,0,,0,0,4.924722515818792e-31
1780797301.0,1780797901.0,25.086666666666666,6.303900027408077,46.0,25.0,-0.020032944535957067,0,,0,0,6.166940267494686e-05
1781621761.0,1781622361.0,8.371666666666666,2.8769539254025056,18.0,7.0,-0.0022485895794155074,0,,0,0,0.01628778185607975
1781488381.0,1781488981.0,8.971666666666666,4.1304798618185865,22.0,12.0,0.015371070475195767,1,287.0,1,0,0.00987734470575532
1781063821.0,1781064421.0,6.453333333333333,2.850348906518093,17.0,10.0,0.00675357431548421,0,,0,0,0.029569389711611493
1781626261.0,1781626861.0,4.969899665551839,2.3360838918581712,13.0,3.0,-0.0019089113015627866,0,,0,0,0.04073790835844793
1781080321.0,1781080921.0,6.038333333333333,2.379116899654622,14.0,9.0,0.0030263139619832293,0,,0,0,0.05375096016118736
1780919641.0,1780920241.0,12.596666666666666,3.4962821523568275,24.0,17.0,-0.0027032297311937147,0,,0,0,0.008654061756510291
1781151961.0,1781152561.0,8.23,2.9422950225971563,20.0,8.0,0.00038188994969429727,0,,0,0,0.011498893209658759
1781200981.0,1781201581.0,5.266666666666667,2.282299035816492,13.0,6.0,-0.0003481676337989877,0,,0,0,0.052872301948917
1781412181.0,1781412781.0,3.6533333333333333,1.89468261780759,11.0,3.0,-8.388912191429115e-06,0,,0,0,0.06765876149764921
1781327761.0,1781328361.0,3.74,1.9250281383224852,11.0,6.0,-0.00040811224475623885,0,,0,0,0.08766832574957482
1780954621.0,1780955221.0,7.233333333333333,2.7656624683588724,17.0,8.0,0.0005209458915163614,0,,0,0,0.02371355442047689
1780782481.0,1780783081.0,19.201666666666668,4.863229094153618,47.0,9.0,0.0022332006477795616,0,,0,0,1.5150874327833504e-05
1781351821.0,1781352421.0,5.226666666666667,2.4017956245738774,14.0,13.0,-0.0010785585515515343,0,,0,0,0.0796839367247526
1780911121.0,1780911721.0,8.668333333333333,2.8922304925821907,20.0,10.0,0.00012602812785590694,0,,0,0,0.013611349256691134
1780925701.0,1780926301.0,10.085,3.402612966530281,21.0,14.0,-0.002775535487598572,0,,0,0,0.014509492309694286
1780958521.0,1780959121.0,4.683333333333334,2.23451461296532,12.0,6.0,-0.0015643376787157792,0,,0,0,0.06735880095266909
1781486341.0,1781486941.0,3.995,2.0440910775533787,12.0,3.0,0.0024215900599723924,0,,0,0,0.05352767341836608
1780835881.0,1780836481.0,7.191666666666666,2.664256723532642,16.0,10.0,-0.005073375203820011,0,,0,0,0.03576405371569036
1781343421.0,1781344021.0,5.998333333333333,2.5162797715852045,15.0,4.0,-0.0006833630093416957,0,,0,0,0.027251792930778628
1781055361.0,1781055961.0,7.08,2.703750481584177,15.0,6.0,0.001089725249236796,0,,0,0,0.030904430297363828
1781158861.0,1781159461.0,6.861666666666666,2.6831319800230147,16.0,6.0,-3.5638987886075704e-05,0,,0,0,0.025080257352683193
1780760581.0,1780761181.0,50.595,7.769447106025842,73.0,46.0,-0.015119014219483877,0,,0,0,2.6604981287343664e-07
1780753321.0,1780753921.0,327.095,163.28065605474112,671.0,644.0,0.9333408981691615,0,,0,0,6.233410388116724e-50
1781090161.0,1781090761.0,5.1066666666666665,2.300425081491583,13.0,5.0,-0.0006873907983077786,0,,0,0,0.04863046486165327
1781186581.0,1781187181.0,5.565,2.4150448581065045,13.0,9.0,0.002478534662596287,0,,0,0,0.06790866955131471
1781553601.0,1781554201.0,3.5433333333333334,1.9108782157834014,10.0,7.0,0.0007123353120425334,0,,0,0,0.1181467950427474
1781306821.0,1781307421.0,17.19333333333333,4.451885992350757,30.0,28.0,-0.0039477331881477545,0,,0,0,0.004882904572159588
1781127001.0,1781127601.0,4.276666666666666,2.116629920940886,11.0,3.0,0.0006062239061775211,0,,0,0,0.06519965179552094
1781062681.0,1781063281.0,5.07,2.3320448823582565,14.0,6.0,0.0019492276367434383,0,,0,0,0.042937563908485944
1781535961.0,1781536561.0,5.985,2.677332316566872,15.0,9.0,-0.0050255417376159454,1,980.0,1,0,0.04296988292194706
1780856281.0,1780856881.0,7.8,2.7098585448936876,17.0,9.0,-0.0018080050222361696,0,,0,0,0.025368453489704953
1781633101.0,1781633701.0,6.3,3.364025366531392,18.0,0.0,-0.011490198583884965,0,,0,0,0.009160818020335129
1781375641.0,1781376241.0,3.5283333333333333,1.8172865914752014,10.0,2.0,-0.000909363637121218,0,,0,0,0.07706465742552655
1781102281.0,1781102881.0,5.21,2.3121202390879243,13.0,7.0,0.00025350070416862514,0,,0,0,0.05795295649913144
1781612641.0,1781613241.0,5.89,2.4449744374941837,16.0,11.0,0.0007170019916722022,0,,0,0,0.04207045504606886
1781569621.0,1781570221.0,13.063333333333333,5.012250547963016,32.0,18.0,0.013775871599643327,0,,0,0,0.0014441155246153615
1780887241.0,1780887841.0,139.00833333333333,44.80291951672594,251.0,81.0,-0.24718988108300324,0,,0,0,6.746713191991679e-26
1780924501.0,1780925101.0,12.081666666666667,3.43826466242622,25.0,9.0,-0.001716032544534841,0,,0,0,0.0033249891901138647
1781272021.0,1781272621.0,4.8533333333333335,2.158353281761095,13.0,2.0,0.0009548359856555099,0,,0,0,0.03762130496401386
1781222941.0,1781223541.0,11.821666666666667,3.625354771911602,25.0,14.0,-0.00652976813824483,0,,0,0,0.0053786733997071845
1781193181.0,1781193781.0,6.258333333333334,2.526842012385332,14.0,3.0,-0.001415587265520185,0,,0,0,0.03055112761316225
1780902001.0,1780902601.0,11.476666666666667,3.2791445361387916,21.0,13.0,0.0021989505526404207,0,,0,0,0.012385281558594995
1780902601.0,1780903201.0,11.601666666666667,3.696349174824021,23.0,4.0,-0.0013126425351181544,0,,0,0,0.0032926056857315263
1781223121.0,1781223721.0,10.618333333333334,3.415064258383565,24.0,9.0,-0.005899933055369598,0,,0,0,0.004486245882169503
1781316601.0,1781317201.0,32.68666666666667,12.016730929093079,63.0,43.0,0.05698554718207549,0,,0,0,4.017919608516049e-06
1781446381.0,1781446981.0,4.483333333333333,2.057439076997313,11.0,2.0,0.00020327834243983993,0,,0,0,0.05916664859986141
1781147101.0,1781147701.0,13.736666666666666,3.6515734812391343,25.0,11.0,-0.0034364539901499593,0,,0,0,0.00367280390198559
1781465341.0,1781465941.0,2.875,1.859043212694817,12.0,4.0,0.0010186417184492164,0,,0,0,0.06215326536587293
1781561461.0,1781562061.0,5.371666666666667,2.6369547883032722,16.0,7.0,0.006696490823585624,0,,0,0,0.029642632161345436
1780753921.0,1780754521.0,825.1033333333334,91.97738484117833,970.0,874.0,0.4763596565546013,0,,0,0,1.787092505464078e-79
1781481721.0,1781482321.0,4.26,2.124241040936739,13.0,4.0,-0.0002710007527798731,0,,0,0,0.04653179818190363
1780911721.0,1780912321.0,7.66,2.8684025751859403,18.0,7.0,-0.0036591212753368744,0,,0,0,0.01687433642347193
1781597281.0,1781597881.0,3.361666666666667,1.8666004452539442,11.0,3.0,4.041677893549845e-05,0,,0,0,0.06865446425032594
1781264041.0,1781264641.0,3.3066666666666666,1.7886556093582937,12.0,4.0,0.0006772796591101669,0,,0,0,0.06105775109893366
1780707241.0,1780707841.0,12.876666666666667,3.616368651316155,27.0,16.0,0.0021090058583496255,0,,0,0,0.003932117645230057
1781540821.0,1781541421.0,7.1033333333333335,3.046745075577469,20.0,6.0,0.006775741043725122,0,,0,0,0.010027830884690114
1780911061.0,1780911661.0,8.55,2.845024897372019,18.0,5.0,0.00017922272006311372,0,,0,0,0.013393698087571184
1781168161.0,1781168761.0,7.26,2.749375686709015,18.0,9.0,-0.00011377809382804614,0,,0,0,0.020845878945046036
1781411041.0,1781411641.0,3.689482470784641,1.9858614357535775,13.0,4.0,-6.974225704141938e-06,0,,0,0,0.0480562716716561
1780792861.0,1780793461.0,7.77,3.020557343714346,18.0,13.0,0.0030276195211653423,0,,0,0,0.029207615267521966
1781082241.0,1781082841.0,5.841666666666667,2.3614819970142102,15.0,9.0,-0.0002406395573321053,0,,0,0,0.04376561961547667
1781287741.0,1781288341.0,8.691666666666666,3.1506502856112455,19.0,8.0,-0.0032938147050408464,0,,0,0,0.013946910652351074
1781545981.0,1781546581.0,8.788333333333334,2.8902474903640263,19.0,7.0,-0.0006144739290942447,0,,0,0,0.012757128167601087
1780904101.0,1780904701.0,17.38,4.519837755200217,35.0,11.0,-0.007086075239097902,0,,0,0,0.000308363107973536
1781150821.0,1781151421.0,9.038333333333334,3.0844011664431,19.0,11.0,-0.0014370317695326944,0,,0,0,0.018216781095520104
1781085421.0,1781086021.0,5.208333333333333,2.3597169086330863,13.0,7.0,-0.0011927533132036464,0,,0,0,0.05785883837582167
1781353741.0,1781354341.0,6.348333333333334,2.4779690384578164,15.0,6.0,-0.002484479123553119,1,1405.0,1,0,0.0322881011274085
1781137681.0,1781138281.0,230.29333333333332,16.39564847418024,292.0,214.0,-0.025947738743718644,0,,0,0,6.16612207066427e-26
1781494561.0,1781495161.0,8.886666666666667,2.9984143957913636,19.0,12.0,-0.0007251131253142392,0,,0,0,0.020218366700392364
1781426641.0,1781427241.0,4.178333333333334,2.2375277776053544,15.0,8.0,0.004711707532520921,1,44.0,1,0,0.04345743499998024
1781639461.0,1781640061.0,3.0416666666666665,1.8064506328402359,9.0,0.0,-0.0012350312084200266,0,,0,0,0.08147732581102661
1781094841.0,1781095441.0,4.368333333333333,2.0573438917421876,13.0,3.0,-0.00047902910841418904,0,,0,0,0.04235946920050616
1781188561.0,1781189161.0,4.345,2.1235132053588304,12.0,6.0,-0.0002443062341839854,0,,0,0,0.06870072692122678
1781554321.0,1781554921.0,4.333333333333333,2.1037004433986213,13.0,3.0,0.002726674240761779,0,,0,0,0.04235921970504582
1781480401.0,1781481001.0,3.7583333333333333,1.9689076215562331,10.0,6.0,0.0017518659774054927,0,,0,0,0.10731200605596174
1781119261.0,1781119861.0,4.6066666666666665,2.207250678005458,14.0,2.0,-0.000846669018525052,0,,0,0,0.030535032595106718
1780750081.0,1780750681.0,13.485,3.594408852648791,29.0,15.0,0.00392537201492227,0,,0,0,0.002209532288737814
1780827901.0,1780828501.0,10.366666666666667,3.3831280725913344,23.0,8.0,0.004871235753432646,0,,0,0,0.005182296743817436
1781611501.0,1781612101.0,5.475,2.5467708312030486,15.0,11.0,-0.002601035002875008,0,,0,0,0.05305172762852322
1781506681.0,1781507281.0,8.028333333333334,3.483895887588427,21.0,16.0,0.00992133311481421,0,,0,0,0.01931175773964344
1781228521.0,1781229121.0,4.295,2.1208429927743353,11.0,4.0,-0.00069297414715041,0,,0,0,0.07119122083630697
1781314081.0,1781314681.0,5.085,2.3067527681425535,13.0,3.0,-0.0008995858321828694,0,,0,0,0.04055653272433785
1781648581.0,1781649181.0,3.5116666666666667,1.8266172438569488,10.0,1.0,-0.0006871407976133261,0,,0,0,0.07057708436266438
1781061301.0,1781061901.0,5.871666666666667,2.6379026812139137,15.0,1.0,-0.004649040691779695,0,,0,0,0.020642267246335153
1781499541.0,1781500141.0,6.496666666666667,2.5839225134580865,16.0,7.0,0.001124892013588915,0,,0,0,0.028118785670858647
1781436901.0,1781437501.0,6.378333333333333,2.55052881227055,15.0,6.0,-0.0009889194136650436,0,,0,0,0.03215530588643179
1780867021.0,1780867621.0,9.03,3.1695057448546557,24.0,7.0,-0.004833346759296566,0,,0,0,0.004053166025534328
1780828741.0,1780829341.0,9.49,3.0946028285818308,20.0,10.0,-0.004106789185525516,0,,0,0,0.012970818737225458
1781500321.0,1781500921.0,6.758333333333334,2.6413248990274223,19.0,5.0,-0.0006842519006997258,0,,0,0,0.011791366615302676
1781340301.0,1781340901.0,7.986666666666666,2.822496924513628,18.0,9.0,-0.0011891144142067058,0,,0,0,0.02006098745239842
1780761061.0,1780761661.0,44.111666666666665,6.863371175223506,70.0,42.0,-0.007701826949519267,0,,0,0,5.132600047589936e-07
1781288941.0,1781289541.0,8.333333333333334,2.912997692336119,19.0,12.0,-0.005619848944024844,0,,0,0,0.0208409031753243
1780852921.0,1780853521.0,11.453333333333333,3.4284820094159585,23.0,11.0,-0.002833896760824347,0,,0,0,0.006514424989711389
1781432701.0,1781433301.0,6.2683333333333335,2.606977283283373,17.0,7.0,0.005534598707218627,0,,0,0,0.022781494782623923
1781356321.0,1781356921.0,73.84333333333333,9.236817032337974,101.0,65.0,-0.01680515779210499,0,,0,0,8.466443457376554e-10
1781489701.0,1781490301.0,20.361666666666668,9.304167375727694,57.0,8.0,-0.04539226497851388,0,,0,0,1.1394077882473386e-06
1780809541.0,1780810141.0,19.468333333333334,4.831735080578082,35.0,17.0,-0.007175769932694248,0,,0,0,0.00048647414068852477
1781404501.0,1781405101.0,3.12,1.748980655505753,9.0,4.0,-5.172236589545788e-05,0,,0,0,0.11481402690135106
1781055181.0,1781055781.0,8.5,4.196824196143238,27.0,7.0,-0.014867541298725837,0,,0,0,0.0020328794281611333
1781192101.0,1781192701.0,6.843333333333334,2.6985407579323724,16.0,3.0,-0.00400873335759266,0,,0,0,0.018961212305851766
1781400421.0,1781401021.0,3.1933333333333334,1.7557397934267545,9.0,3.0,-9.738915941433271e-05,0,,0,0,0.10509629942641809
1781100781.0,1781101381.0,5.118333333333333,2.284220630519059,12.0,3.0,-0.0002850285695238026,0,,0,0,0.050309629094540446
1781317441.0,1781318041.0,27.416666666666668,5.760473553064501,50.0,18.0,-0.014846819018941769,0,,0,0,1.1607696578844831e-05
1780926061.0,1780926661.0,8.885,3.0841165671874338,21.0,8.0,-0.00166175461598505,0,,0,0,0.008848054796692746
1780958581.0,1780959181.0,4.66,2.2138352844479345,12.0,7.0,-0.0009081691893588612,0,,0,0,0.0737401276082264
1780745281.0,1780745881.0,10.26,3.2003749780299184,24.0,9.0,0.0009140025388959436,0,,0,0,0.004604375228919054
1780909921.0,1780910521.0,7.628333333333333,2.87927025862843,18.0,11.0,-0.0005626404517790246,0,,0,0,0.02455280419108911
1781086501.0,1781087101.0,4.711666666666667,2.2192785364217404,11.0,7.0,-0.0004328067577965514,0,,0,0,0.09055543076778498
1780761961.0,1780762561.0,34.725,6.693233523492214,56.0,34.0,-0.01564657124047571,0,,0,0,9.186501485123494e-06
1781629081.0,1781629681.0,4.523333333333333,2.214976799477191,12.0,7.0,0.00044772346589851564,0,,0,0,0.07420617932864053
1781610301.0,1781610901.0,8.333333333333334,3.1473092564213574,22.0,7.0,0.006508684746346513,0,,0,0,0.006591334161922221
1781429161.0,1781429761.0,4.703333333333333,2.204991811524226,15.0,3.0,-0.0026948408190022783,0,,0,0,0.026759716633637253
1780866781.0,1780867381.0,9.386666666666667,3.2130705286722576,24.0,7.0,0.0011908366412128936,0,,0,0,0.00397512959045518
1781075281.0,1781075881.0,6.8,2.563201123595259,19.0,8.0,-0.0013158369884360736,0,,0,0,0.015652128030065417
1781546461.0,1781547061.0,7.976666666666667,2.9545652058391867,20.0,9.0,-0.004046233461759613,0,,0,0,0.01278908167957376
1781615281.0,1781615881.0,5.84,2.5969982672308425,14.0,2.0,0.0027206742240950673,0,,0,0,0.02834755450570312
1781169061.0,1781169661.0,7.213333333333333,2.6276394137873806,15.0,7.0,0.00021788949413748492,0,,0,0,0.03377004734920118
1781148361.0,1781148961.0,11.233333333333333,3.4783457115256513,23.0,5.0,-0.002206506129183695,0,,0,0,0.0037188285700495444
1780918321.0,1780918921.0,17.39,4.210055423229802,37.0,19.0,-0.0003791677199103443,0,,0,0,0.00042528780888124816
1781107801.0,1781108401.0,12.485,3.9941342407752565,25.0,8.0,-0.00969972138811498,0,,0,0,0.0029012512403649472
1780823401.0,1780824001.0,7.423333333333333,2.7876134755178827,18.0,6.0,0.00228783968844358,0,,0,0,0.015589582561046976
1781544181.0,1781544781.0,9.64,3.5963500015061567,22.0,13.0,0.01038997330548141,0,,0,0,0.01071484190194753
1780776301.0,1780776901.0,10.76,3.1679225579760204,22.0,13.0,-4.8333467592975664e-05,0,,0,0,0.010300702342206482
1781088121.0,1781088721.0,4.8533333333333335,2.403155333214138,13.0,5.0,0.0002537229270081325,0,,0,0,0.04903869532871584
1781630581.0,1781631181.0,4.875,2.1678041885742356,13.0,3.0,-0.0009507526409795608,0,,0,0,0.041175750809607475
1781196841.0,1781197441.0,7.193333333333333,2.761513272746585,17.0,14.0,0.0009846694018594573,0,,0,0,0.04136796933068936
1780920001.0,1780920601.0,12.17,3.4560719514115057,24.0,18.0,0.00016950047083465233,0,,0,0,0.009730541335895309
1781179261.0,1781179861.0,7.175,2.7533691482739227,18.0,10.0,-0.0007092519701443655,0,,0,0,0.02297732149824941
1781322001.0,1781322601.0,3.9366666666666665,2.015603025289344,11.0,4.0,-0.00018600051666810535,0,,0,0,0.07265626854200602
1781651761.0,1781652361.0,3.0683333333333334,1.945164231855215,13.0,5.0,0.0034564818235606224,0,,0,0,0.05426696394582214
1781616661.0,1781617261.0,4.218333333333334,1.980066637486953,12.0,0.0,0.00016763935455376411,0,,0,0,0.040404396507045616
1781289661.0,1781290261.0,7.368333333333333,2.69740564658381,15.0,11.0,0.000980141611504479,0,,0,0,0.0482207315518525
1781320081.0,1781320681.0,7.2716666666666665,2.667932512056647,16.0,8.0,-0.005639321220336731,0,,0,0,0.029615650350623503
1781283841.0,1781284441.0,13.325,3.665520654240904,27.0,16.0,0.0032483701343614907,0,,0,0,0.003837982139956833
1781634181.0,1781634781.0,4.173333333333333,2.0639659773251,14.0,8.0,0.0024166733796482736,0,,0,0,0.054260526306600075
1780801501.0,1780802101.0,10.666666666666666,3.1935699286048034,21.0,10.0,-0.0030013416703935304,0,,0,0,0.009744768057452785
1780736161.0,1780736761.0,10.183333333333334,3.0550050009051635,22.0,7.0,-0.0014320595334987047,0,,0,0,0.006032401932583373
1781331421.0,1781332021.0,5.226666666666667,2.263910088516964,14.0,5.0,-0.0008095578043272285,0,,0,0,0.038985214676755565
1781283661.0,1781284261.0,12.948333333333334,3.603100131214168,25.0,13.0,0.0014660318500884521,0,,0,0,0.004628256454154126
1780956721.0,1780957321.0,7.108333333333333,2.831359606659356,17.0,7.0,-0.0011140864280178514,0,,0,0,0.021681660953755375
1781177221.0,1781177821.0,17.055,7.804825964320622,41.0,31.0,0.03756124322567564,0,,0,0,0.0004791085239157823
1780914421.0,1780915021.0,10.636666666666667,3.4231548152090476,23.0,8.0,-0.0037983994399984535,0,,0,0,0.0051052812500684795
1781309041.0,1781309641.0,7.348333333333334,2.6733868448509694,18.0,7.0,-0.000125861460726278,0,,0,0,0.017260553461015456
1781376901.0,1781377501.0,6.706666666666667,2.7240819044629,15.0,7.0,-0.0027867855188486697,0,,0,0,0.03448586596348443
1781216581.0,1781217181.0,24.03,5.61329671405316,45.0,9.0,-0.01331187031075087,0,,0,0,1.818761143959158e-05
1781507101.0,1781507701.0,8.81,3.2721909072261255,21.0,12.0,-0.005836682879674656,0,,0,0,0.01286417408245141
1780866481.0,1780867081.0,8.116666666666667,3.2108756161243965,19.0,9.0,0.008807524465345724,0,,0,0,0.015727296147205753
1781091721.0,1781092321.0,5.136666666666667,2.362482216276394,12.0,9.0,0.0004475012430590058,0,,0,0,0.08554518381188703
1781180701.0,1781181301.0,6.008333333333334,2.5294789757752265,17.0,3.0,0.001103864177400482,0,,0,0,0.015914326255318918
1781069581.0,1781070181.0,6.94,2.737955441565841,19.0,6.0,-0.0023868399634443403,0,,0,0,0.012794361057655176
1780945261.0,1780945861.0,6.633333333333334,2.667499869832341,15.0,6.0,-0.0016805602237783982,0,,0,0,0.03162375390811034
1780815241.0,1780815841.0,16.38,4.492838746271671,33.0,17.0,-0.004047566798796645,0,,0,0,0.000904526794005261
1781605441.0,1781606041.0,5.12,2.314216930194747,14.0,4.0,0.0003872232978424911,0,,0,0,0.03568117011635744
1780876321.0,1780876921.0,10.063545150501673,3.2876543376620444,24.0,7.0,4.868720528332962e-05,0,,0,0,0.003832275528276032
1780885801.0,1780886401.0,78.88833333333334,9.499080511057665,106.0,90.0,-0.00888105244736793,0,,0,0,2.279138346085638e-09
1781369281.0,1781369881.0,5.031666666666666,2.3581059961097783,14.0,5.0,0.0005202514451429053,0,,0,0,0.039217820927088615
1780802701.0,1780803301.0,9.69,3.2026915763671866,21.0,11.0,0.003539620943391502,0,,0,0,0.011237197178101973
1780909021.0,1780909621.0,8.366666666666667,2.9278357573850045,19.0,12.0,5.205570015472384e-05,0,,0,0,0.020795427968714295
1780912561.0,1780913161.0,7.376666666666667,2.8410307206286163,21.0,13.0,0.0014985041625115586,0,,0,0,0.015416931633211
1781615761.0,1781616361.0,5.045,2.61909176369723,14.0,5.0,-0.0026410906696963067,0,,0,0,0.0388209711251898
1781468641.0,1781469241.0,5.288333333333333,2.3434726132150314,14.0,8.0,0.003370037138992046,0,,0,0,0.05094871212217388
1780811521.0,1780812121.0,46.718333333333334,10.904387368802015,82.0,33.0,-0.04687460242945117,0,,0,0,1.0799364082938223e-08
1780931821.0,1780932421.0,6.465,2.468894826975557,15.0,8.0,0.0006583073841871795,0,,0,0,0.03860940715543004
1780906081.0,1780906681.0,9.41,3.1783486278254625,23.0,14.0,-0.001689504693068589,0,,0,0,0.00966948424189929
1781499001.0,1781499601.0,6.25,2.610395883130884,16.0,6.0,0.0004243900677501853,0,,0,0,0.025910132298529894
1781508961.0,1781509561.0,15.383333333333333,4.887711348087387,32.0,11.0,-0.014958097105825274,0,,0,0,0.0006628573745680973
1781221621.0,1781222221.0,14.463333333333333,5.423589422349577,33.0,22.0,0.020761057669604642,0,,0,0,0.0015477546856224864
1781623801.0,1781624401.0,12.198333333333334,6.562443438909694,32.0,8.0,-0.019309525859794053,0,,0,0,0.0005480314013918633
1781096401.0,1781097001.0,7.786666666666667,3.0393785914594815,20.0,5.0,-0.008051855699599174,0,,0,0,0.008821561254924259
1781151301.0,1781151901.0,8.711666666666666,2.891112338798954,17.0,8.0,0.0005680293556370852,0,,0,0,0.021955621838070837
1781503921.0,1781504521.0,6.251666666666667,2.692272377668269,17.0,6.0,0.004206095016930609,0,,0,0,0.020702275342916084
1781333161.0,1781333761.0,11.516666666666667,4.713780035409186,26.0,19.0,0.01732104811402253,0,,0,0,0.006723602963771701
1781480341.0,1781480941.0,3.6666666666666665,1.9507833184532712,10.0,3.0,0.001716282545229293,0,,0,0,0.08321162016646359
1781594161.0,1781594761.0,4.251666666666667,2.1067345716904056,13.0,4.0,-0.0019988666635185133,0,,0,0,0.04657981212800289
1780711561.0,1780712161.0,15.133333333333333,5.442630083169553,30.0,14.0,0.018967886021905626,0,,0,0,0.001375593824374096
1781147401.0,1781148001.0,12.823333333333334,3.6508613899857782,25.0,10.0,-0.002324728679801883,0,,0,0,0.0034955464684075684
1780936561.0,1780937161.0,9.116666666666667,3.014363761872294,20.0,6.0,-0.000754224317289768,0,,0,0,0.009085542197372008
1781473081.0,1781473681.0,3.671666666666667,1.908890748285215,10.0,4.0,0.000134083705788068,0,,0,0,0.09089753290255834
1781056921.0,1781057521.0,5.956666666666667,2.2930595766840036,13.0,8.0,-0.00040033444537346073,0,,0,0,0.061244582336967474
1781218681.0,1781219281.0,7.723333333333334,2.895419754639309,18.0,8.0,-0.0007888355245431234,0,,0,0,0.018456383324907344
1780915861.0,1780916461.0,11.936666666666667,3.6532162389993954,26.0,14.0,0.003717788104966964,0,,0,0,0.004264038277599319
1781460781.0,1781461381.0,3.631666666666667,1.8491431949839785,10.0,5.0,-0.0005846405128903133,0,,0,0,0.09947896642136131
1780753621.0,1780754221.0,609.6083333333333,166.4772204553991,922.0,861.0,0.9478164939347057,0,,0,0,7.85235502620662e-72
1781395321.0,1781395921.0,3.6683333333333334,1.8907663055550314,12.0,4.0,0.0007653632371201006,0,,0,0,0.05980880296246531
1781272861.0,1781273461.0,4.538333333333333,2.1637615138662785,13.0,7.0,0.0013644760124333667,0,,0,0,0.06013522720334814
1780763041.0,1780763641.0,27.47,5.210479824353991,45.0,33.0,-0.0011572809924472191,0,,0,0,0.00015351144250515687
1781493841.0,1781494441.0,7.588333333333333,2.8969289294392815,17.0,7.0,0.0024662012950035883,0,,0,0,0.02112590397333196
1781477281.0,1781477881.0,3.5533333333333332,1.8575491619036328,10.0,5.0,-0.0005073902983063842,0,,0,0,0.0998023632441405
1781272441.0,1781273041.0,4.735,2.139651451366164,13.0,4.0,-0.000725140903169175,0,,0,0,0.04546198902025258
1781428261.0,1781428861.0,8.983333333333333,3.627633143279819,24.0,7.0,-0.011824143955955435,0,,0,0,0.003992790165017842
1781618281.0,1781618881.0,4.078333333333333,1.923243065472716,14.0,5.0,-0.0010435862321839828,0,,0,0,0.0417127557920623
1780850581.0,1780851181.0,26.755,6.338373214003732,44.0,27.0,0.019918138661496273,0,,0,0,0.00010785481443235759
1781318701.0,1781319301.0,14.91,3.9126163454479754,26.0,13.0,-0.002830452306811949,0,,0,0,0.003309985166627859
1781437921.0,1781438521.0,8.4,3.047950130825634,18.0,4.0,-0.0018059494609707332,0,,0,0,0.012187204348455636
1780724701.0,1780725301.0,16.151666666666667,4.099837056382715,31.0,12.0,-0.006229489526359798,0,,0,0,0.000906612317355686
1780752841.0,1780753441.0,104.06,13.895553245553053,167.0,162.0,-0.0033241203447788364,0,,0,0,5.25066051510726e-13
1781159821.0,1781160421.0,11.406666666666666,7.989239986103532,38.0,18.0,0.036876935769266025,0,,0,0,0.0003603465586069676
1781489281.0,1781489881.0,33.06333333333333,7.708392972742258,57.0,23.0,0.0023550620973947192,0,,0,0,2.6811004657319325e-06
1781575381.0,1781575981.0,7.31,2.7423651592497063,19.0,9.0,-0.0009492248589579284,0,,0,0,0.016654137446166478
1781635021.0,1781635621.0,3.8783333333333334,2.0248943731025135,10.0,2.0,-0.0030483695788043864,0,,0,0,0.07527591595643339
1781496481.0,1781497081.0,11.706666666666667,4.28765151983642,23.0,12.0,0.014884874680207444,0,,0,0,0.006846849393062845
1781543341.0,1781543941.0,6.275,2.5741098785146423,15.0,4.0,-0.002133089258581278,0,,0,0,0.026829348619048652
1781136601.0,1781137201.0,236.77666666666667,15.508603705327209,281.0,241.0,0.011769199358886805,0,,0,0,7.323811942017836e-24
1780830961.0,1780831561.0,9.285,2.9620558738821927,18.0,6.0,-0.0019021441726227149,0,,0,0,0.014128545185576252
1781407021.0,1781407621.0,5.138333333333334,2.3725929322625534,16.0,10.0,-0.0015650321250892322,0,,0,0,0.03990809630351434
1780751581.0,1780752181.0,278.52666666666664,106.7355733681242,458.0,323.0,0.369913305314737,0,,0,0,2.7308029492946053e-40
1781649241.0,1781649841.0,3.11,1.8738285229266134,12.0,7.0,-0.0010009472248534044,0,,0,0,0.08016962991573866
1781203741.0,1781204341.0,5.665,2.523114807798752,15.0,6.0,-0.004448095689154685,0,,0,0,0.03331966925074105
1780864441.0,1780865041.0,7.33,2.77808687169186,19.0,7.0,-0.002860674612985036,0,,0,0,0.013768454918888947
1780709641.0,1780710241.0,13.22,4.098568855913814,30.0,15.0,-0.00992063866844075,0,,0,0,0.0017521181786673428
1780957501.0,1780958101.0,5.463333333333333,2.453294836654485,14.0,11.0,0.00035055652932368387,0,,0,0,0.06590833416398832
1780929361.0,1780929961.0,7.25,2.6534568647960595,18.0,6.0,-8.327800910557766e-05,0,,0,0,0.015802449364706088
1780877461.0,1780878061.0,9.655,3.147375891119457,20.0,6.0,-0.003926038683440784,0,,0,0,0.008801733263418366
1780846261.0,1780846861.0,8.415,3.07236743679311,20.0,13.0,-0.00047019575054376095,0,,0,0,0.01814541295823154
1781490661.0,1781491261.0,7.486666666666666,3.074056314094168,19.0,7.0,0.007321187003297239,0,,0,0,0.013511670846067995
1781602261.0,1781602861.0,4.275,2.0630176118168904,12.0,6.0,0.0012118089216914506,0,,0,0,0.06907309382029347
1780897681.0,1780898281.0,11.088333333333333,3.3551746932495514,22.0,14.0,-0.00028163967122130795,0,,0,0,0.011059703675197033
1781277241.0,1781277841.0,7.908333333333333,2.8284148485601537,19.0,10.0,-0.0022803674454651207,0,,0,0,0.017703677599020647
1781171401.0,1781172001.0,6.373333333333333,2.519382640427787,15.0,5.0,-0.0009498915274764637,0,,0,0,0.029355366892485475
1781586121.0,1781586721.0,5.596666666666667,3.158162264496378,15.0,2.0,0.010649196247767355,0,,0,0,0.022530177168892437
1781229421.0,1781230021.0,4.49,2.1486197119701447,13.0,2.0,0.0012991147197631107,0,,0,0,0.03829949280570727
1781151541.0,1781152141.0,8.505,2.894242848599037,19.0,7.0,-0.0005364737124269906,0,,0,0,0.012935191823285128
1781468161.0,1781468761.0,3.715,1.8807201634834816,10.0,5.0,0.0010075861321837002,0,,0,0,0.09899863927277336
1781471701.0,1781472301.0,3.0416666666666665,1.8092163742595546,11.0,2.0,0.0005822516173656035,0,,0,0,0.06387875329529318
1780815901.0,1780816501.0,15.093333333333334,3.961643878773333,27.0,18.0,-0.002567451576254376,0,,0,0,0.004202139675060756
1781066581.0,1781067181.0,4.9783333333333335,2.306049411632129,12.0,8.0,0.0005658071272420176,0,,0,0,0.07910045127344276
1781408401.0,1781409001.0,3.486666666666667,1.8027263303735879,10.0,3.0,-7.138908719190775e-05,0,,0,0,0.0843353500951279
1780862701.0,1780863301.0,9.21,2.9038881980315057,20.0,15.0,0.0021753393759427224,0,,0,0,0.021173572525910112
1780838581.0,1780839181.0,17.1,10.042410069301093,46.0,21.0,0.04749090969697138,0,,0,0,5.450014862534054e-05
1781112241.0,1781112841.0,6.535,2.49575138986238,15.0,3.0,-0.0016619768388245596,0,,0,0,0.024208729185602126
1780844161.0,1780844761.0,12.501666666666667,3.884155492367535,26.0,12.0,0.006288211911699756,0,,0,0,0.0033979141971170698
1780761001.0,1780761601.0,44.56666666666667,7.137148512458522,70.0,45.0,-0.011469587415520592,0,,0,0,6.61070759076093e-07
1781481061.0,1781481661.0,3.973288814691152,2.0968107673437086,13.0,4.0,0.000929781705956372,0,,0,0,0.047220076097587264
1780771201.0,1780771801.0,14.655,3.915266061627656,32.0,13.0,-0.001102975286042439,0,,0,0,0.0008631958269024247
1781452801.0,1781453401.0,4.03,2.078244451454159,13.0,3.0,-0.00040900113611426557,0,,0,0,0.04301966039658851
1780836241.0,1780836841.0,6.956666666666667,2.7008866856809983,16.0,6.0,0.003923122008672247,0,,0,0,0.024947789305426904
1780729141.0,1780729741.0,22.64666666666667,5.092657023161442,39.0,17.0,0.008927969244359029,0,,0,0,0.0001660450320258958
1780759321.0,1780759921.0,76.63,9.96291958547627,108.0,65.0,-0.03121414226150632,0,,0,0,1.4669840268559163e-10
1781372221.0,1781372821.0,4.583333333333333,2.1110160797324324,12.0,4.0,-0.001491504143067061,0,,0,0,0.05683252325433209
1781325601.0,1781326201.0,3.8333333333333335,1.9711812589296693,11.0,2.0,-0.0023970066583518324,0,,0,0,0.061193364738322
1781419081.0,1781419681.0,3.6883333333333335,2.1247424680547886,11.0,7.0,0.0044884846902352475,0,,0,0,0.09517583671716438
1781114341.0,1781114941.0,6.573333333333333,2.537969442071533,15.0,6.0,0.0006280573001591664,0,,0,0,0.03186742133315882
1781137141.0,1781137741.0,239.60333333333332,15.438997880547674,292.0,235.0,-0.0018817830049527218,0,,0,0,2.9753690303801956e-25
1781134381.0,1781134981.0,37.428333333333335,21.600421227888642,104.0,87.0,0.1121760616001711,0,,0,0,1.3570233563714781e-08
1781265481.0,1781266081.0,3.215,1.7536937208836287,9.0,5.0,0.0004991402753896552,0,,0,0,0.1243357284619395
1781123881.0,1781124481.0,4.1883333333333335,2.099888224538524,14.0,4.0,0.0014003094453040133,0,,0,0,0.03761597446246704
1781293561.0,1781294161.0,35.965,6.449065177734418,58.0,42.0,-0.010526557018213966,0,,0,0,1.1884410446952144e-05
1780776121.0,1780776721.0,10.886666666666667,3.274215767002671,22.0,13.0,-0.0017612271145197697,0,,0,0,0.010195378301270836
1781454541.0,1781455141.0,3.515,1.816528282191059,11.0,5.0,0.00010108361412114548,0,,0,0,0.08147490173006783
1781135761.0,1781136361.0,251.81469115191987,16.37388850898322,310.0,259.0,0.0028752442572093024,0,,0,0,2.6073938631300516e-26
1781308801.0,1781309401.0,7.484140233722871,2.7377285261396307,18.0,7.0,-0.00041012385176462577,0,,0,0,0.017104388792081975
1780822201.0,1780822801.0,7.398333333333333,2.776027837676624,16.0,5.0,-0.001248253467370743,0,,0,0,0.022180480516338915
1781483581.0,1781484181.0,3.3716666666666666,1.8267084849227828,11.0,7.0,-0.001378309384192738,0,,0,0,0.09754260008564444
1780945081.0,1780945681.0,7.008333333333334,2.69720791848822,15.0,7.0,-0.003088869691304697,0,,0,0,0.034019740793290544
1781426041.0,1781426641.0,3.2733333333333334,1.8308346609007475,9.0,5.0,-0.0017089491915255317,1,644.0,1,0,0.12369980602961182
1780925221.0,1780925821.0,11.063333333333333,3.250023931535821,21.0,10.0,-0.00010277806327239935,0,,0,0,0.009534611850831503
1780823821.0,1780824421.0,15.196666666666667,8.346934899843308,39.0,30.0,0.0404781679949111,0,,0,0,0.0007364250587527099
1780945981.0,1780946581.0,6.27,2.6433123160156464,16.0,8.0,0.0003251675699099186,0,,0,0,0.03112052170943406
1781645101.0,1781645701.0,2.3956594323873124,1.637024008237587,9.0,1.0,-0.0001902134498081933,0,,0,0,0.09210337165966558
1781480221.0,1781480821.0,3.4633333333333334,1.9197193081860227,10.0,4.0,0.001341503726399243,0,,0,0,0.0917294106007778
1780778881.0,1780779481.0,10.465,3.123903807738004,21.0,11.0,-0.002062422395617772,0,,0,0,0.01084595065386269
1780835521.0,1780836121.0,8.256666666666666,2.9287293414645807,19.0,11.0,0.0002185561626560156,0,,0,0,0.019040640185515295
1780866721.0,1780867321.0,9.205,3.2098247615718836,24.0,2.0,0.003866205183903277,0,,0,0,0.002493397818678835
1781356501.0,1781357101.0,70.05666666666667,10.073237921454165,101.0,69.0,-0.026313850871807893,0,,0,0,1.4522854350861196e-09
1780835401.0,1780836001.0,7.971666666666667,3.066082824857947,19.0,7.0,0.002779591054419597,0,,0,0,0.013195540550139054
1781070061.0,1781070661.0,6.1466666666666665,2.4620768107884494,15.0,3.0,-0.0018416162267117385,0,,0,0,0.024703351839413655
1781098381.0,1781098981.0,12.215,4.688152621235789,30.0,6.0,-0.017263242397895534,0,,0,0,0.0007640967051717802
1781148901.0,1781149501.0,10.42,3.2858687334300702,21.0,14.0,-0.00044244567346019595,0,,0,0,0.014334012784921685
1781183761.0,1781184361.0,5.7283333333333335,2.4949009109693225,16.0,9.0,0.0007398631662865734,0,,0,0,0.03522715421799484
1781273701.0,1781274301.0,6.195,2.540401871095726,15.0,8.0,0.00045869571859921026,0,,0,0,0.03901263681520684
1781522701.0,1781523301.0,7.931666666666667,3.1559991374453125,20.0,16.0,0.005937044269567417,0,,0,0,0.024513478748378923
1781206441.0,1781207041.0,5.4,2.233830790368868,13.0,4.0,9.0889141358725e-05,0,,0,0,0.0438876982861807
1781512801.0,1781513401.0,14.623333333333333,3.902322670182749,31.0,13.0,-0.0005461126280906314,0,,0,0,0.0010846675301972942
1781376061.0,1781376661.0,4.273333333333333,2.1421069586326036,11.0,4.0,0.004614235039541774,0,,0,0,0.07120974448838535
1781408761.0,1781409361.0,3.3916666666666666,1.7790251700174329,13.0,5.0,-0.0011026419517832034,0,,0,0,0.053761707803137326
1781437561.0,1781438161.0,7.305,2.993655791837131,18.0,6.0,0.005947044297345274,0,,0,0,0.015560490262063686
1781443921.0,1781444521.0,4.9366666666666665,2.296226372889998,15.0,8.0,0.0020766724352012083,0,,0,0,0.041815908262936616
1780832161.0,1780832761.0,7.798333333333333,2.851490351065951,17.0,10.0,-0.0006405851127364323,0,,0,0,0.027694808389300274
1780767901.0,1780768501.0,18.495,4.447093620182362,31.0,21.0,-0.0014968652690701958,0,,0,0,0.001876167395820781
1780740001.0,1780740601.0,13.713333333333333,3.880011454736814,26.0,10.0,0.007905799738332608,0,,0,0,0.0026446217509442523
1780957621.0,1780958221.0,5.503333333333333,2.4684655602665844,14.0,8.0,0.0011168919913666457,0,,0,0,0.050203499705671145
1781454241.0,1781454841.0,3.5116666666666667,1.8348107683234134,11.0,4.0,-0.00041414003927788977,0,,0,0,0.07457646676915329
1781260081.0,1781260681.0,3.6416666666666666,1.921786639793525,11.0,4.0,0.00041958449884583256,0,,0,0,0.07390184268940758
1780708621.0,1780709221.0,23.268333333333334,4.913891589723521,39.0,22.0,-0.009191886644129581,0,,0,0,0.0002611060446861314
1781258221.0,1781258821.0,3.316666666666667,1.8274906900507653,11.0,4.0,-0.0005203347787077245,0,,0,0,0.07527279735791313
1780877881.0,1780878481.0,8.536666666666667,2.9914303527836905,20.0,7.0,-0.001506726407573363,0,,0,0,0.010286395861908427
1781079061.0,1781079661.0,4.583333333333333,2.2270433813067543,11.0,7.0,0.0008776691046363967,0,,0,0,0.09106190896534236
1781375821.0,1781376421.0,3.558333333333333,1.8814703174792726,10.0,6.0,0.0013806427240075686,0,,0,0,0.10859667118033034
1781595001.0,1781595601.0,3.3,1.8284784202536637,9.0,2.0,-0.0003041119558665412,0,,0,0,0.0957495616888791
1781174641.0,1781175241.0,6.491666666666666,2.5819754495777496,16.0,4.0,0.0001080280778557656,0,,0,0,0.021274431358288617
1781372101.0,1781372701.0,4.793333333333333,2.2031694341460795,12.0,5.0,-0.001474004094455823,0,,0,0,0.061356697695846146
1781349301.0,1781349901.0,5.181666666666667,2.3864891693773838,13.0,7.0,0.0038158717107547526,0,,0,0,0.05787634953265872
1781527981.0,1781528581.0,10.845,3.557289464372183,24.0,7.0,0.0005163625454515092,0,,0,0,0.0036482730686483323
1781285881.0,1781286481.0,12.213333333333333,3.8372501728306543,32.0,9.0,-0.005984683290786921,0,,0,0,0.0006680849235826464
1781117941.0,1781118541.0,4.7283333333333335,2.083553988314731,13.0,1.0,0.0001810282806341128,0,,0,0,0.034617699446816655
1781146921.0,1781147521.0,14.44,3.8651951222846863,26.0,13.0,-0.003982733285370262,0,,0,0,0.003394662222480496
1781634241.0,1781634841.0,4.261666666666667,2.114205261768329,14.0,4.0,0.0024412567812688397,0,,0,0,0.037463611580795204
1781474881.0,1781475481.0,2.8516666666666666,1.82656249702975,10.0,3.0,1.5916710879755704e-05,0,,0,0,0.0867527758848664
1780907461.0,1780908061.0,9.556666666666667,3.759892137932801,24.0,9.0,-0.012696368601023906,0,,0,0,0.004668858478103516
1781114761.0,1781115361.0,6.726666666666667,2.4715627085352745,14.0,6.0,0.0003896121933672017,0,,0,0,0.03945223835550659
1780857601.0,1780858201.0,6.748333333333333,2.7291629770967427,18.0,9.0,-0.00017441715115875064,0,,0,0,0.021391604031589132
1781644681.0,1781645281.0,5.898333333333333,5.857302896574687,25.0,2.0,-0.024744374289928584,0,,0,0,0.00212240594004463
1781295181.0,1781295781.0,24.963333333333335,5.456676847882988,41.0,22.0,-0.01040852891258029,0,,0,0,0.00014937299549688823
1780862101.0,1780862701.0,8.066666666666666,2.939198681424733,19.0,10.0,-0.0025603404453901283,0,,0,0,0.017493787138992994
1781105221.0,1781105821.0,11.706666666666667,3.762174312223658,25.0,17.0,0.008772635479542993,0,,0,0,0.007152777204422201
1780915801.0,1780916401.0,11.68,3.505367313135672,25.0,17.0,0.0010255584043289013,0,,0,0,0.007231949761713416
1781319481.0,1781320081.0,13.07,3.6329648131152243,27.0,10.0,-0.007309075858544065,0,,0,0,0.0021991026603750525
1780818481.0,1780819081.0,12.3,3.4132096331752027,22.0,11.0,0.002430784529957014,0,,0,0,0.007825579674465042
1781562721.0,1781563321.0,5.22,2.329864087595383,14.0,2.0,0.000340834280095224,0,,0,0,0.029504846949865982
1781591461.0,1781592061.0,3.635,1.9845507468106391,11.0,5.0,0.0013865316292545257,0,,0,0,0.08055220569645012
1780718101.0,1780718701.0,32.96666666666667,15.432613374135814,77.0,53.0,0.06105250292361923,0,,0,0,3.790067808374484e-07
1781538601.0,1781539201.0,6.798333333333333,2.563395642935796,16.0,7.0,-0.0004536957047102944,0,,0,0,0.027729730948056017
1780800241.0,1780800841.0,27.82,6.836490327646197,49.0,20.0,-0.024817513381981644,0,,0,0,1.657603830424965e-05
1781284501.0,1781285101.0,13.845,3.6766345571278447,25.0,16.0,-0.0015548654301817582,0,,0,0,0.00586788549228475
1781364061.0,1781364661.0,6.963333333333333,2.6693299200777374,20.0,8.0,-0.0012012811146697598,0,,0,0,0.012368987892629182
1781517601.0,1781518201.0,19.761666666666667,5.9532789751157775,38.0,28.0,-0.021769866027405656,0,,0,0,0.0006649933530317166
1780913401.0,1780914001.0,9.305,3.192487274837599,21.0,8.0,0.00334864819068943,0,,0,0,0.008630161029881601
1781641741.0,1781642341.0,2.7866666666666666,1.7467557229205106,11.0,2.0,-0.0002850007916688687,0,,0,0,0.0647904954349516
1781474461.0,1781475061.0,3.0083333333333333,1.8925108248626274,11.0,5.0,-0.0012474756874324665,0,,0,0,0.08317423836715934
1780823641.0,1780824241.0,9.811666666666667,4.808970495045922,27.0,17.0,0.01712546423740066,0,,0,0,0.004816073045489326
1780873441.0,1780874041.0,12.533333333333333,3.517416981567898,27.0,16.0,0.006306739740943731,0,,0,0,0.004015070913474441
1781593561.0,1781594161.0,5.621666666666667,2.3047481183176806,15.0,2.0,-0.0012484756902102518,0,,0,0,0.023226734265112278
1781439541.0,1781440141.0,17.83,4.2958623503708,32.0,14.0,0.0011109475304097941,0,,0,0,0.0007984102050377284
1780784521.0,1780785121.0,12.426666666666666,3.6612323365531205,25.0,8.0,-0.005209903360842673,0,,0,0,0.002946644377343386
1781316181.0,1781316781.0,15.458333333333334,5.556521443813167,33.0,19.0,0.020510084750235417,0,,0,0,0.0011008524192209156
1780801141.0,1780801741.0,12.568333333333333,3.736129533205305,27.0,13.0,-0.007036380656612955,0,,0,0,0.0029884168125124755
1781519761.0,1781520361.0,6.581666666666667,2.6217037505323812,17.0,5.0,-0.00033352870424640775,0,,0,0,0.018599072449085548
1781107081.0,1781107681.0,13.758333333333333,3.844901024589435,26.0,16.0,0.00539370942697061,0,,0,0,0.004674472146317511
1780827601.0,1780828201.0,9.256666666666666,3.038769853447645,20.0,18.0,0.0016115600321112027,0,,0,0,0.027792886166781657
1781649901.0,1781650501.0,4.776666666666666,2.69322400768216,18.0,3.0,0.00698646385128848,0,,0,0,0.013445938109672543
1780837141.0,1780837741.0,6.091666666666667,2.4310348733729747,16.0,3.0,-0.001824143955955444,0,,0,0,0.01987146541324486
1781397361.0,1781397961.0,3.765,2.001609768827747,13.0,3.0,-0.0017253659037941864,0,,0,0,0.043690960428586154
1781152141.0,1781152741.0,8.73,3.2016297932979905,21.0,11.0,0.0036422878952441567,0,,0,0,0.011784758839740145
1780719601.0,1780720201.0,21.868333333333332,5.331134703064839,44.0,17.0,-0.01377239936777605,0,,0,0,5.5126893151656306e-05
1781600461.0,1781601061.0,4.016666666666667,2.0606768035984895,12.0,2.0,0.002002894452484591,0,,0,0,0.04881443401366339
1781419321.0,1781419921.0,4.476666666666667,2.2626213902364567,13.0,6.0,0.0031273420203945016,0,,0,0,0.05492840075112418
1781351041.0,1781351641.0,5.941666666666666,2.4231378875792897,15.0,6.0,-0.00223258953497093,0,,0,0,0.03299713673092609
1780928641.0,1780929241.0,7.31,2.7111928494053434,17.0,8.0,0.0006931130364250886,0,,0,0,0.023672579731197532
1780825561.0,1780826161.0,11.48,3.3817549684544956,25.0,8.0,-0.0042415673376870675,0,,0,0,0.0031221795118953136
1781209141.0,1781209741.0,15.395,4.257030459526139,30.0,16.0,-0.009832943980399935,0,,0,0,0.0017182525186588138
1780958041.0,1780958641.0,5.31,2.4441562961480185,13.0,1.0,-0.001785171625476737,0,,0,0,0.033214279206664823
1780819021.0,1780819621.0,23.38,6.407464397091879,41.0,11.0,0.011151086530795905,0,,0,0,5.460254190640565e-05
1780813681.0,1780814281.0,10.528333333333334,4.325412953952746,30.0,19.0,0.013410898363606568,0,,0,0,0.0029083829218444447
1781391361.0,1781391961.0,4.92,2.297157664012928,16.0,1.0,-0.0017118380884391428,0,,0,0,0.01754186118025741
1781561881.0,1781562481.0,5.738333333333333,2.340198828210021,16.0,9.0,-0.004547707076964111,0,,0,0,0.03541023027936505
1781581921.0,1781582521.0,4.088333333333333,1.9992991827693578,11.0,2.0,0.0008306411962255409,0,,0,0,0.06040303848901136
1781163841.0,1781164441.0,12.846666666666666,3.6216693511264784,26.0,10.0,-0.003328342578729383,0,,0,0,0.0027887896214509557
1781597821.0,1781598421.0,3.61,1.941966357415425,11.0,3.0,0.0019296164711568606,0,,0,0,0.06768245186049118
1781576221.0,1781576821.0,5.548333333333333,2.3468412577097943,14.0,5.0,-0.0010203083897455262,0,,0,0,0.038269844644175544
1781166841.0,1781167441.0,30.035,20.071881866598027,97.0,12.0,-0.10363470454084599,0,,0,0,7.926858210414065e-11
1780956481.0,1780957081.0,7.267111853088481,2.943332949894211,17.0,6.0,0.001715197312502291,0,,0,0,0.019512413298307055
1781574601.0,1781575201.0,7.348333333333334,2.726474626489102,17.0,7.0,-0.002419256720157551,0,,0,0,0.021511793620356327
1780717441.0,1780718041.0,9.653333333333334,3.11819748501527,20.0,2.0,-0.0008775024375067668,0,,0,0,0.006032933413315484
1781340361.0,1781340961.0,7.96,2.8760621226484893,18.0,8.0,-0.0022688951913755395,0,,0,0,0.018255990580803724
1781405581.0,1781406181.0,3.665,1.9560440519920133,13.0,2.0,0.002133255925710904,0,,0,0,0.040131982909493304
1781365441.0,1781366041.0,6.601666666666667,2.6031385970699974,18.0,3.0,8.347245409013877e-05,0,,0,0,0.012327172862225618
1781178001.0,1781178601.0,13.533333333333333,4.577359743588243,28.0,5.0,-0.015231153419870578,0,,0,0,0.0010268343574574225
1781604481.0,1781605081.0,4.601666666666667,2.1740125472396783,12.0,6.0,-0.000991974977708269,0,,0,0,0.06776132247828524
1781462701.0,1781463301.0,2.9516666666666667,1.7308949194628258,11.0,2.0,-0.00047336242600673993,0,,0,0,0.06432770452854178
1780754761.0,1780755361.0,810.37,75.92423701734951,964.0,631.0,-0.3935024819513379,0,,0,0,2.275859644356174e-88
1780961341.0,1780961941.0,8.623333333333333,3.2921303470886785,19.0,12.0,0.006387073297425819,0,,0,0,0.020258767082131705
1781123461.0,1781124061.0,4.031772575250836,2.041540306859545,11.0,2.0,-0.0010897678251157912,0,,0,0,0.060472763499316955
1780857061.0,1780857661.0,6.505,2.5683928178272626,17.0,9.0,0.0002749729860360746,0,,0,0,0.027164469659794428
1781472661.0,1781473261.0,3.473333333333333,1.8989353742440938,11.0,2.0,0.0010466695740821476,0,,0,0,0.06239810579328683
1780711021.0,1780711621.0,10.821666666666667,3.2598359706518294,22.0,7.0,-0.005119430887308036,0,,0,0,0.005798622463665331
1781335681.0,1781336281.0,6.401666666666666,2.695736860715864,16.0,7.0,-0.004399373331592585,0,,0,0,0.028132695842666137
1781147821.0,1781148421.0,12.131666666666666,3.5053764261329894,22.0,15.0,-0.0008889191358865,0,,0,0,0.011476929753645195
1781297161.0,1781297761.0,19.153333333333332,4.405657978352634,34.0,21.0,0.00012038922330338964,0,,0,0,0.0009223689004357934
1781547181.0,1781547781.0,7.741666666666666,2.834595307192114,19.0,9.0,0.0024522568118244773,0,,0,0,0.016247607534201805
1781325001.0,1781325601.0,5.008333333333334,2.281431689872733,12.0,8.0,0.0001696949158192051,0,,0,0,0.07905909571858506
1781254801.0,1781255401.0,4.773333333333333,2.286618075285469,14.0,2.0,-0.000896113600315561,0,,0,0,0.03020041220170876
1780704301.0,1780704901.0,12.411666666666667,3.5457294344354904,25.0,10.0,0.001593754427095624,0,,0,0,0.0035823556084860083
1781110381.0,1781110981.0,7.748333333333333,2.8922304925821907,18.0,4.0,-0.0004143622621173877,0,,0,0,0.012660271320039043
1781352121.0,1781352721.0,5.035,2.2576776415895456,14.0,5.0,0.0005874738540940365,0,,0,0,0.03935551103190958
1781452681.0,1781453281.0,4.038333333333333,1.961342369115828,13.0,5.0,0.00020880613557259514,0,,0,0,0.0517961889300243
1781049301.0,1781049901.0,6.926666666666667,2.7990395178028877,18.0,10.0,0.005337837087078762,0,,0,0,0.02321894507169897
1780767781.0,1780768381.0,18.75,4.427282838641928,31.0,16.0,-0.0015755599321109204,0,,0,0,0.0011512091016790816
1780859401.0,1780860001.0,6.8933333333333335,2.6879897486577007,18.0,9.0,0.0002428340078722425,0,,0,0,0.02127261547733518
1781311501.0,1781312101.0,4.526666666666666,2.0742763128913713,12.0,4.0,6.961130447584514e-05,0,,0,0,0.05705996209971554
1781366581.0,1781367181.0,5.823333333333333,2.514383069904469,14.0,2.0,0.001509115303098064,0,,0,0,0.028457183747377258
1781469181.0,1781469781.0,5.248333333333333,2.2832718969837025,13.0,2.0,-0.0027437020658390788,0,,0,0,0.03674301426942464
1780928101.0,1780928701.0,7.916666666666667,2.8640976861056178,17.0,5.0,-0.0025318403662232462,0,,0,0,0.017259962113831146
1781440801.0,1781441401.0,10.818333333333333,4.210937807926189,26.0,7.0,-0.01400834446762353,1,700.0,1,0,0.002268401092495012
1780915021.0,1780915621.0,9.69,3.1859953965231442,20.0,17.0,0.0011047808466134652,0,,0,0,0.024662153446415282
1781209021.0,1781209621.0,16.346666666666668,4.354670545007458,34.0,12.0,-0.010043805677237987,0,,0,0,0.00045084713997799007
1781502241.0,1781502841.0,4.615,2.1924358599512095,13.0,11.0,-7.497243047897777e-05,0,,0,0,0.08530382838373841
1781450761.0,1781451361.0,4.323333333333333,2.1202489371664726,14.0,5.0,-0.0006764463234620112,0,,0,0,0.04093012979660946
1781195881.0,1781196481.0,10.741666666666667,3.405622393761365,27.0,10.0,-0.0036098711385309495,0,,0,0,0.0024918655905901347
1781127181.0,1781127781.0,4.285,2.069728243030954,12.0,4.0,-0.0012383089953027621,0,,0,0,0.05772419720693482
1780800301.0,1780800901.0,26.336666666666666,6.854194984743933,47.0,19.0,-0.026111405865016306,0,,0,0,2.5513821371648103e-05
1780807981.0,1780808581.0,15.308333333333334,3.9174733211883166,29.0,11.0,-0.003707371409365032,0,,0,0,0.001361132133929505
1781436421.0,1781437021.0,7.793333333333333,3.0145130434099783,23.0,7.0,-0.005628404523345905,0,,0,0,0.005432941962185781
1781459521.0,1781460121.0,4.901666666666666,2.127282434364454,13.0,2.0,0.0016742546507073624,0,,0,0,0.03757641310423894
1781601481.0,1781602081.0,3.966666666666667,2.126551721031544,13.0,2.0,-0.0007751132642035111,0,,0,0,0.03930849402822335
1781375701.0,1781376301.0,3.4516666666666667,1.7797932152047578,10.0,1.0,-0.0003915288653579592,0,,0,0,0.0708915782708668
1781503861.0,1781504461.0,6.163333333333333,2.667706047441426,15.0,5.0,0.004220011722254792,0,,0,0,0.029494962166108554
1780932721.0,1780933321.0,7.328333333333333,2.874113873101683,19.0,8.0,0.003627148964302687,0,,0,0,0.01507321714006045
1781622421.0,1781623021.0,7.638333333333334,2.775043042709228,16.0,12.0,0.003441315114764217,0,,0,0,0.04188163356390917
1781438701.0,1781439301.0,5.765,2.4144927003410053,18.0,6.0,-0.0009844194011650105,0,,0,0,0.017154466364379138
1781415481.0,1781416081.0,3.091666666666667,1.7117039918033596,9.0,2.0,-0.00020819502276395388,0,,0,0,0.09704500882873754
1781507821.0,1781508421.0,8.728333333333333,3.2707589163508963,19.0,9.0,0.0029736471490198688,0,,0,0,0.015225752881620308
1780809661.0,1780810261.0,19.016666666666666,4.76197321379372,35.0,15.0,-0.006307906410851132,0,,0,0,0.0004122729532996275
1781113921.0,1781114521.0,6.215,2.5492695032106747,14.0,5.0,0.000989086080794663,0,,0,0,0.036786040164050064
1780868341.0,1780868941.0,7.273333333333333,2.7359256000280583,16.0,8.0,-7.616687824132907e-05,0,,0,0,0.02953919287493071
1781622901.0,1781623501.0,8.561666666666667,2.925667540161656,17.0,10.0,-0.0005514181983838931,0,,0,0,0.02661041543919672
1780852321.0,1780852921.0,13.845,3.996787251447509,29.0,9.0,-0.0051934866485740154,0,,0,0,0.0012067301541886103
1781194141.0,1781194741.0,5.755,2.48629074459659,14.0,5.0,-0.0013943649843471849,0,,0,0,0.03769796863492443
1781203321.0,1781203921.0,7.433333333333334,2.6737406173540634,18.0,6.0,-0.00298928608135023,0,,0,0,0.015648350990776463
1781537401.0,1781538001.0,6.286666666666667,2.5621258534445355,18.0,8.0,0.0015714488095800235,0,,0,0,0.02005369707875651
1781282041.0,1781282641.0,15.09,3.8710765083285725,27.0,11.0,-0.003491787477187457,0,,0,0,0.0021668422110739946
1781580061.0,1781580661.0,3.953333333333333,1.9607368229542914,11.0,2.0,-0.001102614173928255,0,,0,0,0.060871639037441784
1781386561.0,1781387161.0,5.366666666666666,2.3012074125457604,17.0,5.0,-0.001483281898005276,0,,0,0,0.01998022688187496
1780956361.0,1780956961.0,7.180300500834725,2.9397192312272207,17.0,8.0,0.0005156753574814593,0,,0,0,0.02362215624527458
1781172121.0,1781172721.0,5.961666666666667,2.4691828382865633,14.0,6.0,0.0008929191469976387,0,,0,0,0.04093397077380543
1781426461.0,1781427061.0,3.453333333333333,1.8711375031128938,11.0,5.0,0.0022218950608196195,1,224.0,1,0,0.08155094643209634
1781367121.0,1781367721.0,5.848333333333334,2.3682617863928996,14.0,8.0,-0.001596587768299354,0,,0,0,0.04956473087531192
1781426341.0,1781426941.0,3.275,1.8518571759182725,11.0,1.0,0.001148030966752687,1,344.0,1,0,0.057676918936224654
1780717921.0,1780718521.0,23.361666666666668,15.068649482359797,65.0,27.0,0.06951688754690986,0,,0,0,7.882974782475307e-07
1781300941.0,1781301541.0,17.255,4.398481745632994,31.0,15.0,3.463898510826607e-05,0,,0,0,0.0011290733326658714
1781259121.0,1781259721.0,3.915,2.006101110778484,13.0,4.0,-0.0001428059522387573,0,,0,0,0.04750728059862755
1781393161.0,1781393761.0,3.8233333333333333,2.0179500048866976,11.0,5.0,0.0022123950344306496,0,,0,0,0.0797630593877729
1781159941.0,1781160541.0,14.846666666666666,8.720846034391133,39.0,25.0,0.041314948097078044,0,,0,0,0.0004586523015083896
1781493961.0,1781494561.0,7.876666666666667,2.93509606127106,18.0,11.0,0.003627454520707006,0,,0,0,0.024206520233025948
1780919761.0,1780920361.0,12.25,3.4478254016118624,24.0,11.0,-0.0013033925094236235,0,,0,0,0.004994682178510179
1781167141.0,1781167741.0,11.956666666666667,4.957296530256072,28.0,12.0,-0.01943949844305123,0,,0,0,0.00213377325439128
1781067781.0,1781068381.0,8.333889816360601,3.244417842969588,19.0,5.0,0.004264841579818775,0,,0,0,0.010661879757153468
1780711501.0,1780712101.0,14.505,5.557275261612775,30.0,18.0,0.022668535190375542,0,,0,0,0.002068889780620038
1781263921.0,1781264521.0,3.1533333333333333,1.6802248526776276,9.0,2.0,-0.00020622279506331764,0,,0,0,0.09687922425628372
1781163601.0,1781164201.0,13.891666666666667,3.968618217409626,34.0,16.0,-0.004417873382981617,0,,0,0,0.0007576113420369986
1780781761.0,1780782361.0,21.72,4.926283250754738,40.0,16.0,-0.01091875255209046,0,,0,0,0.00012685887876008945
1780822561.0,1780823161.0,6.953333333333333,2.6497463190946324,17.0,4.0,-0.0012802813341148223,0,,0,0,0.016610369620780514
1781609941.0,1781610541.0,5.68,2.5451129640941286,17.0,5.0,0.005254570151583754,0,,0,0,0.0194973215590105
1781606461.0,1781607061.0,5.755,2.4748686833850395,16.0,5.0,0.0002871952422090007,0,,0,0,0.02430782806137117
1781421481.0,1781422081.0,4.358333333333333,2.0760372240293656,13.0,3.0,-0.0014528095911377566,0,,0,0,0.042350966752829
1781571781.0,1781572381.0,14.929883138564273,4.0260120601177025,29.0,16.0,-0.0029695708139537724,0,,0,0,0.0022242293387782384
1781134861.0,1781135461.0,139.21333333333334,47.472425212491046,254.0,224.0,0.2648457356825992,0,,0,0,2.581118797663171e-20
1781294581.0,1781295181.0,28.59,5.442600481387551,46.0,20.0,-0.0011281142447618017,0,,0,0,3.317915648653774e-05
1780889161.0,1780889761.0,28.91,7.057046124264741,58.0,24.0,-0.02541934838707884,0,,0,0,2.9680708629913724e-06
1781624101.0,1781624701.0,7.381666666666667,3.037981329033402,21.0,5.0,-0.005529154247650692,0,,0,0,0.00718974683409185
1781202781.0,1781203381.0,6.041666666666667,2.5026513718232684,17.0,7.0,0.0036932047033463983,0,,0,0,0.023124995593103857
1781595241.0,1781595841.0,3.3183333333333334,1.8240058174858496,9.0,0.0,0.0008739190942197087,0,,0,0,0.08039684254750191
1781265841.0,1781266441.0,3.5283333333333333,1.9224629746470772,10.0,1.0,0.0007188631079530798,0,,0,0,0.07028409245124748
1780904701.0,1780905301.0,10.6,3.548708685329543,24.0,8.0,-0.008200078333550926,0,,0,0,0.00406273967196326
1781295781.0,1781296381.0,21.106666666666666,4.821336836281913,37.0,20.0,-0.00025022291728588465,0,,0,0,0.00037949033089982486
1781605081.0,1781605681.0,4.963333333333333,2.2756659586933132,14.0,5.0,0.0005376126044794524,0,,0,0,0.03946555407837307
1781142061.0,1781142661.0,53.39333333333333,7.603636556864675,78.0,52.0,-0.01476965213792262,0,,0,0,1.3291293338654694e-07
1781180221.0,1781180821.0,6.175,2.5457890067063036,16.0,7.0,-0.0012838091216920053,0,,0,0,0.028602702264686853
1780871821.0,1780872421.0,9.008333333333333,3.2411310611506527,20.0,5.0,-0.008625551737643719,0,,0,0,0.008239357457141761
1780759081.0,1780759681.0,82.98166666666667,10.108643029056319,119.0,89.0,-0.027225103403065137,0,,0,0,8.674826395869853e-11
1780802761.0,1780803361.0,9.825,3.2646145765363075,21.0,12.0,0.003622871174642157,0,,0,0,0.012237762367776973
1781097181.0,1781097781.0,6.131666666666667,2.9082063009506203,20.0,12.0,0.006705657515715321,0,,0,0,0.018599845887197035
1781097421.0,1781098021.0,15.756666666666666,12.844614522134256,58.0,40.0,0.06381389948305413,0,,0,0,2.1195489190786135e-05
1781067121.0,1781067721.0,5.818333333333333,2.3885833783972363,16.0,10.0,0.00012636146211517118,0,,0,0,0.03860064027823422
1781198401.0,1781199001.0,9.613333333333333,4.205213695191032,22.0,9.0,-0.01576415490043029,0,,0,0,0.007182805608608969
1780725841.0,1780726441.0,12.115,3.434885975788231,23.0,18.0,-0.003362148228189527,0,,0,0,0.012217193665479837
1781494201.0,1781494801.0,8.576666666666666,3.0649832335956133,18.0,12.0,0.002856007933355364,0,,0,0,0.025550760476690356
1780831501.0,1780832101.0,8.413333333333334,2.858173464916984,17.0,11.0,-0.0003777788271634261,0,,0,0,0.029481646521537373
1781294461.0,1781295061.0,29.02166666666667,5.404738404605927,45.0,23.0,-0.0018188106078072571,0,,0,0,5.4299693650826214e-05
1781544361.0,1781544961.0,10.948333333333334,3.4884089815017707,22.0,9.0,0.006098655829599525,0,,0,0,0.006905597674935228
1781571121.0,1781571721.0,15.266666666666667,3.85645202514205,27.0,27.0,-0.006098350273195212,0,,0,0,0.009816569830235548
1781328481.0,1781329081.0,4.006666666666667,2.08325599856464,12.0,7.0,0.00040889002469451176,0,,0,0,0.07635614912069785
1781586241.0,1781586841.0,6.488333333333333,3.210378568884915,15.0,11.0,0.009378776052155703,0,,0,0,0.04936243366802306
1780707301.0,1780707901.0,13.038333333333334,3.6733541287977607,27.0,9.0,0.002287756354878777,0,,0,0,0.0019994686144395334
1780742281.0,1780742881.0,12.453333333333333,3.5666728971908195,24.0,10.0,0.0020720613112814213,0,,0,0,0.004476184839967465
1780722121.0,1780722721.0,23.191666666666666,4.965373153707136,36.0,32.0,-0.007563159897666381,0,,0,0,0.0013388561250705956
1781462941.0,1781463541.0,3.1,1.7935068069752809,11.0,5.0,0.0008096689157469858,0,,0,0,0.08311095576388028
1781138521.0,1781139121.0,207.06333333333333,23.755476327692435,263.0,175.0,-0.10460540168167166,0,,0,0,2.574919970122599e-24
1780780561.0,1780781161.0,28.648333333333333,5.986484546227629,51.0,17.0,0.014547679299109202,0,,0,0,7.841615059984435e-06
1781580181.0,1781580781.0,3.8833333333333333,1.99909701837827,11.0,7.0,-0.00039861221836727745,0,,0,0,0.09474630584668248
1781420281.0,1781420881.0,3.1816666666666666,1.74030568834584,10.0,1.0,0.0007353631537865392,0,,0,0,0.07188769788386197
1781055781.0,1781056381.0,7.145,2.7478430935311184,16.0,9.0,-0.0035479820777279828,0,,0,0,0.032588829950809264
1780922641.0,1780923241.0,18.918333333333333,4.887227969127512,36.0,14.0,-0.011891727477020792,0,,0,0,0.00029887015224262976
1780952581.0,1780953181.0,5.9,2.419366308216541,13.0,5.0,-0.0014119483665232437,0,,0,0,0.04662315183204848
1780876681.0,1780877281.0,10.424749163879598,3.223584108147115,21.0,11.0,0.0027122446191339454,0,,0,0,0.010826999206176765
1781549101.0,1781549701.0,18.815,18.48154327069757,91.0,10.0,0.039181303281398,1,1592.0,1,0,4.751934495657969e-10
1781179441.0,1781180041.0,7.026666666666666,2.668199559419964,18.0,10.0,-0.00014461151280975975,0,,0,0,0.02321799782260227
1781434141.0,1781434741.0,13.1,3.942926155365665,24.0,8.0,-0.00780768835468989,0,,0,0,0.0035331031877519395
1781432641.0,1781433241.0,5.905,2.5895897358462014,17.0,11.0,0.005634821207836691,0,,0,0,0.03362760865661642
1781104261.0,1781104861.0,7.681666666666667,2.675879398544627,21.0,8.0,0.0008796968880469197,0,,0,0,0.009538071376935738
1781603821.0,1781604421.0,6.145,2.4056825088388814,15.0,2.0,-0.0007477520770891133,0,,0,0,0.022554653100377554
1781434741.0,1781435341.0,10.515,3.2025679800226983,21.0,10.0,0.0016624212845035582,0,,0,0,0.00981505716661793
1781206081.0,1781206681.0,5.43,2.298209447954356,14.0,1.0,-0.00062377951049864,0,,0,0,0.026648969680096925
1781224261.0,1781224861.0,6.891666666666667,2.7501388853817708,16.0,3.0,-0.0020089778027161183,0,,0,0,0.018879900759303483
1781402161.0,1781402761.0,3.3066666666666666,1.8209765389909767,10.0,5.0,0.000592390534418146,0,,0,0,0.10104419364734794
1781415061.0,1781415661.0,3.28,1.8234399725061787,10.0,4.0,-0.0002498340273167422,0,,0,0,0.09280486291534944
1780859581.0,1780860181.0,6.96,2.7064860366657477,16.0,7.0,0.0015000041666782314,0,,0,0,0.02736718162745082
1781484001.0,1781484601.0,3.1766666666666667,1.790378606763261,9.0,2.0,9.944472067981985e-06,0,,0,0,0.09641185806828453
1780847581.0,1780848181.0,37.07,6.6296128594863415,59.0,48.0,-0.0014772263256286997,0,,0,0,1.5784538499391288e-05
1780735381.0,1780735981.0,12.82,3.6195211469658983,27.0,9.0,-0.006153628204522804,0,,0,0,0.002025534821774902
1781172421.0,1781173021.0,6.113333333333333,2.4994310463694647,14.0,6.0,2.0166722685339926e-05,0,,0,0,0.040591945378304586
1781208721.0,1781209321.0,17.79,4.320405073601317,34.0,19.0,0.0003749454859596892,0,,0,0,0.0008187139490564637
1781190481.0,1781191081.0,5.266666666666667,2.3879326251429753,13.0,6.0,0.00029161192114422193,0,,0,0,0.05267173054427877
1780938001.0,1780938601.0,10.63,3.29996464627527,22.0,9.0,-0.0013263370176028293,0,,0,0,0.007065847290679776
1781623201.0,1781623801.0,8.175,2.8185767685127896,17.0,8.0,-0.0017306992519423776,0,,0,0,0.022601169427092446
1781578921.0,1781579521.0,5.035,2.3022688085162137,12.0,9.0,-0.0014414206706129737,0,,0,0,0.08612422730764126
1781124961.0,1781125561.0,5.223333333333334,2.1447895519659315,14.0,4.0,0.0003047230686751887,0,,0,0,0.03572453640209051
1781600101.0,1781600701.0,3.808333333333333,2.0153404730273796,12.0,4.0,-0.00025975072152978275,0,,0,0,0.05915170772141841
1781282821.0,1781283421.0,13.588333333333333,3.6536097066995112,26.0,13.0,-0.0026798129994805406,0,,0,0,0.0035705875821888597
1781259661.0,1781260261.0,3.685,1.9703912471046625,11.0,1.0,-0.00017586159961555236,0,,0,0,0.056330838832198984
1781484301.0,1781484901.0,3.0866666666666664,1.7802122220554368,9.0,9.0,5.7944605401679566e-05,0,,0,0,0.17294780420929468
1781196481.0,1781197081.0,7.7716666666666665,2.971452600253882,17.0,6.0,-0.0034239261775727238,0,,0,0,0.019014694528328477
1781546341.0,1781546941.0,8.345,2.947763276339084,20.0,5.0,-0.002535757043769572,0,,0,0,0.008610009377804588
1781415121.0,1781415721.0,3.2083333333333335,1.7911627198244409,10.0,1.0,-0.0005631960088778037,0,,0,0,0.07166993502379111
1780744261.0,1780744861.0,11.171666666666667,3.2871766845661883,24.0,15.0,-0.0007421965061014202,0,,0,0,0.007747909205843899
1780955281.0,1780955881.0,6.5,2.6907248094147422,17.0,7.0,-0.0010731140919835883,0,,0,0,0.022454550607848036
1780743961.0,1780744561.0,11.906666666666666,3.518705570076713,24.0,13.0,-0.0023233397870549752,0,,0,0,0.0061263009351667464
1780899961.0,1780900561.0,11.755,3.861991066794433,24.0,9.0,0.007606937797049433,0,,0,0,0.004167945740863628
1780817221.0,1780817821.0,9.146666666666667,3.123324439688512,20.0,7.0,-0.0019013941705393704,0,,0,0,0.009930524346287956
1781492941.0,1781493541.0,8.701666666666666,3.158480207666691,19.0,8.0,0.003975705488070798,0,,0,0,0.013935981843793424
1781313781.0,1781314381.0,5.065,2.238476044097859,12.0,7.0,0.0001228614523929257,0,,0,0,0.07230352394036736
1781400121.0,1781400721.0,3.1533333333333333,1.8054977768533038,11.0,3.0,2.1500059722388843e-05,0,,0,0,0.06947470005637892
1781473801.0,1781474401.0,3.555,1.9434441077633287,10.0,1.0,-0.00026086183572732267,0,,0,0,0.07014481827778617
1781564281.0,1781564881.0,4.368333333333333,2.091091554401406,13.0,4.0,0.0003969177692160218,0,,0,0,0.04634725499252109
1781350921.0,1781351521.0,6.123333333333333,2.4436561860367254,15.0,3.0,-0.0018183939399831726,0,,0,0,0.024748413378526263
1781266681.0,1781267281.0,9.91,5.5553487739294996,31.0,4.0,-0.02537012602812786,0,,0,0,0.0005467844028327975
1781151721.0,1781152321.0,8.528333333333334,2.921049564036111,19.0,5.0,-0.001376364934347041,0,,0,0,0.010688712907386124
1781639761.0,1781640361.0,2.8116666666666665,1.6890422993190222,8.0,0.0,-0.0005663626843407936,0,,0,0,0.10156740745292776
1781155261.0,1781155861.0,7.175,2.7762759829190853,16.0,5.0,-0.0015728099244720086,0,,0,0,0.02242422047291564
1781164141.0,1781164741.0,12.16,3.5370986226944066,26.0,19.0,-0.0014069483526343116,0,,0,0,0.006807347942814717
1781230861.0,1781231461.0,20.21,7.737951925412822,50.0,36.0,0.023866288517468102,0,,0,0,8.606921106792065e-05
1781275261.0,1781275861.0,8.953333333333333,3.4001699303940023,20.0,16.0,0.009395526098683604,0,,0,0,0.0231086725946364
1780749601.0,1780750201.0,12.431666666666667,3.4993328729281465,23.0,10.0,-0.00133697593604429,0,,0,0,0.005628177844703263
1781165101.0,1781165701.0,20.161666666666665,7.337497113381979,39.0,10.0,-0.029345942627618415,0,,0,0,8.854907235670839e-05
1780818361.0,1780818961.0,11.795,3.325102755304463,22.0,13.0,0.0025400903891399616,0,,0,0,0.009727655776545758
1781539501.0,1781540101.0,6.526666666666666,2.6588134362698126,17.0,5.0,0.0028656746268739684,0,,0,0,0.018623675607877154
1781526361.0,1781526961.0,10.76,3.2556207805373565,24.0,9.0,-0.0024903958066550256,0,,0,0,0.004481610995958197
1781545261.0,1781545861.0,12.721666666666666,3.608905266451618,25.0,11.0,0.002396423323398114,0,,0,0,0.003869895590846004
1780933081.0,1780933681.0,7.818333333333333,2.8859424611188786,19.0,7.0,-0.001537254270150757,0,,0,0,0.013385984600384985
1781166001.0,1781166601.0,132.58333333333334,166.98394051192136,507.0,282.0,0.7882119672554646,0,,0,0,1.252402464313575e-44
1780962001.0,1780962601.0,8.581666666666667,3.0430243545233453,20.0,4.0,-0.0038976497156936528,0,,0,0,0.0077131749916974045
1781124001.0,1781124601.0,4.286666666666667,2.0771347787009127,14.0,3.0,-2.3277842438455357e-05,0,,0,0,0.0341755501584377
1781281921.0,1781282521.0,15.376666666666667,3.8364204960121646,27.0,8.0,-0.0035565098791941223,0,,0,0,0.0016072327084087398
1781452561.0,1781453161.0,4.055,1.9498653799685761,13.0,4.0,0.0005839182886619139,0,,0,0,0.047287094700534826
1780953841.0,1780954441.0,6.045,2.5158779117172334,16.0,9.0,0.0010682529673693604,0,,0,0,0.03466530349029307
1781478841.0,1781479441.0,3.2883333333333336,1.7865788224673684,9.0,4.0,-0.0005268625746182686,0,,0,0,0.11381562225970346
1781148121.0,1781148721.0,11.655,3.4989486516190356,23.0,9.0,-0.0024297567493242913,0,,0,0,0.005320629536973553
1780918741.0,1780919341.0,16.35,3.910349515495173,32.0,19.0,-0.002596673879649666,0,,0,0,0.001405180799838035
1780873921.0,1780874521.0,13.91,3.7101527371973964,27.0,22.0,-4.111122530909559e-06,0,,0,0,0.006578041021820317
1781116801.0,1781117401.0,5.381666666666667,2.3471963180687627,14.0,4.0,0.00012475034652874596,0,,0,0,0.03519031405204737
1780912321.0,1780912921.0,7.358333333333333,2.8530563533788738,21.0,8.0,-0.0007930299806388349,0,,0,0,0.009627914698486782
1781169481.0,1781170081.0,7.401666666666666,2.75021160802017,20.0,9.0,0.0004230845085680782,0,,0,0,0.01325911416007739
1780712221.0,1780712821.0,18.17,4.327173827492182,32.0,10.0,0.002568562690451902,0,,0,0,0.0005353745165548057
1781212441.0,1781213041.0,9.746666666666666,3.3802103813553117,22.0,12.0,0.0077884660790724265,0,,0,0,0.009776865866569423
1781083381.0,1781083981.0,4.898333333333333,2.189672096202737,14.0,4.0,-0.00044175122708674285,0,,0,0,0.036230050743532756
1780834801.0,1780835401.0,6.883333333333334,2.697478246230892,16.0,6.0,-0.0013664482401340025,0,,0,0,0.02504040842487177
1781424661.0,1781425261.0,4.128333333333333,2.090103001183328,11.0,2.0,0.0005588626635074016,0,,0,0,0.06009427759453991
1781269261.0,1781269861.0,3.175,1.8514071225241988,11.0,2.0,-0.00019358387106630515,0,,0,0,0.06338526454385296
1780894621.0,1780895221.0,14.54,6.149666657632753,52.0,36.0,0.022220839502331963,0,,0,0,7.72056194239047e-05
1781081101.0,1781081701.0,5.245,2.270457002455673,13.0,9.0,-0.0018059772388256598,0,,0,0,0.06928361431029623
1781068081.0,1781068681.0,10.452420701168615,3.691436190954951,25.0,13.0,0.008911755246983705,0,,0,0,0.005223992859536122
1781096761.0,1781097361.0,5.735,2.4592902092541524,14.0,2.0,-0.003695871377420496,0,,0,0,0.028637873800372422
1781594941.0,1781595541.0,3.3716666666666666,1.8303543979847787,11.0,1.0,-0.00024402845563459698,0,,0,0,0.05745847624145882
1781264341.0,1781264941.0,3.5216666666666665,1.8500983457343256,12.0,2.0,0.0008932524812568872,0,,0,0,0.05035992797050187
1780959661.0,1780960261.0,5.526666666666666,2.424037036754091,15.0,11.0,0.00305028625079514,0,,0,0,0.05315615528828096
1781557621.0,1781558221.0,4.448333333333333,2.0405874698777855,11.0,5.0,0.0008795857766271595,0,,0,0,0.07743345232650439
1780783861.0,1780784461.0,14.135,3.9631773868955196,27.0,22.0,-0.000637085103014184,0,,0,0,0.006442969145355554
1781418001.0,1781418601.0,2.9466666666666668,1.7001437847690672,9.0,3.0,-0.0004826124517012537,0,,0,0,0.10646487663957997
1781569501.0,1781570101.0,11.765,3.428766785108994,23.0,9.0,-0.0028021466726296513,0,,0,0,0.0053055962615804145
1781445901.0,1781446501.0,4.79,2.2455660014051393,12.0,7.0,-0.0007750577084936395,0,,0,0,0.07321472317193704
1781209981.0,1781210581.0,12.55,4.270928860720269,27.0,4.0,-0.0119708665857405,0,,0,0,0.0012439247800499285
1781378461.0,1781379061.0,4.13,2.0247880547520687,14.0,3.0,-0.0019703943622065598,0,,0,0,0.03450169876430209
1781206321.0,1781206921.0,5.458333333333333,2.310468326744361,14.0,6.0,-0.00018852830146750312,0,,0,0,0.042178271460874564
1781286481.0,1781287081.0,10.028333333333334,3.396694062696191,22.0,11.0,-0.0022645896238600743,0,,0,0,0.008765940927419794
1781164321.0,1781164921.0,12.093333333333334,3.5130170635635816,25.0,10.0,0.0012797257770160572,0,,0,0,0.0036442401634667974
1781376721.0,1781377321.0,7.068333333333333,2.6994438727675414,15.0,5.0,-0.002252811813366145,0,,0,0,0.02819140449097367
1781652481.0,1781653081.0,2.9583333333333335,1.7897664341720372,10.0,9.0,-0.0003278064661290716,0,,0,0,0.14364465344772426
1781202721.0,1781203321.0,5.903333333333333,2.3938787679319846,17.0,3.0,0.00196711657532382,0,,0,0,0.016078205866178936
1781588521.0,1781589121.0,4.623333333333333,2.1287215777446225,12.0,4.0,0.000985391626087848,0,,0,0,0.056689293890811704
1781425981.0,1781426581.0,3.3733333333333335,1.8404588799777324,9.0,4.0,-0.001377281603560009,1,704.0,1,0,0.11318121202723853
1781061661.0,1781062261.0,5.01,2.224837072686447,12.0,4.0,0.0005714460317945325,0,,0,0,0.055470698237824766
1781424301.0,1781424901.0,4.036666666666667,1.9812425954996584,11.0,4.0,0.00033216758935441306,0,,0,0,0.07240709854615054
1781070241.0,1781070841.0,5.925,2.450042516637892,16.0,3.0,-0.0012901424726179786,0,,0,0,0.020020565635090352
1781535841.0,1781536441.0,6.776666666666666,2.942808560240068,16.0,3.0,-0.0076414101150281,1,1100.0,1,0,0.018851011691786018
1781209621.0,1781210221.0,14.37,3.944587008378275,27.0,15.0,0.002378284384123294,0,,0,0,0.0032776732968382407
1780779121.0,1780779721.0,10.475,3.2294542882660533,20.0,15.0,0.0034443706788074386,0,,0,0,0.019659533795235037
1781493661.0,1781494261.0,7.225,2.7983998403849775,17.0,13.0,0.0001986949963749928,0,,0,0,0.03763668238871175
1780906441.0,1780907041.0,9.05,3.0893634727345805,21.0,7.0,0.0015395598321106502,0,,0,0,0.007981952587858497
1780872841.0,1780873441.0,7.691666666666666,2.952388392847767,18.0,8.0,0.0053974316595323864,0,,0,0,0.01844597204703848
1781073001.0,1781073601.0,6.191666666666666,2.477551995193822,15.0,5.0,-0.001917866438517879,0,,0,0,0.02966147748466739
1781182501.0,1781183101.0,5.363333333333333,2.344779070379316,14.0,4.0,-0.00024394512206978047,0,,0,0,0.03522462370061745
1781407861.0,1781408461.0,3.5876460767946576,1.8924101904260913,11.0,6.0,0.0001053927653575157,0,,0,0,0.08838049036478832
1781081341.0,1781081941.0,4.993333333333333,2.2700856567294743,13.0,2.0,4.2777896605268605e-06,0,,0,0,0.0372158069399383
1781279521.0,1781280121.0,9.025,2.909932702543709,20.0,12.0,0.0023795343875955056,0,,0,0,0.01612963230795882
1781479201.0,1781479801.0,3.1133333333333333,1.7646025677818284,9.0,5.0,-0.000398612218367277,0,,0,0,0.12484596619837698
1781320261.0,1781320861.0,6.248333333333333,2.6683322923170985,16.0,6.0,-0.005591543309842528,0,,0,0,0.02585667513818738
1781311081.0,1781311681.0,4.6033333333333335,2.1531346657580173,14.0,5.0,-9.583359953778101e-05,0,,0,0,0.04033467671094828
1780768621.0,1780769221.0,23.373333333333335,5.211905175226767,51.0,27.0,0.008221800616112829,0,,0,0,2.7312462442491807e-05
1781416021.0,1781416621.0,3.0033333333333334,1.7185232678733862,9.0,1.0,-0.0003108897524715361,0,,0,0,0.08933706258321297
1781051641.0,1781052241.0,5.096666666666667,2.1456907719633995,12.0,4.0,-0.0018851163475454087,0,,0,0,0.05540073467200342
1781534701.0,1781535301.0,8.456666666666667,3.320861668636955,19.0,9.0,0.006701351948199862,0,,0,0,0.015402295696932376
1780750201.0,1780750801.0,13.896666666666667,3.673688730538951,29.0,16.0,0.002405173347703737,0,,0,0,0.002373596124752244
1781426881.0,1781427481.0,16.816666666666666,16.627579165016442,59.0,29.0,0.07828510634751763,0,,0,0,4.8588640342654635e-06
1781568961.0,1781569561.0,12.771666666666667,3.634033189477254,25.0,14.0,0.00034147317075881693,0,,0,0,0.005128313024050307
1781337361.0,1781337961.0,4.9,2.1855586623714007,12.0,4.0,-0.00012327812021700244,0,,0,0,0.05583871416827065
1780718941.0,1780719541.0,31.836666666666666,5.702045441963982,52.0,26.0,0.000687890799696687,0,,0,0,1.2715342172670014e-05
1781391421.0,1781392021.0,4.968333333333334,2.3181883491688553,16.0,7.0,-0.0008909191414420662,0,,0,0,0.030586271195020658
1781224201.0,1781224801.0,7.0616666666666665,2.7418723327115155,16.0,8.0,-0.002226756185433852,0,,0,0,0.02983810953888387
1780909141.0,1780909741.0,8.311666666666667,3.007966736665964,19.0,11.0,-0.0013617537826494048,0,,0,0,0.01893324044578722
1781421841.0,1781422441.0,4.29,2.0702415318025094,14.0,6.0,0.0017985049958472094,0,,0,0,0.04499770366834839
1781406361.0,1781406961.0,4.8966666666666665,2.2838539552451445,14.0,9.0,0.0005292236922880362,0,,0,0,0.05692909874852659
1781620141.0,1781620741.0,8.626666666666667,2.9575815946291133,17.0,8.0,-0.0003850566251572937,0,,0,0,0.02199285823582869
1781088421.0,1781089021.0,4.913333333333333,2.419191784230611,14.0,8.0,0.00034227872855202487,0,,0,0,0.05172341934937154
1781062501.0,1781063101.0,4.751666666666667,2.218857939471465,13.0,5.0,0.0026417017825049525,0,,0,0,0.0496058243077162
1781123761.0,1781124361.0,4.125,2.0662465970933868,12.0,2.0,0.0009051414031705624,0,,0,0,0.04855326906253063
1781281801.0,1781282401.0,15.79,3.9655894895967227,28.0,13.0,-0.002783341064836289,0,,0,0,0.002011917270689211
1780746961.0,1780747561.0,29.293333333333333,8.703483338423888,62.0,22.0,-0.038131883699676974,0,,0,0,9.131907916824474e-07
1781624881.0,1781625481.0,8.385,3.5104759886184476,21.0,9.0,0.010659890721918674,0,,0,0,0.009811027548313164
1781545741.0,1781546341.0,10.145,3.543158901319556,22.0,7.0,-0.008540607057241833,0,,0,0,0.005933521820521695
1780826881.0,1780827481.0,9.668333333333333,3.092194025104002,20.0,8.0,-0.0023375898266384185,0,,0,0,0.010647897639932182
1781149681.0,1781150281.0,11.151666666666667,3.307868985044937,22.0,16.0,0.002109033636204546,0,,0,0,0.01333614711825725
1781185861.0,1781186461.0,4.303333333333334,2.05620740415185,10.0,3.0,0.001630060083500238,0,,0,0,0.0805136610108877
1781224561.0,1781225161.0,6.3566666666666665,2.566993485686233,14.0,6.0,-0.0016225600626668401,0,,0,0,0.04002112243021283
1780954681.0,1780955281.0,7.236666666666666,2.756928645350756,17.0,8.0,-0.0006278350773196656,0,,0,0,0.02371735745713708
1781078401.0,1781079001.0,4.473333333333334,2.1093337547407924,14.0,3.0,-0.0008067800188333907,0,,0,0,0.033828222665455765
1781460421.0,1781461021.0,4.265,2.1435426284541204,13.0,1.0,-0.002807980022166733,0,,0,0,0.03532403516867412
1781610181.0,1781610781.0,7.505,3.1727971360719973,18.0,10.0,0.009214442262339619,0,,0,0,0.022259793812126272
1781218261.0,1781218861.0,9.12,3.3345064602326584,21.0,11.0,-0.006756740990947202,0,,0,0,0.011501802902930318
1781221261.0,1781221861.0,9.775,3.5049072740944234,21.0,10.0,0.007112325312014752,0,,0,0,0.010066881637995094
1780791601.0,1780792201.0,7.905,2.9781384006344185,19.0,12.0,0.004890652474034649,0,,0,0,0.02123192309569174
1781149201.0,1781149801.0,10.591666666666667,3.234439243860089,22.0,13.0,0.0009219747832632879,0,,0,0,0.01036108917556557
1781397061.0,1781397661.0,4.6033333333333335,2.283853955245144,13.0,7.0,-0.004019788943858176,0,,0,0,0.05969472613108531
1781462341.0,1781462941.0,3.091973244147157,1.86767139528229,10.0,3.0,-0.0005505243368696205,0,,0,0,0.08568132705979513
1780824001.0,1780824601.0,21.516666666666666,8.981261356599948,48.0,23.0,0.0425092291923033,0,,0,0,3.4990133132017463e-05
1781571241.0,1781571841.0,14.783333333333333,3.7832599111818306,27.0,11.0,-0.0034100094722485388,0,,0,0,0.0022076496569729737
1781573761.0,1781574361.0,12.518333333333333,4.0999590106352155,28.0,14.0,-0.010761279892444173,0,,0,0,0.0025927431785806054
1781295961.0,1781296561.0,21.143333333333334,4.805148858834194,37.0,28.0,-0.00013477815216152443,0,,0,0,0.0008128689604557566
1780728241.0,1780728841.0,24.62,5.222285578811893,41.0,24.0,-0.007691021363948238,0,,0,0,0.00018555732784360468
1780727041.0,1780727641.0,46.156666666666666,29.65763738998027,110.0,74.0,0.12812213367259348,0,,0,0,4.794401357768116e-10
1781623021.0,1781623621.0,8.378333333333334,2.899746636441804,17.0,8.0,-0.0010361973227703376,0,,0,0,0.022309899630729393
1781653561.0,1781654161.0,4.273333333333333,2.947081418775004,18.0,8.0,0.0038593440537334866,0,,0,0,0.02182038199179534
1781426101.0,1781426701.0,3.2333333333333334,1.8089284734953512,9.0,4.0,-0.0008410023361176024,1,584.0,1,0,0.11400801289847523
1780801981.0,1780802581.0,10.73,3.3848338216225624,21.0,7.0,-0.001232003422231727,0,,0,0,0.007261050010003514
1781616001.0,1781616601.0,4.515,2.364975334614155,14.0,4.0,-0.0027738132605923905,0,,0,0,0.036670564117628354
1781076901.0,1781077501.0,5.493333333333333,2.312276415617783,15.0,7.0,-0.0006301128614246182,0,,0,0,0.037123149312166856
1781608201.0,1781608801.0,6.161666666666667,2.540773613597944,16.0,9.0,-0.002379478831885648,0,,0,0,0.034438743745012414
1781208061.0,1781208661.0,8.998333333333333,4.005204600128299,27.0,14.0,0.013419287275797987,0,,0,0,0.0038879915776151657
1780939501.0,1780940101.0,13.635,5.81478933410317,36.0,16.0,0.02018880608001689,0,,0,0,0.00045493283186314707
1780953481.0,1780954081.0,6.245,2.4876310685737413,16.0,2.0,-0.00016813935594264757,0,,0,0,0.017921786498399688
1781252401.0,1781253001.0,4.340909090909091,1.876204847051402,10.0,6.0,0.0007748934521503469,0,,0,0,0.10487824765437373
1781593861.0,1781594461.0,4.968333333333334,2.32679978129237,14.0,3.0,-0.004109039191775529,0,,0,0,0.032764202991778464
1781310361.0,1781310961.0,4.966666666666667,2.141391032846536,13.0,4.0,-4.6444573457148925e-05,0,,0,0,0.044958197602195764
1780835581.0,1780836181.0,8.188333333333333,2.934768115011625,19.0,4.0,-0.0018600329445359676,0,,0,0,0.009885668741002709
1781485141.0,1781485741.0,3.6533333333333333,1.8645344965671429,11.0,5.0,-0.0005932238700663083,0,,0,0,0.08082219361952428
1781565121.0,1781565721.0,5.025,2.2040209466639222,12.0,6.0,0.0011095864155178216,0,,0,0,0.06636330335739969
1781406421.0,1781407021.0,4.935,2.3102903857884765,14.0,9.0,0.0007315298098050255,0,,0,0,0.056772292641247474
1780764901.0,1780765501.0,25.09,5.236592403462389,42.0,30.0,-0.008692524145900419,0,,0,0,0.00025601125257610077
1781097301.0,1781097901.0,9.571666666666667,7.80479749185646,47.0,34.0,0.032294006372239926,0,,0,0,0.0002384438412203684
1781595301.0,1781595901.0,3.361666666666667,1.8612354021515447,9.0,2.0,0.0005217514493095845,0,,0,0,0.09537504623200616
1781234941.0,1781235541.0,7.26,2.6411613607148907,18.0,8.0,-0.00040911224753402154,0,,0,0,0.019061360176134797
1781234401.0,1781235001.0,7.988333333333333,2.8509993374643603,17.0,5.0,-0.003160925447015128,0,,0,0,0.017207579111934036
1781344801.0,1781345401.0,5.628333333333333,2.4249117967922507,17.0,4.0,0.0012378645496237486,0,,0,0,0.017879480852792614
1780876261.0,1780876861.0,10.038461538461538,3.281680014884543,24.0,18.0,-3.3098690740737964e-05,0,,0,0,0.010886306625332645
1780704541.0,1780705141.0,12.858333333333333,3.4551792846231426,26.0,13.0,0.00043886233017314267,0,,0,0,0.0037310057923607906
1781413621.0,1781414221.0,2.885,1.6648648593804842,10.0,5.0,-0.00016080600223889488,0,,0,0,0.1035282221971226
1780814281.0,1780814881.0,24.77166666666667,8.104907806727697,49.0,17.0,0.026038433440092875,0,,0,0,1.3821608234016343e-05
1781078101.0,1781078701.0,4.8566666666666665,2.1477404146890957,14.0,4.0,-0.001978838830107875,0,,0,0,0.03635874734432101
1780719301.0,1780719901.0,27.863333333333333,6.500358109793303,52.0,22.0,-0.021925449792916055,0,,0,0,1.0276103160478164e-05
1781211421.0,1781212021.0,8.231666666666667,2.788308427862472,20.0,9.0,0.0004813068925191461,0,,0,0,0.01270782204235709
1781132641.0,1781133241.0,5.663333333333333,2.3416494661289984,13.0,8.0,0.0012382812174478294,0,,0,0,0.06198752458181246
1781566081.0,1781566681.0,6.11,2.467367017693152,14.0,7.0,0.001532226478406883,0,,0,0,0.04453441133164083
1780903441.0,1780904041.0,13.798333333333334,3.895852138992045,27.0,17.0,0.005705654737929855,0,,0,0,0.004086388907008912
1781268301.0,1781268901.0,3.388333333333333,1.9504351366354693,11.0,5.0,0.002096644712901977,0,,0,0,0.08156920822937326
1780798861.0,1780799461.0,27.723333333333333,8.839690165510453,55.0,29.0,0.041049558470995784,0,,0,0,9.359380353223213e-06
1781474341.0,1781474941.0,3.1633333333333336,1.9339050878698492,11.0,1.0,-0.0016495045819571686,0,,0,0,0.05781162844200104
1780759441.0,1780760041.0,72.56166666666667,9.559787160578187,98.0,62.0,-0.030420001166669885,0,,0,0,1.3215080097338054e-09
1780870741.0,1780871341.0,16.60333333333333,4.040543142807523,29.0,9.0,-0.002009950027638968,0,,0,0,0.001049414626743303
1781447461.0,1781448061.0,6.678333333333334,2.7211879554505027,15.0,6.0,0.004752318756440987,0,,0,0,0.03149261912997541
1781278921.0,1781279521.0,7.151666666666666,2.659322699903534,19.0,7.0,0.001329253692371361,0,,0,0,0.013952250858809778
1781157781.0,1781158381.0,6.073333333333333,2.342638588334862,15.0,3.0,-0.0021960616557268236,0,,0,0,0.024901945350852907
1781598421.0,1781599021.0,3.9616666666666664,2.1802592863133405,12.0,3.0,-0.001810532807035574,0,,0,0,0.053350386855621684
1781109061.0,1781109661.0,8.793333333333333,2.896081644030238,20.0,10.0,-0.003003786121628123,0,,0,0,0.013525560781048211
1781228581.0,1781229181.0,4.25,2.111279233071741,11.0,9.0,0.0009668915746988248,0,,0,0,0.11019092628175561
1781215981.0,1781216581.0,25.875,6.306560737306296,43.0,35.0,0.01833607871132974,0,,0,0,0.00030362955335505284
1781152381.0,1781152981.0,10.081666666666667,3.6703765323041297,23.0,17.0,0.008395439987333284,0,,0,0,0.01218700077612598
1780930501.0,1780931101.0,7.881666666666667,2.878830298730526,19.0,5.0,0.0015816432823424478,0,,0,0,0.011054290814165372
1781079961.0,1781080561.0,5.2716666666666665,2.294456483691847,14.0,6.0,-5.83612732257599e-05,0,,0,0,0.042582462468785186
1781545141.0,1781545741.0,12.43,3.6191757809387117,25.0,11.0,0.004417512270867408,0,,0,0,0.003925108233220372
1781087701.0,1781088301.0,5.223333333333334,2.3166330932819053,13.0,4.0,-0.0012356145433737337,0,,0,0,0.04412767214119037
1781463721.0,1781464321.0,3.158333333333333,1.791627906557485,9.0,1.0,-0.0022878674662985166,0,,0,0,0.08848305540621344
1780736341.0,1780736941.0,9.826666666666666,3.038084191650316,19.0,10.0,-0.002383339953722084,0,,0,0,0.015981948659603094
1781254441.0,1781255041.0,4.67,2.2198573527744223,12.0,7.0,-0.0004977236047877861,0,,0,0,0.07369031493013846
1780868701.0,1780869301.0,7.363333333333333,2.823943263515674,16.0,3.0,0.0007916688657468402,0,,0,0,0.018396492527780563
1780927141.0,1780927741.0,8.34,2.9795525391127664,19.0,10.0,-0.00048377912160867413,0,,0,0,0.01723402366001779
1781614621.0,1781615221.0,5.118333333333333,2.3974285993307265,14.0,6.0,1.2416701157503644e-05,0,,0,0,0.042736411343963825
1781199001.0,1781199601.0,5.875,2.5144996188771502,16.0,7.0,-2.6194517207000417e-05,0,,0,0,0.02905676540686535
1781365681.0,1781366281.0,6.386666666666667,2.507420099535687,16.0,11.0,-0.002075561321003672,0,,0,0,0.04098571076148755
1781057941.0,1781058541.0,6.886666666666667,2.5949609288430957,15.0,6.0,-0.0003016675046319659,0,,0,0,0.03132093426515148
1780744021.0,1780744621.0,11.691666666666666,3.473700796301003,24.0,10.0,-0.0025677015769488237,0,,0,0,0.004665830554079357
1781259961.0,1781260561.0,3.5716666666666668,1.8968914629525386,11.0,3.0,-0.00042030672307423087,0,,0,0,0.06791196485487647
1781478121.0,1781478721.0,3.1566666666666667,1.8534981941063648,10.0,1.0,0.0024502845841238427,0,,0,0,0.0716846852240292
1781318401.0,1781319001.0,17.19333333333333,4.6237743120624835,33.0,11.0,-0.012470534640374002,0,,0,0,0.00048763157202588107
1781093641.0,1781094241.0,4.546666666666667,2.0447874108463098,11.0,3.0,-0.00010250028472301853,0,,0,0,0.06454467930901274
1781466841.0,1781467441.0,5.045,2.2846535112937074,13.0,9.0,-0.0019536443156786586,0,,0,0,0.06989739485069799
1781463961.0,1781464561.0,2.9883333333333333,1.7092485353381337,8.0,5.0,0.0004148622635062861,0,,0,0,0.15284963171497526
1780785181.0,1780785781.0,9.698333333333334,3.138045658615495,20.0,13.0,-0.0025737571493254217,0,,0,0,0.01699308076433771
1781216701.0,1781217301.0,22.481666666666666,5.640892118175004,45.0,19.0,-0.01491001363892672,0,,0,0,5.098175819502406e-05
1781635741.0,1781636341.0,4.85,2.544438379420234,14.0,2.0,0.0005211125586459975,0,,0,0,0.029803644687485094
1781325181.0,1781325781.0,4.91,2.2290281888452346,12.0,6.0,-0.0019620610057250066,0,,0,0,0.06666191975536298
1780866181.0,1780866781.0,6.583333333333333,2.5572880600789234,16.0,6.0,0.0018638940663723961,0,,0,0,0.025542188740759864
1780903801.0,1780904401.0,16.605,4.315743466271676,35.0,21.0,0.009474165206014443,0,,0,0,0.0008384687533141777
1781288641.0,1781289241.0,8.57,3.0645989405902148,19.0,4.0,0.002645396237211766,0,,0,0,0.009653027606077608
1781515201.0,1781515801.0,10.481666666666667,3.419989847288374,23.0,15.0,-0.003689538026494519,0,,0,0,0.00998629974743265
1781380741.0,1781381341.0,3.485,1.832059405878168,12.0,3.0,0.00016680601890561,0,,0,0,0.0552557943688304
1780919041.0,1780919641.0,14.945,3.9718142370122664,28.0,14.0,-0.00657110158639331,0,,0,0,0.002307831020867613
1781606881.0,1781607481.0,5.49,2.489290394202064,16.0,6.0,-0.00017838938441495572,0,,0,0,0.027009200441549357
1781128561.0,1781129161.0,4.78,2.100380917833715,12.0,5.0,0.0005055569598804452,0,,0,0,0.06162062659410495
1780906561.0,1780907161.0,9.231666666666667,3.1392138966449687,21.0,12.0,0.0015819766166017134,0,,0,0,0.01266171511909936
1780779361.0,1780779961.0,11.1,3.3842773723992146,24.0,11.0,0.0029537304270289585,0,,0,0,0.005302031716149411
1781161261.0,1781161861.0,9.121666666666666,3.025480218999218,21.0,5.0,0.00021813949483192512,0,,0,0,0.0065966732374137145
1781507701.0,1781508301.0,8.405,3.309225740260099,19.0,11.0,0.006718713107536407,0,,0,0,0.018636201426079326
1781371981.0,1781372581.0,4.923333333333333,2.2658601506320335,12.0,5.0,-0.0007968355467654094,0,,0,0,0.06084649652828406
1781110741.0,1781111341.0,7.476666666666667,2.766367453699687,17.0,7.0,-0.00030805641126782087,0,,0,0,0.02134522875667005
1781465641.0,1781466241.0,3.7816666666666667,2.1918022771733363,11.0,6.0,0.004844152344867623,0,,0,0,0.0866959345723388
1781554861.0,1781555461.0,8.053333333333333,3.018910767515698,19.0,7.0,0.002441006780574393,0,,0,0,0.013165633948374528
1781494021.0,1781494621.0,8.056666666666667,2.916639999878094,18.0,15.0,0.003945955405431683,0,,0,0,0.03478224560113495
1781472961.0,1781473561.0,3.6,1.9450792614526877,10.0,4.0,-0.00013944483179120215,0,,0,0,0.09108076041039939
1780954501.0,1780955101.0,7.098333333333334,2.7328856340668355,17.0,8.0,0.00198908885858017,0,,0,0,0.02389967270744326
1781084461.0,1781085061.0,4.711666666666667,2.206474689534316,13.0,7.0,0.0004305845294014686,0,,0,0,0.059555368708586263
1780815121.0,1780815721.0,16.085,4.7004724939804365,33.0,13.0,0.004121872560757102,0,,0,0,0.0006219694066301192
1781168821.0,1781169421.0,7.151666666666666,2.583020948854698,15.0,7.0,0.0005955294320262045,0,,0,0,0.033926506456179534
1781583781.0,1781584381.0,3.43,1.9057194616906934,11.0,3.0,-0.0010798363328787019,0,,0,0,0.06834119594877318
1781641681.0,1781642281.0,2.8133333333333335,1.7517102753848561,11.0,1.0,-0.00018322273117425558,0,,0,0,0.05915817646732904
1780830301.0,1780830901.0,8.311666666666667,3.128023426311823,19.0,15.0,0.006347323187008858,0,,0,0,0.027369358684988864
1780711981.0,1780712581.0,17.9,4.570193285482209,32.0,17.0,-0.0009655026819518715,0,,0,0,0.0010480823206780927
1781091601.0,1781092201.0,5.145,2.3623381778794217,13.0,7.0,-0.00012386145517070816,0,,0,0,0.05802661216159038
1780759681.0,1780760281.0,66.025,9.351526167779603,95.0,55.0,-0.027866438517884794,0,,0,0,1.8696669530664235e-09
1780753381.0,1780753981.0,382.43833333333333,171.55238130249185,738.0,699.0,0.9825519793110538,0,,0,0,1.386835357431024e-55
1781260021.0,1781260621.0,3.5533333333333332,1.8816186884937365,11.0,5.0,0.0001911116419767884,0,,0,0,0.08114675581184659
1781503381.0,1781503981.0,5.293333333333333,2.4760093340337432,14.0,4.0,0.002156505990294416,0,,0,0,0.03517445212563365
1780795861.0,1780796461.0,8.386666666666667,3.3025983036929505,21.0,8.0,0.009160803224453389,0,,0,0,0.008995445405868824
1780776841.0,1780777441.0,11.195,3.3506678438782918,25.0,17.0,0.000755363209342238,0,,0,0,0.007451830927576168
1780734241.0,1780734841.0,13.82,3.754677083318884,28.0,16.0,-0.0013627260075722352,0,,0,0,0.0029775282819342165
1781554081.0,1781554681.0,3.945,2.022863070007458,10.0,5.0,0.0009198081105780881,0,,0,0,0.09749948076332614
1781416741.0,1781417341.0,3.1683333333333334,1.7492847744784787,9.0,6.0,0.0008730857585715516,0,,0,0,0.13539604294858082
1781181661.0,1781182261.0,5.418333333333333,2.3173254459014214,13.0,3.0,-0.00037186214406151265,0,,0,0,0.03989635663659301
1780888321.0,1780888921.0,61.68833333333333,8.551288239531841,88.0,53.0,-0.007882383006619484,0,,0,0,9.662758791938378e-09
1781414461.0,1781415061.0,3.7716666666666665,1.938091128461771,10.0,4.0,0.0002242506229183946,0,,0,0,0.09039317655259135
1781380021.0,1781380621.0,3.6433333333333335,1.9568994750767232,9.0,2.0,0.0007057797382770506,0,,0,0,0.09385506685735112
1781350621.0,1781351221.0,6.21,2.4642578328305396,13.0,6.0,0.0002783341064836305,0,,0,0,0.050224510679145795
1781592421.0,1781593021.0,4.221666666666667,2.099808853734602,11.0,3.0,-0.0009561415448376291,0,,0,0,0.06540678556911562
1781324281.0,1781324881.0,4.34,2.052088367168107,12.0,5.0,0.00019211164475456643,0,,0,0,0.06301576671475434
1781187001.0,1781187601.0,5.88,2.3612708442700936,13.0,7.0,-0.0007734465929072033,0,,0,0,0.056048634777910986
1781361841.0,1781362441.0,17.081666666666667,4.519771073357096,36.0,22.0,0.0043474842985675045,0,,0,0,0.0007126323510453709
1780926541.0,1780927141.0,8.753333333333334,2.9556424381548965,19.0,12.0,-0.0009451692921369191,0,,0,0,0.02038352314479078
1781618881.0,1781619481.0,5.276666666666666,2.429016719214222,14.0,8.0,0.004685568571023813,0,,0,0,0.05082002699255475
1781080801.0,1781081401.0,5.776666666666666,2.383999906785979,16.0,7.0,-0.0018416162267117365,0,,0,0,0.02933687725300202
1781074741.0,1781075341.0,7.4366666666666665,2.7445683732702952,16.0,5.0,-0.0017151714310317586,0,,0,0,0.022164751896230836
1780960081.0,1780960681.0,7.871666666666667,3.1961222164088503,19.0,14.0,0.009361887116353107,0,,0,0,0.02541806253279529
1781508301.0,1781508901.0,9.158333333333333,3.6304174078961715,23.0,15.0,0.006959324887013577,0,,0,0,0.010579503072277414
1781545021.0,1781545621.0,12.163333333333334,3.6078602461231166,25.0,15.0,0.005299736943713724,0,,0,0,0.0058181287405241755
1781513101.0,1781513701.0,16.52166666666667,5.141290099662622,34.0,21.0,0.015104680846335688,0,,0,0,0.0010232505670913455
1781643721.0,1781644321.0,2.92,1.6753905017437973,9.0,2.0,0.00034605651682366185,0,,0,0,0.09792299609752829
1781339761.0,1781340361.0,6.238333333333333,2.5686956266210723,14.0,11.0,0.002393812205033905,0,,0,0,0.06329772360616348
1780955161.0,1780955761.0,6.573333333333333,2.7045558271594654,17.0,3.0,-0.001390614973930477,0,,0,0,0.015376048185474852
1781429821.0,1781430421.0,3.5216666666666665,1.8831349453032362,10.0,2.0,-0.000881363559343219,0,,0,0,0.0769106379895615
1781107921.0,1781108521.0,11.453333333333333,3.6075599633116133,24.0,13.0,-0.004897846938463726,0,,0,0,0.00624514711610987
1780879381.0,1780879981.0,8.091666666666667,2.932563819519629,18.0,4.0,0.003043591787754973,0,,0,0,0.01242827314282947
1781185141.0,1781185741.0,4.916666666666667,2.2508640316307176,11.0,1.0,-0.0016540045944572058,0,,0,0,0.05260579541753405
1780812601.0,1780813201.0,12.566666666666666,4.356859215331868,30.0,8.0,-0.013253147925410918,0,,0,0,0.0009199851965759853
1780913161.0,1780913761.0,8.7,3.0446674695276656,19.0,7.0,0.004345623182286622,0,,0,0,0.012739021744452416
1781235001.0,1781235601.0,7.331666666666667,2.640390859113266,18.0,11.0,-0.000735529820916168,0,,0,0,0.02513263860779156
1780892461.0,1780893061.0,22.518333333333334,6.12859395692755,43.0,12.0,-0.02141447615132268,0,,0,0,4.029396112937165e-05
1781406601.0,1781407201.0,5.046666666666667,2.3161366300131965,14.0,6.0,0.0008220022833396681,0,,0,0,0.043010469009605354
1781366281.0,1781366881.0,5.851666666666667,2.5389624958938555,14.0,7.0,-0.0014856430156750474,0,,0,0,0.044971315702809676
1780783441.0,1780784041.0,16.605,4.361074982157495,33.0,11.0,-0.008979552720979781,0,,0,0,0.0005072449434392823
1780962721.0,1780963321.0,6.3215031315240084,2.473444986183651,16.0,4.0,0.0017256138573212927,0,,0,0,0.02153938459207404
1781255101.0,1781255701.0,4.408333333333333,2.213202179849118,14.0,5.0,-0.002540701501948626,0,,0,0,0.040625425175674516
1781327581.0,1781328181.0,3.87,1.904319651039009,11.0,3.0,-7.200020000055598e-05,0,,0,0,0.06695441436388729
1781397781.0,1781398381.0,3.855,2.003490703746838,11.0,2.0,0.0014855319042552902,0,,0,0,0.06106073906136064
1781326921.0,1781327521.0,3.8516666666666666,1.9492726563743945,11.0,1.0,0.0015741432615090588,0,,0,0,0.055931046074393226
1781611681.0,1781612281.0,5.1466666666666665,2.4375853261418814,15.0,4.0,-0.001383337175936598,0,,0,0,0.028488498892093955
1781408341.0,1781408941.0,3.5483333333333333,1.8232746791297123,10.0,6.0,-5.6750157639317084e-05,0,,0,0,0.10885938285602113
1781380261.0,1781380861.0,3.808333333333333,1.922220215156306,10.0,2.0,-0.000373195481098563,0,,0,0,0.07579322493377412
1781520121.0,1781520721.0,6.773333333333333,2.5381007772654645,16.0,9.0,0.000638946219295053,0,,0,0,0.03343756834206998
1781440141.0,1781440741.0,19.355,4.69208287082258,37.0,14.0,0.005703710288084126,1,1360.0,1,0,0.00023488337287888372
1781122321.0,1781122921.0,4.456666666666667,2.1652072007598306,11.0,5.0,-4.127789243859212e-05,0,,0,0,0.07706621436257811
1781491141.0,1781491741.0,8.626666666666667,2.940627295134303,20.0,8.0,-0.00018166717129769567,0,,0,0,0.011275908112260901
1781160181.0,1781160781.0,20.07,6.037529848097371,39.0,15.0,0.003171953255425706,0,,0,0,0.0001505969924925054
1780796401.0,1780797001.0,10.14,3.5879985135634227,22.0,16.0,5.411126142018064e-05,0,,0,0,0.013873361549066135
1781370001.0,1781370601.0,4.828333333333333,2.2705793435939547,14.0,7.0,0.0016020877835771763,0,,0,0,0.04768604398684261
1780864861.0,1780865461.0,6.611666666666666,2.416787927992212,15.0,9.0,-0.0019133108703079627,0,,0,0,0.04209460910805503
1781643961.0,1781644561.0,3.315,1.8927339133292527,10.0,7.0,0.0024818124494790273,0,,0,0,0.11941629818926684
1781476561.0,1781477161.0,3.183333333333333,1.795287039878458,13.0,4.0,9.955583209953052e-05,0,,0,0,0.04956955087535918
1781168641.0,1781169241.0,7.1433333333333335,2.6788285167629193,18.0,4.0,2.088894691374168e-05,0,,0,0,0.013149549004799446
1780775461.0,1780776061.0,11.741666666666667,3.4609628557511116,27.0,9.0,-0.0009310859196831118,0,,0,0,0.0021506136151504033
1781107441.0,1781108041.0,14.918333333333333,3.892085630552796,26.0,9.0,-0.0011144753179870024,0,,0,0,0.002262926351098121
1780796521.0,1780797121.0,14.096666666666666,9.7058739374097,58.0,42.0,0.03716710324195345,0,,0,0,3.1406208673448926e-05
1781495041.0,1781495641.0,8.693333333333333,3.1941543829662056,21.0,9.0,-0.0010336695379709428,0,,0,0,0.009777712228640304
1781496421.0,1781497021.0,10.921666666666667,4.2259749039587176,23.0,18.0,0.014472623535065374,0,,0,0,0.012581309950019446
1781213221.0,1781213821.0,13.343333333333334,3.694426733457965,27.0,15.0,0.004837180103278052,0,,0,0,0.0034828916063888095
1780856341.0,1780856941.0,7.633333333333334,2.729875862053478,17.0,4.0,-0.0018020605612793386,0,,0,0,0.016014966613026847
1780761181.0,1780761781.0,43.20333333333333,6.741314576714413,65.0,50.0,-0.005894571929366481,0,,0,0,3.5938136264238586e-06
1781224321.0,1781224921.0,6.84,2.6903035764265213,16.0,7.0,-0.0014805596682213025,0,,0,0,0.02754407351990322
1781193721.0,1781194321.0,6.028333333333333,2.4462618874973754,14.0,6.0,0.0007743077064102967,0,,0,0,0.04083715126633891
1781080621.0,1781081221.0,6.168333333333333,2.4048556205218548,16.0,2.0,-0.002940480390223312,0,,0,0,0.018045119524346055
1781197921.0,1781198521.0,17.091666666666665,4.513305945264021,31.0,7.0,-0.007898716385323296,0,,0,0,0.0005285692562435398
1781286061.0,1781286661.0,11.425,3.62781499895828,24.0,9.0,-0.0049326525907016265,0,,0,0,0.004274799674662707
1781049661.0,1781050261.0,7.76,2.917030453503471,18.0,6.0,0.003420565057125162,0,,0,0,0.01525882206747089
1781340901.0,1781341501.0,5.886666666666667,2.43457502565757,14.0,6.0,-0.003362120450334582,0,,0,0,0.04113346682953784
1781109901.0,1781110501.0,8.128333333333334,2.823448935059547,19.0,5.0,-0.0012163089341914821,0,,0,0,0.010942750451690315
1781229661.0,1781230261.0,4.828333333333333,2.2313367941413254,14.0,9.0,0.0025561459892944165,0,,0,0,0.05722074009704178
1781366341.0,1781366941.0,5.806666666666667,2.5217630516939713,14.0,11.0,-0.001134503151397646,0,,0,0,0.06469973038672003
1781073601.0,1781074201.0,6.786666666666667,2.7247915312715008,17.0,14.0,0.004653735149264301,0,,0,0,0.042239911838921416
1781494621.0,1781495221.0,8.891666666666667,3.0757000106570143,21.0,9.0,-0.00044652901813616714,0,,0,0,0.009725225750461518
1781182321.0,1781182921.0,5.346666666666667,2.3144089718303653,14.0,11.0,0.0002169450470695745,0,,0,0,0.06659626208482894
1781475901.0,1781476501.0,2.9633333333333334,1.7450851618824288,9.0,4.0,0.0003648899024719491,0,,0,0,0.11562922046182361
1781108161.0,1781108761.0,10.58,3.3561287222036045,23.0,5.0,-0.0022922841452337212,0,,0,0,0.003859889382545158
1781099521.0,1781100121.0,6.373333333333333,2.4339177380420143,16.0,7.0,-0.0009783360509334658,0,,0,0,0.028445151742930885
1781277061.0,1781277661.0,8.151666666666667,2.766224362234962,19.0,10.0,0.0012649757360437166,0,,0,0,0.017533614227538775
1780833361.0,1780833961.0,6.23,2.6976100533620495,16.0,5.0,-0.0007357798216106148,0,,0,0,0.023554416205437433
1780767721.0,1780768321.0,18.68,4.444577220238913,31.0,16.0,-0.003199619998944455,0,,0,0,0.0011544896857030133
1781453941.0,1781454541.0,3.5566666666666666,1.8403230392756835,9.0,1.0,7.977799938333255e-05,0,,0,0,0.08674025038250274
1780774021.0,1780774621.0,14.123333333333333,4.117619322969146,29.0,8.0,-0.010514029205636693,0,,0,0,0.001076897360397176
1781490301.0,1781490901.0,6.598333333333334,2.7508175552410274,18.0,8.0,-0.0042310950863752445,0,,0,0,0.019610826251787863
1780922161.0,1780922761.0,22.315,6.9411172251542705,48.0,19.0,0.017645243459009627,0,,0,0,2.480075760705095e-05
1781264521.0,1781265121.0,3.5816666666666666,1.8366628856585403,12.0,4.0,-0.0011007530576473857,0,,0,0,0.06016947239316028
1781125141.0,1781125741.0,5.22,2.1613884426451437,14.0,6.0,-4.4944569290476985e-05,0,,0,0,0.04289516046907955
1781473261.0,1781473861.0,3.5716666666666668,1.888084714436534,10.0,3.0,8.441690115805656e-05,0,,0,0,0.0837579381323959
1781221381.0,1781221981.0,11.086666666666666,3.666399990302325,24.0,21.0,0.007306575851599585,0,,0,0,0.013517626984887558
1781059321.0,1781059921.0,5.221666666666667,2.309948893133545,13.0,7.0,-0.0018436995658321312,0,,0,0,0.05792550502031519
1781225821.0,1781226421.0,5.236666666666666,2.3080992661110185,15.0,10.0,-0.0005652237922883128,0,,0,0,0.04943514607045653
1781485381.0,1781485981.0,3.5283333333333333,1.8652606311779119,11.0,5.0,-0.0001511948644301798,0,,0,0,0.08128656607428594
1781088661.0,1781089261.0,4.931666666666667,2.253219301848407,14.0,2.0,-0.00020208389467748198,0,,0,0,0.03000588406042477
1781305561.0,1781306161.0,20.631666666666668,4.848298384198545,37.0,28.0,0.01148789302192508,0,,0,0,0.0008325958825988023
1781649721.0,1781650321.0,3.7933333333333334,2.309535787892354,14.0,12.0,0.005510793085536347,0,,0,0,0.07822130859966414
1781511601.0,1781512201.0,10.753333333333334,3.449515263853105,20.0,13.0,0.007709021413948366,0,,0,0,0.015945772142648196
1781086621.0,1781087221.0,4.698333333333333,2.202422277604567,11.0,6.0,-0.00033636204545012613,0,,0,0,0.08309737865197926
1780870921.0,1780871521.0,15.945,4.00274593248185,29.0,11.0,-0.0057822660618502015,0,,0,0,0.0013142021172993354
1780747021.0,1780747621.0,27.29,8.141001166932726,62.0,20.0,-0.035281820227278445,0,,0,0,8.522001623208963e-07
1781406121.0,1781406721.0,4.75,2.2265444078212315,14.0,2.0,0.0009148914302539733,0,,0,0,0.03030167332064385
1780854121.0,1780854721.0,15.17,5.927430584438196,33.0,24.0,0.02513668093522483,0,,0,0,0.0017733851571091407
1781051461.0,1781052061.0,5.461666666666667,2.3284896153706356,14.0,1.0,-0.002218811718921441,0,,0,0,0.026578057849526618
1780954261.0,1780954861.0,6.696666666666666,2.616866234427906,16.0,8.0,0.0014935041486226319,0,,0,0,0.030512195169871203
1781290381.0,1781290981.0,12.976666666666667,4.114947009244334,25.0,22.0,0.011713476981880503,0,,0,0,0.010634360416243972
1781633581.0,1781634181.0,4.126666666666667,2.0150985638976127,13.0,3.0,-0.0009120025333403728,0,,0,0,0.042919156149607875
1780727701.0,1780728301.0,38.76166666666666,11.358911210538134,69.0,22.0,-0.05411945588737734,0,,0,0,1.0521802867019818e-07
1781221021.0,1781221621.0,7.6866666666666665,3.5583454332346967,19.0,14.0,0.012334256484045784,0,,0,0,0.025307047759821562
1781638621.0,1781639221.0,2.81,1.6675031234353554,9.0,2.0,-0.00011988922191450318,0,,0,0,0.09843740425064694
1781059381.0,1781059981.0,5.1066666666666665,2.290259568016012,13.0,6.0,-0.0013313925872016344,0,,0,0,0.05325984566015826
1780785901.0,1780786501.0,11.783333333333333,4.230018387141544,26.0,18.0,0.013527204242234006,0,,0,0,0.006145975661655252
1781613541.0,1781614141.0,5.108333333333333,2.167163404596484,12.0,4.0,0.00047080686335240074,0,,0,0,0.05532756668846036
1781332681.0,1781333281.0,5.6866666666666665,2.4923527483528933,15.0,8.0,0.004202456117933655,0,,0,0,0.04004880232678711
1781534101.0,1781534701.0,7.585,2.939859690529465,20.0,4.0,-0.001358420440056778,0,,0,0,0.008136429312911269
1781144881.0,1781145481.0,26.063333333333333,5.9695886699913325,47.0,22.0,-0.013745982627729521,0,,0,0,3.561569012345591e-05
1781087941.0,1781088541.0,4.961666666666667,2.3488005213063303,12.0,2.0,-0.001200808891135814,0,,0,0,0.04617817979336629
1780878841.0,1780879441.0,8.473333333333333,3.153720906414446,19.0,3.0,-0.0055547376520490395,0,,0,0,0.008794850636545504
1781436541.0,1781437141.0,7.171666666666667,2.7359697651025963,16.0,5.0,-0.003339870388528854,0,,0,0,0.022461457641499292
1781128501.0,1781129101.0,4.748333333333333,2.0868630099319465,12.0,9.0,0.0007312520312556424,0,,0,0,0.08791525505497066
1780929961.0,1780930561.0,9.51,3.2629077012178365,22.0,14.0,0.0001664449067914075,0,,0,0,0.01200026163950683
1780910401.0,1780911001.0,7.803333333333334,2.7715198397670227,16.0,7.0,0.0013233370092694788,0,,0,0,0.026201712405968615
1781528041.0,1781528641.0,10.911666666666667,3.597294894160827,24.0,7.0,-5.3639037886223685e-05,0,,0,0,0.0036306509933532118
1781544901.0,1781545501.0,11.706666666666667,3.451659826164154,23.0,10.0,0.00214150594862764,0,,0,0,0.005845653974165353
1781231281.0,1781231881.0,40.225,10.686644702618311,63.0,42.0,0.041229697860271836,0,,0,0,2.6332738476527943e-06
1781198221.0,1781198821.0,12.585,4.991269878497856,29.0,2.0,-0.020267695188042206,0,,0,0,0.0006349871790482445
1781398201.0,1781398801.0,4.193333333333333,2.024670069144326,11.0,6.0,0.0005691682476895823,0,,0,0,0.08557225442902285
1780832581.0,1780833181.0,7.035,2.6945206747521286,16.0,8.0,-0.00145786516073655,0,,0,0,0.029928994779565374
1781096101.0,1781096701.0,9.528333333333334,3.3405384629161543,25.0,9.0,-0.001694810263361848,0,,0,0,0.0037909640236905803
1781094241.0,1781094841.0,4.475,2.1739461048210615,13.0,2.0,0.0001829727304798031,0,,0,0,0.03829171504263939
1780798261.0,1780798861.0,17.07,4.142273932676753,32.0,20.0,0.001642615673932406,0,,0,0,0.0014779278560605351
1780948741.0,1780949341.0,8.843333333333334,3.115892952090763,19.0,5.0,-0.003404231678421329,0,,0,0,0.01044633075603034
1780771321.0,1780771921.0,14.57,3.8186079488036824,29.0,13.0,0.000571446031794541,0,,0,0,0.001715244536735791
1780871161.0,1780871761.0,14.538333333333334,3.8775246256113216,29.0,17.0,-0.006444879013552808,0,,0,0,0.0025087973915709602
1780882021.0,1780882621.0,11.34,3.448342597055383,21.0,11.0,0.003747621521170896,0,,0,0,0.010259757579011694
1780854241.0,1780854841.0,17.268333333333334,5.713405046224381,34.0,22.0,0.02127080908558079,0,,0,0,0.001061026121489118
1781149141.0,1781149741.0,10.596666666666666,3.2358392351220964,22.0,6.0,0.001126669796304988,0,,0,0,0.0053379674488811
1781504881.0,1781505481.0,5.3566666666666665,2.4520988742073366,15.0,6.0,-0.003496843046786238,0,,0,0,0.03390905615207306
1781337481.0,1781338081.0,4.8,2.212088003071608,12.0,1.0,-0.0008843357898216401,0,,0,0,0.04269248292437971
1781465461.0,1781466061.0,3.21,1.983910280229426,12.0,5.0,0.0025927849799582785,0,,0,0,0.06660286745991698
1781219701.0,1781220301.0,6.265,2.556320598047123,18.0,5.0,-0.0038822052283478555,0,,0,0,0.015156481916181035
1781497861.0,1781498461.0,7.446666666666666,2.835575583349682,16.0,11.0,-0.003571232142311511,1,574.0,1,0,0.03848470091741421
1780747681.0,1780748281.0,16.448333333333334,4.149377128624916,32.0,15.0,-0.00362364895458041,0,,0,0,0.0009464099944866427
1781260681.0,1781261281.0,3.79,2.010613505044335,12.0,4.0,0.001249281248003464,0,,0,0,0.059212881911880844
1781258041.0,1781258641.0,3.43,1.8668422536465152,11.0,2.0,-0.0013558370995474971,0,,0,0,0.06259666032702615
1780728721.0,1780729321.0,22.151666666666667,5.159973890976151,40.0,18.0,-0.006079989111080843,0,,0,0,0.0001489190496331345
1781485741.0,1781486341.0,3.3833333333333333,1.832045001873286,12.0,3.0,-0.00034788985524959954,0,,0,0,0.05552228067750823
1781387941.0,1781388541.0,3.9433333333333334,2.043719376257144,11.0,6.0,0.0014347817632826812,0,,0,0,0.08650016739475073
1781134561.0,1781135161.0,67.00833333333334,38.223530238439366,157.0,135.0,0.2108687801910561,0,,0,0,9.76924442316687e-13
1781265541.0,1781266141.0,3.276666666666667,1.795398439220541,9.0,2.0,0.0004626679518554192,0,,0,0,0.0959598033976606
1780753501.0,1780754101.0,499.08166666666665,170.54547291134867,828.0,785.0,0.974657846271795,0,,0,0,2.1414026737881082e-63
1780900021.0,1780900621.0,12.391666666666667,4.1775108883427485,25.0,16.0,0.010987058297384151,0,,0,0,0.006190114863344796
1780942441.0,1780943041.0,8.73,2.868292174796703,18.0,12.0,-0.0003562232117311474,0,,0,0,0.025545509689560993
1781333941.0,1781334541.0,11.156666666666666,3.775639754472817,24.0,16.0,0.0054820152278200794,0,,0,0,0.008368052506034946
1781303821.0,1781304421.0,17.428333333333335,4.12733132773332,30.0,21.0,-0.0012970869363526664,0,,0,0,0.0025110654037268764
1780729021.0,1780729621.0,21.783333333333335,4.632104153501828,37.0,22.0,0.00472312423090064,0,,0,0,0.00044715429170087744
1781481121.0,1781481721.0,3.978297161936561,2.0432379059740713,11.0,3.0,0.0008446615118399554,0,,0,0,0.06628894184116879
1781394481.0,1781395081.0,3.5883333333333334,1.9014548523579402,11.0,2.0,0.0003794177206047797,0,,0,0,0.06205632475673619
1781194741.0,1781195341.0,6.451666666666667,2.797200485405999,19.0,11.0,0.00597193325537016,0,,0,0,0.020907159779538248
1781343481.0,1781344081.0,6.101666666666667,2.5261295603265395,15.0,6.0,-0.0018934774818819015,0,,0,0,0.03261866465893488
1781548081.0,1781548681.0,5.826666666666667,2.4020731786428895,16.0,8.0,-0.0008834468984636075,0,,0,0,0.03208050277164353
1781470741.0,1781471341.0,3.1216666666666666,1.7436161338500578,11.0,4.0,-0.000712751979866611,0,,0,0,0.07617950334436396
1781623981.0,1781624581.0,9.178333333333333,4.964191497335918,32.0,7.0,-0.01812596701657504,0,,0,0,0.0006157502239753178
1780828921.0,1780829521.0,8.813333333333333,2.999192483912221,19.0,13.0,-0.0014041705671404634,0,,0,0,0.02227703574784326
1781342161.0,1781342761.0,5.695,2.4101123763564773,14.0,6.0,-0.0026445906794185527,0,,0,0,0.04155084427636188
1781449741.0,1781450341.0,4.118333333333333,1.9521775590919548,11.0,3.0,-0.0007814743929844269,0,,0,0,0.0660691397926744
1781535121.0,1781535721.0,10.331666666666667,3.0873392895645417,21.0,8.0,0.0012380312167533792,0,,0,0,0.008233618323310793
1780906381.0,1780906981.0,9.153333333333334,3.1107055291185772,21.0,5.0,0.0006413906705296442,0,,0,0,0.006565138239208373
1781133421.0,1781134021.0,8.031666666666666,3.0682237894622717,18.0,8.0,0.006165600460001278,0,,0,0,0.018061904545826776
1780950421.0,1780951021.0,6.468333333333334,2.5355467304355135,15.0,10.0,-0.0019225886738574332,0,,0,0,0.04623254548089299
1781443621.0,1781444221.0,4.51,2.0272888299401246,11.0,6.0,-0.0001166114350317648,0,,0,0,0.08433137445889931
1781052661.0,1781053261.0,22.928333333333335,26.620791320987355,98.0,42.0,0.12080458556829327,0,,0,0,1.2319865009548569e-09
1781268841.0,1781269441.0,3.263333333333333,1.9045530242611315,11.0,2.0,-0.0010697251936810945,0,,0,0,0.06300375390358044
1780767961.0,1780768561.0,18.461666666666666,4.48908274471399,34.0,19.0,1.0805585571082867e-05,0,,0,0,0.0007865937766427909
1780938781.0,1780939381.0,11.456666666666667,3.3577952422518096,23.0,10.0,-0.0005433903983066649,0,,0,0,0.005939897337103793
1781614201.0,1781614801.0,4.85,2.3045245351988193,12.0,8.0,0.0007656687935244249,0,,0,0,0.07957427042130727
1781122021.0,1781122621.0,4.641666666666667,2.197710298368635,12.0,7.0,-0.001377642715674212,0,,0,0,0.07384474909144811
1781285581.0,1781286181.0,13.66,3.92187030212202,32.0,13.0,-0.0032495645821238477,0,,0,0,0.0009070434107893641
1781113081.0,1781113681.0,5.823333333333333,2.393488852885864,14.0,7.0,0.0009492804146678152,0,,0,0,0.04527061313192356
1781133781.0,1781134381.0,10.951666666666666,3.906745946294549,24.0,15.0,0.01023000063889066,0,,0,0,0.007652324363830573
1781506861.0,1781507461.0,9.353333333333333,3.2703448679849583,21.0,10.0,0.003086953019313946,0,,0,0,0.010370612462491376
1780868281.0,1780868881.0,7.281666666666666,2.718884064382951,16.0,7.0,0.0008732524257011826,0,,0,0,0.02692915809973227
1781092981.0,1781093581.0,5.18,2.3254246923949182,16.0,4.0,-0.0006278350773196517,0,,0,0,0.02290358169053387
1780944001.0,1780944601.0,8.553333333333333,2.959812306361484,18.0,3.0,-0.001462837396770551,0,,0,0,0.011042891082333476
1781391061.0,1781391661.0,6.126666666666667,2.8018961833412424,16.0,1.0,-0.005849071802977232,0,,0,0,0.01622105216343265
1780849621.0,1780850221.0,9.808333333333334,3.2406167965716377,21.0,10.0,0.0009341970394362211,0,,0,0,0.010150606381499309
1781521741.0,1781522341.0,6.035,2.4826951081435675,15.0,6.0,-0.0011051419587276682,0,,0,0,0.032776490412948035
1781199841.0,1781200441.0,5.968333333333334,2.7701980474728196,16.0,10.0,-0.005180431056752941,0,,0,0,0.03779195754994711
1781412841.0,1781413441.0,2.9616666666666664,1.7185838808610874,9.0,5.0,-0.0008350300973058222,0,,0,0,0.12587065441165124
1780805221.0,1780805821.0,12.61,9.218165037938228,47.0,43.0,0.03816832824535622,0,,0,0,0.00045798758720696576
1780755061.0,1780755661.0,680.7583333333333,86.80860132434394,881.0,520.0,-0.4724208400578896,0,,0,0,3.655200316279369e-82
1781509741.0,1781510341.0,10.15,3.2466649555094738,22.0,6.0,-0.0004572790479973613,0,,0,0,0.005455859634167935
1781168041.0,1781168641.0,7.4366666666666665,2.7220070209722502,16.0,6.0,-0.0014523929233136678,0,,0,0,0.02435037652205423
1781350681.0,1781351281.0,6.25,2.5008331944907214,13.0,11.0,0.000527890355250978,0,,0,0,0.07827685806838923
1781572501.0,1781573101.0,13.438333333333333,3.47316338355812,27.0,14.0,0.004367039908444199,0,,0,0,0.0031784378260052517
1781142541.0,1781143141.0,46.51166666666666,7.069643830412455,69.0,41.0,-0.013105064180733787,0,,0,0,5.148225938094086e-07
1781317081.0,1781317681.0,34.94166666666667,7.80800426200931,61.0,26.0,-0.02713354759318774,0,,0,0,1.3079839798018965e-06
1780874341.0,1780874941.0,14.406666666666666,3.727549090518088,29.0,15.0,0.0036825657849049727,0,,0,0,0.0020994230063217634
1781482201.0,1781482801.0,3.828333333333333,1.910199960446259,13.0,3.0,0.0006262517395881651,0,,0,0,0.043703532498626865
1781066521.0,1781067121.0,4.955,2.2955700090972324,13.0,9.0,-9.380581612726955e-05,0,,0,0,0.07016406942406242
1781377861.0,1781378461.0,5.461666666666667,2.4457849228599167,14.0,5.0,-0.000660474056872375,0,,0,0,0.03829131165584215
1781357881.0,1781358481.0,38.19166666666667,6.863788838697053,61.0,35.0,-0.013026341739838129,0,,0,0,2.719295299260614e-06
1781465941.0,1781466541.0,4.895,2.2775663180977483,15.0,7.0,0.0021497559715443633,0,,0,0,0.03825807739521549
1781394841.0,1781395441.0,3.6020066889632107,1.8763078346199646,11.0,5.0,-0.0003393327719038151,0,,0,0,0.0809801323909729
1780853341.0,1780853941.0,10.521666666666667,3.3009388395155432,23.0,6.0,-0.0015345875960766713,0,,0,0,0.004265990490972969
1781520781.0,1781521381.0,6.8,2.66520793435209,16.0,1.0,0.00021594504429178185,0,,0,0,0.015771918123334373
1781204161.0,1781204761.0,4.66,2.158178244106203,14.0,2.0,-0.0006426128961469306,0,,0,0,0.030511137709590824
1781233261.0,1781233861.0,11.918333333333333,3.5315243010474795,23.0,11.0,-0.004645318459217945,0,,0,0,0.0063406702988460205
1781492041.0,1781492641.0,5.91,2.351290425844214,14.0,8.0,-0.0021560615446153957,0,,0,0,0.04944969012985301
1780874941.0,1780875541.0,15.861666666666666,3.9173797223257396,26.0,14.0,-0.0028493690260250884,0,,0,0,0.00347068616328091
1781189761.0,1781190361.0,7.956666666666667,2.859741635571686,18.0,12.0,-0.00033094536373712226,0,,0,0,0.02653618652731216
1781142721.0,1781143321.0,44.28,6.784167843835625,63.0,31.0,-0.011964033233425639,0,,0,0,8.725332244760457e-07
1781421181.0,1781421781.0,4.213333333333333,2.1152987705969313,13.0,6.0,0.0027455076264100747,0,,0,0,0.055911901070782546
1781056981.0,1781057581.0,5.928333333333334,2.3473099260406345,13.0,5.0,-0.0006333073147425347,0,,0,0,0.046681782509226666
1781402401.0,1781403001.0,3.405,1.8941070895455374,10.0,3.0,-9.497248603467947e-05,0,,0,0,0.08438322090374988
1781235121.0,1781235721.0,7.306666666666667,2.6171146113399177,18.0,12.0,-0.0002423340064833594,0,,0,0,0.02763702698819132
1781395081.0,1781395681.0,3.5618729096989967,1.8682395189685972,10.0,4.0,0.00038430173007208214,0,,0,0,0.09148133430073904
1781575741.0,1781576341.0,6.523333333333333,2.570237775425111,19.0,6.0,-0.0024363956566545966,0,,0,0,0.013143078935798193
1781178901.0,1781179501.0,7.943048576214405,3.0125543154444534,19.0,1.0,-0.00310905838196302,0,,0,0,0.007512278160865976
1780852741.0,1780853341.0,11.815,3.454095395324223,22.0,13.0,-0.002479145775404925,0,,0,0,0.009670943200695432
1781186881.0,1781187481.0,5.865,2.34807190406654,13.0,4.0,-0.0008404745568737681,0,,0,0,0.042742623743879965
1781432881.0,1781433481.0,7.266666666666667,2.7710808160154565,18.0,5.0,0.0035707876966324884,0,,0,0,0.01430993838901291
1781474521.0,1781475121.0,2.955,1.8456186857889505,10.0,4.0,-0.0005607515576432151,0,,0,0,0.09411283461672888
1781616361.0,1781616961.0,4.141666666666667,2.057084641482266,12.0,4.0,0.0003640287889688573,0,,0,0,0.05814232783027156
1781629561.0,1781630161.0,4.795,2.3179678600015143,15.0,5.0,0.00043130675362987005,0,,0,0,0.031929747595190745
1781480521.0,1781481121.0,3.8716666666666666,2.0449606081508973,13.0,3.0,0.0011944755402098339,0,,0,0,0.043399879566063275
1781600161.0,1781600761.0,3.7916666666666665,2.0103724088392734,12.0,6.0,-0.0005838071772421566,0,,0,0,0.07077770840806098
1780832461.0,1780833061.0,7.398333333333333,2.7838218134228505,16.0,10.0,-0.0017319214775596563,0,,0,0,0.035253991457675715
1781603221.0,1781603821.0,5.18,2.2258182016208483,18.0,4.0,-0.000255056264045173,0,,0,0,0.014736680522860097
1781484061.0,1781484661.0,3.171666666666667,1.7894684188949026,9.0,2.0,-0.0006757518770885459,0,,0,0,0.09643666564568926
1781101141.0,1781101741.0,4.838333333333333,2.276443986181567,12.0,8.0,-0.0007365853794038295,0,,0,0,0.07969523702029203
1781628841.0,1781629441.0,4.461666666666667,2.128817486044515,12.0,3.0,0.0002591396087211365,0,,0,0,0.05219608393294304
1781539681.0,1781540281.0,6.8,2.5858589804292627,17.0,5.0,0.0005645571237697854,0,,0,0,0.018425095884708528
1781498341.0,1781498941.0,6.556666666666667,2.6045067777902893,15.0,11.0,0.0006791129975361108,1,94.0,1,0,0.05028979012061631
1780868641.0,1780869241.0,7.343333333333334,2.838800607455354,16.0,4.0,0.00025000069444636695,0,,0,0,0.020209902409151794
1781225041.0,1781225641.0,5.256666666666667,2.300895960755771,14.0,4.0,-0.0011080030777863307,0,,0,0,0.035463630708851904
1781602501.0,1781603101.0,4.596666666666667,2.194080419877286,15.0,3.0,0.000892280256334045,0,,0,0,0.026910128107080187
1780914361.0,1780914961.0,10.856666666666667,3.4712325700758737,23.0,6.0,-0.0037415659487942967,0,,0,0,0.004168351144151004
1780804741.0,1780805341.0,7.5633333333333335,2.6538002101807807,16.0,6.0,-0.0003524454234595024,0,,0,0,0.024261354022001108
1780958941.0,1780959541.0,5.035,2.5213306671940776,14.0,3.0,0.003197647771243814,0,,0,0,0.032425986453403714
1780892821.0,1780893421.0,16.675,4.424482078918014,32.0,6.0,-0.008594107205853352,0,,0,0,0.0003925255322266083
1781293261.0,1781293861.0,38.88666666666666,6.597763930976076,58.0,25.0,-0.01019836166211575,0,,0,0,2.01578953828226e-06
1781434621.0,1781435221.0,10.47,3.2376586190229095,21.0,9.0,0.001016725046458454,0,,0,0,0.008937890089966826
1781210101.0,1781210701.0,11.39,4.022176027972918,25.0,11.0,-0.010950585973849935,0,,0,0,0.004071573193651191
1780738801.0,1780739401.0,9.436666666666667,2.9837318169627034,19.0,6.0,0.0034684540790391087,0,,0,0,0.011203326254638216
1781385181.0,1781385781.0,3.13,1.8073276773549765,11.0,2.0,9.700026944519448e-05,0,,0,0,0.06361891318787481
1781584921.0,1781585521.0,2.9466666666666668,1.6483796757893963,9.0,5.0,0.000262445173458814,0,,0,0,0.12624729972547355
1780948201.0,1780948801.0,8.295,3.0207021810609973,21.0,8.0,0.004816763379898289,0,,0,0,0.009132854330781797
1781615461.0,1781616061.0,5.78,2.6891634386924124,14.0,6.0,-0.0017827827299520273,0,,0,0,0.040963142060748824
1780904581.0,1780905181.0,11.713333333333333,3.9784195633721464,26.0,6.0,-0.01067591854421817,0,,0,0,0.0019895917195458675
1781596501.0,1781597101.0,3.9133333333333336,1.9559709154847424,11.0,3.0,-0.0028400078889108007,0,,0,0,0.06669660759025559
1781234101.0,1781234701.0,8.986666666666666,2.9376559060281755,18.0,12.0,-0.003180286611907262,0,,0,0,0.025162640957708007
1781571961.0,1781572561.0,14.120200333889816,3.7748277887418458,28.0,15.0,-0.003888317485544364,0,,0,0,0.002664928658165805
1780924321.0,1780924921.0,12.615,3.600940849278144,25.0,11.0,-0.0017681993561093296,0,,0,0,0.003891714049200011
1780737541.0,1780738141.0,9.083333333333334,2.942174177184092,20.0,11.0,0.002803007786132743,0,,0,0,0.0146233070495157
1781104081.0,1781104681.0,7.56,2.6919138173425985,19.0,8.0,0.0003567787688299185,0,,0,0,0.015003813579125143
1781273761.0,1781274361.0,6.19,2.5659111442136884,15.0,10.0,0.001238892330256472,0,,0,0,0.0467998557073001
1781609881.0,1781610481.0,5.42,2.475937532868442,17.0,3.0,0.004515901433059542,0,,0,0,0.01641537657960106
1781467921.0,1781468521.0,3.5733333333333333,1.8613495701297547,10.0,8.0,0.0003046119572554383,0,,0,0,0.12849912597355675
1780734721.0,1780735321.0,14.188333333333333,3.717911226601422,30.0,12.0,0.003110314195317203,0,,0,0,0.0012725081883882918
1781580721.0,1781581321.0,4.31,2.013429909383488,11.0,4.0,0.0024832291200808905,0,,0,0,0.07141175326645352
1780768861.0,1780769461.0,23.176666666666666,5.267079097775371,38.0,33.0,-0.007446298461940156,0,,0,0,0.000926706785960688
1780803841.0,1780804441.0,7.46,2.82932265156639,17.0,10.0,0.0022322284228567264,0,,0,0,0.028177961752650516
1781357701.0,1781358301.0,41.35333333333333,7.6953550203281,69.0,38.0,-0.017948383189953333,0,,0,0,4.889126560885758e-07
1780819861.0,1780820461.0,21.031666666666666,7.417142119591765,46.0,30.0,0.030567112686424133,0,,0,0,0.00011671381573157032
1781625961.0,1781626561.0,5.503333333333333,2.3302336554279033,13.0,3.0,-0.002039505665293524,0,,0,0,0.03971483707802118
1780773001.0,1780773601.0,12.13,3.442833135660223,22.0,13.0,0.000579557165436581,0,,0,0,0.009525024705902923
1780874281.0,1780874881.0,14.32,3.7261597747099717,29.0,13.0,0.0021504504179178257,0,,0,0,0.0017429242295766247
1781146801.0,1781147401.0,14.706666666666667,3.894520366988583,26.0,14.0,-0.0028554523762565924,0,,0,0,0.0036798444142970327
1781303941.0,1781304541.0,17.05,4.06786184622831,30.0,14.0,0.0001818338384273186,0,,0,0,0.0013167208357904802
1781341381.0,1781341981.0,5.366666666666666,2.3149274046692887,12.0,5.0,0.00020705613071147407,0,,0,0,0.05948536192877586
1781635861.0,1781636461.0,4.716666666666667,2.5858052689421314,14.0,4.0,-0.004512568090466923,0,,0,0,0.03602288320130285
1781100481.0,1781101081.0,5.236666666666666,2.310264535117618,14.0,4.0,-0.0002541673726871475,0,,0,0,0.03548574839734282
1781517481.0,1781518081.0,22.350584307178632,6.6826935298458725,50.0,20.0,-0.026248586996924037,0,,0,0,1.74835178333465e-05
1780753801.0,1780754401.0,756.4833333333333,128.92187449080248,970.0,895.0,0.713168758802107,0,,0,0,1.0136230688495585e-77
1781304121.0,1781304721.0,16.668333333333333,4.0798280873367965,30.0,20.0,-0.002978091605809998,0,,0,0,0.0023757049522443114
1781074981.0,1781075581.0,7.15,2.671610001478509,19.0,6.0,-0.0013502259728499285,0,,0,0,0.012693719138321086
1781633461.0,1781634061.0,4.241666666666666,2.047746050878597,13.0,2.0,-0.00044675124097566917,0,,0,0,0.03890333383981555
1781630221.0,1781630821.0,4.868333333333333,2.270315078476015,13.0,5.0,0.0014766985463848493,0,,0,0,0.04923939631321134
1781648761.0,1781649361.0,3.41,1.8480349924536965,10.0,4.0,-0.0009954472095755785,0,,0,0,0.09217978251065903
1780742101.0,1780742701.0,11.723333333333333,3.5232734148169023,24.0,4.0,0.004429067858521836,0,,0,0,0.002628195651728746
1781057761.0,1781058361.0,6.745,2.592291457378973,15.0,9.0,0.0029933694260261853,0,,0,0,0.04155981965010811
1781558821.0,1781559421.0,5.965,2.6976115979386903,17.0,6.0,0.0009974194372762105,0,,0,0,0.020991230238260546
1781197801.0,1781198401.0,16.32,5.102051874817948,31.0,19.0,0.009692638035105658,0,,0,0,0.001686496912123116
1781284681.0,1781285281.0,13.45,3.5553949616510025,24.0,9.0,-0.002090005805571685,0,,0,0,0.0038746259085357215
1781214601.0,1781215201.0,15.17,3.8701119708177263,29.0,13.0,-0.004233400648335153,0,,0,0,0.001661289253065731
1781207821.0,1781208421.0,6.833333333333333,2.688039351563804,18.0,7.0,0.0028941191503309717,0,,0,0,0.017694012275071065
1780952521.0,1780953121.0,5.875,2.434346250365109,13.0,4.0,-0.000972086033572321,0,,0,0,0.04258829613943526
1781211481.0,1781212081.0,8.175,2.793631149597241,20.0,4.0,-0.0009499748610412789,0,,0,0,0.007945004961358117
1781356441.0,1781357041.0,71.71,9.570748838692472,101.0,57.0,-0.020622168394912238,0,,0,0,4.3357582213332455e-10
1780756561.0,1780757161.0,264.36333333333334,25.85790637739688,343.0,222.0,-0.11166592129422558,0,,0,0,1.6097942273544977e-31
1781082001.0,1781082601.0,5.605,2.4122551689238847,15.0,2.0,0.001637310103639176,0,,0,0,0.023153167586717767
1781108761.0,1781109361.0,9.485,3.03805447614094,20.0,6.0,-0.002631701754727099,0,,0,0,0.008912956933008788
1781103181.0,1781103781.0,7.346666666666667,2.8913357159316906,17.0,13.0,0.004806680018555613,0,,0,0,0.03728967720217391
1780704241.0,1780704841.0,12.235,3.5934813667714116,25.0,13.0,0.002484923569232135,0,,0,0,0.004797574068162384
1780887061.0,1780887661.0,191.40666666666667,59.33999176122476,327.0,106.0,-0.33107414187261625,0,,0,0,1.0194640976753096e-33
1781131321.0,1781131921.0,7.818333333333333,3.1525646526104567,17.0,11.0,-0.007857327381464954,0,,0,0,0.030019098360214352
1780891441.0,1780892041.0,12.876666666666667,3.595106241669207,25.0,12.0,-0.0009077802993897166,0,,0,0,0.004225143789615324
1781456581.0,1781457181.0,4.216666666666667,1.9882292512573987,11.0,6.0,0.0015821710615862821,0,,0,0,0.08558914920292297
1780853461.0,1780854061.0,10.3,3.2562759915789283,21.0,8.0,-0.0012935035930655443,0,,0,0,0.00819425190922588
1781607361.0,1781607961.0,6.153333333333333,2.5696605915092277,14.0,7.0,0.0029192858869052482,0,,0,0,0.04427743068320889
1780935241.0,1780935841.0,10.146666666666667,3.612730577032035,22.0,13.0,0.00909924749790971,0,,0,0,0.010442673544593193
1781592961.0,1781593561.0,4.428333333333334,2.2393891776305628,14.0,5.0,0.004488095800266114,0,,0,0,0.040547803735285506
1781076481.0,1781077081.0,5.455,2.3060735027314285,14.0,7.0,9.083358564888246e-06,0,,0,0,0.046220992286601065
1781399881.0,1781400481.0,3.095,1.8145637675944781,11.0,7.0,0.0009460304056400168,0,,0,0,0.09881062890197334
1781256001.0,1781256601.0,3.598333333333333,1.8476103184624426,10.0,5.0,-0.001070475195764432,0,,0,0,0.09963385810553227
1781177281.0,1781177881.0,18.716666666666665,7.470813580565075,41.0,22.0,0.03354453762371562,0,,0,0,0.00018920699749746644
1781167441.0,1781168041.0,8.601666666666667,3.163278450524954,19.0,13.0,-0.0036877046880685665,0,,0,0,0.022372397870766902
1780772881.0,1780773481.0,12.103333333333333,3.467370120935398,22.0,9.0,0.0002236117322548297,0,,0,0,0.006525073445768452
1781492641.0,1781493241.0,7.033333333333333,2.951647374301717,19.0,7.0,0.006447629021191725,0,,0,0,0.013881242229566274
1780738441.0,1780739041.0,8.8,2.936551265231604,20.0,12.0,-0.0006234461762393808,0,,0,0,0.016293244577042176
1780930141.0,1780930741.0,9.046666666666667,3.2641214574351993,22.0,7.0,-0.004916013655593505,0,,0,0,0.006333406331587076
1781521141.0,1781521741.0,6.683333333333334,2.7318593586704925,15.0,3.0,-0.0009801138336495365,0,,0,0,0.023824334713365262
1780952761.0,1780953361.0,6.0633333333333335,2.4459467605725917,16.0,7.0,0.001408392801091117,0,,0,0,0.028864700480847147
1780755181.0,1780755781.0,628.1433333333333,79.38964744991769,824.0,546.0,-0.42776963269342366,0,,0,0,3.2751022672045768e-74
1781415901.0,1781416501.0,3.006666666666667,1.69507784154265,9.0,2.0,-0.0006523351453754038,0,,0,0,0.09747430318151144
1781463421.0,1781464021.0,3.6366666666666667,1.8242776348157341,11.0,4.0,-0.0008786691074141931,0,,0,0,0.07417291216040804
1781145001.0,1781145601.0,24.765,5.7734832062917905,47.0,19.0,-0.013242953452648525,0,,0,0,2.8760684062245954e-05
1781592721.0,1781593321.0,3.955,1.9492669562342317,11.0,6.0,-0.0005166958797107762,0,,0,0,0.08673772644031093
1781609641.0,1781610241.0,4.715,2.0993113950372715,11.0,4.0,0.001249253470148524,0,,0,0,0.06986568268782847
1781366941.0,1781367541.0,6.048333333333333,2.408871912096799,14.0,5.0,-9.908360856557619e-05,0,,0,0,0.03727391717996196
1781186701.0,1781187301.0,5.803333333333334,2.3744449643840744,13.0,4.0,0.001833116203100567,0,,0,0,0.042828161559171365
1781149981.0,1781150581.0,11.273333333333333,3.3978359125903785,23.0,13.0,-0.0025007847244020187,0,,0,0,0.0079534036505405
1781355241.0,1781355841.0,60.531666666666666,14.719454152771954,104.0,91.0,0.07210128361467673,1,119.0,1,0,8.113979704743427e-09
1781459041.0,1781459641.0,4.285,2.051123675777093,12.0,3.0,-0.0004172511590309971,0,,0,0,0.05278300344025141
1781059561.0,1781060161.0,4.89,2.225136699920554,13.0,6.0,-0.0004998902774729985,0,,0,0,0.053935910041447994
1781295841.0,1781296441.0,21.226666666666667,4.8496002126177595,37.0,15.0,0.0013712815868933042,0,,0,0,0.00023387056624779652
1781189161.0,1781189761.0,5.003333333333333,2.4447199339710783,18.0,7.0,0.004449567915466433,0,,0,0,0.019536155079224213
1781527801.0,1781528401.0,11.013333333333334,3.5298473369569714,24.0,14.0,0.0016451712365867749,0,,0,0,0.007038726854445264
1780846081.0,1780846681.0,8.423333333333334,3.0769230662393166,20.0,12.0,-0.00044966791574420584,0,,0,0,0.016511636072518116
1781543881.0,1781544481.0,7.08,2.7465614866592736,17.0,13.0,0.006490962474895763,0,,0,0,0.03797264142736917
1781076661.0,1781077261.0,5.581666666666667,2.3593778605575007,15.0,10.0,0.00039947333187036427,0,,0,0,0.04853928048599113
1781544841.0,1781545441.0,11.576666666666666,3.4308583312181353,23.0,17.0,0.00022672285200792683,0,,0,0,0.011419805162434446
1781284981.0,1781285581.0,13.621666666666666,3.756576085864479,25.0,18.0,0.0028341467615187943,0,,0,0,0.007150665074927468
1780881001.0,1780881601.0,9.306666666666667,2.9618612766674643,20.0,11.0,-0.001701282503562506,0,,0,0,0.014452282034424408
1781127361.0,1781127961.0,4.22,2.0448960853794014,12.0,2.0,-0.0007301131392031613,0,,0,0,0.048371178835223405
1781208121.0,1781208721.0,9.966666666666667,4.518726467588947,27.0,16.0,0.017488437467881857,0,,0,0,0.004393910372041205
1781328421.0,1781329021.0,3.9766666666666666,2.0719046524608435,12.0,3.0,0.0012089478026327861,0,,0,0,0.053520645479030196
1781444281.0,1781444881.0,5.168333333333333,2.2538849176970466,15.0,3.0,-0.0005444181789393916,0,,0,0,0.026112444592098327
1781597941.0,1781598541.0,3.763333333333333,1.9884639521220617,12.0,6.0,0.002323839788443855,0,,0,0,0.07092602535671887
1780814461.0,1780815061.0,25.18,7.780805442454741,49.0,14.0,-0.020951502643062912,0,,0,0,1.0296433371406633e-05
1781149021.0,1781149621.0,10.613333333333333,3.293502019971379,21.0,10.0,0.0007215575598821085,0,,0,0,0.009733940121658997
1780736221.0,1780736821.0,10.02,3.0549849972353926,22.0,4.0,-0.0024290067472409727,0,,0,0,0.004574602053640039
1780872361.0,1780872961.0,6.746666666666667,2.521075608192309,16.0,6.0,-0.0013190036638990681,0,,0,0,0.025373284227518663
1781137921.0,1781138521.0,225.61666666666667,15.571439311194782,282.0,194.0,-0.019156775435487595,0,,0,0,1.1489987653509e-25
1781125621.0,1781126221.0,5.008333333333334,2.16754789771504,11.0,4.0,-0.0015300875835766283,0,,0,0,0.06875055349489707
1781222221.0,1781222821.0,17.277591973244146,4.341200251021294,33.0,17.0,-0.00484651287185918,0,,0,0,0.0008697813533019
1781230441.0,1781231041.0,73.05,63.693412793893636,206.0,13.0,-0.3351190419973394,0,,0,0,3.6431382667272016e-23
1781557441.0,1781558041.0,4.355,2.0604954905717863,11.0,5.0,0.00034219539498720456,0,,0,0,0.07771388157505675
1781259061.0,1781259661.0,3.9383333333333335,1.9835651125071636,13.0,3.0,9.925027569520935e-05,0,,0,0,0.04335805406634221
1781291221.0,1781291821.0,31.113333333333333,6.732544508249132,57.0,40.0,0.020292945258181275,0,,0,0,1.5536548694443937e-05
1781487481.0,1781488081.0,3.9633333333333334,2.0368248711058974,11.0,5.0,0.001922394228872858,1,1187.0,1,0,0.07919747800942162
1780751041.0,1780751641.0,27.133333333333333,13.646082058801918,80.0,79.0,0.060937447048464016,0,,0,0,3.291451097988991e-06
1781540401.0,1781541001.0,5.726666666666667,2.2624372305596068,12.0,2.0,-1.5166708796416452e-05,0,,0,0,0.044659069355729705
1780788541.0,1780789141.0,13.491638795986622,3.927320095656287,30.0,11.0,-0.008449123052356637,0,,0,0,0.0011883789609450572
1781449201.0,1781449801.0,4.635,2.0908790017597862,11.0,2.0,-0.0010011416698379742,0,,0,0,0.05867489511349491
1780713241.0,1780713841.0,14.435,3.8616630700601866,27.0,17.0,-0.005505709738082606,0,,0,0,0.003963726224281171
1781273821.0,1781274421.0,6.165,2.6034160251484972,15.0,9.0,0.0011425309514748678,0,,0,0,0.042715380570413464
1780884541.0,1780885141.0,16.645,4.728527783570697,33.0,20.0,0.012446729018691724,0,,0,0,0.0011775502510984442
1780805161.0,1780805761.0,10.03,5.82744369342167,34.0,18.0,0.02015333375926044,0,,0,0,0.0010364842674889497
1781471041.0,1781471641.0,3.138333333333333,1.7755366950743532,12.0,6.0,0.0006033072314089752,0,,0,0,0.07356641336673436
1780944841.0,1780945441.0,7.57,2.7095694614950667,16.0,9.0,-0.0019397831660643585,0,,0,0,0.031969238960981514
1781252761.0,1781253361.0,4.169642857142857,2.164603200428689,15.0,4.0,-0.0007262863890567517,0,,0,0,0.03017685683318603
1781580241.0,1781580841.0,3.8766666666666665,1.965058664660054,11.0,4.0,-0.0002721674226872909,0,,0,0,0.07298884957725603
1780935781.0,1780936381.0,12.973333333333333,4.100319770727915,26.0,12.0,-0.010354473206870045,0,,0,0,0.0032917548752663486
1780867981.0,1780868581.0,7.038333333333333,2.619197820368332,17.0,8.0,0.0011431420642835056,0,,0,0,0.024071128232028977
1780817701.0,1780818301.0,8.968333333333334,2.962655996830472,17.0,6.0,-0.00016930602585007087,0,,0,0,0.017934060859359228
1781116381.0,1781116981.0,5.105,2.242165991476397,14.0,4.0,0.00044558457106825086,0,,0,0,0.035801396878373824
1780738141.0,1780738741.0,9.083333333333334,3.016022030570879,20.0,7.0,-0.0020741724282567556,0,,0,0,0.010002047259215675
1781192401.0,1781193001.0,6.413333333333333,2.477731937792213,16.0,7.0,0.0013500593057202965,0,,0,0,0.02834398256923695
1781141101.0,1781141701.0,72.205,9.519259862685404,109.0,78.0,-0.02159275442431783,0,,0,0,5.133179406003025e-10
1780812961.0,1780813561.0,10.015,3.0878430983455103,20.0,12.0,-0.001783143842066251,0,,0,0,0.015259281900936802
1781420881.0,1781421481.0,3.935,1.969968273856206,11.0,4.0,-0.0008410301139725423,0,,0,0,0.07277877066300821
1781304601.0,1781305201.0,14.92,3.820593322159967,28.0,6.0,-0.0007612243367342629,0,,0,0,0.0010845193286057753
1780907641.0,1780908241.0,8.043333333333333,2.79191491433548,19.0,8.0,-0.0031828977302714714,0,,0,0,0.014595393091312539
1780903621.0,1780904221.0,15.203333333333333,4.092104864519263,28.0,18.0,0.008802191117197565,0,,0,0,0.003318421613461661
1781652181.0,1781652781.0,3.3733333333333335,1.946952033878139,13.0,3.0,-0.002350117639215669,0,,0,0,0.04460651559022696
1781155981.0,1781156581.0,6.201666666666667,2.4415153536732515,14.0,3.0,-0.0010138083716899255,0,,0,0,0.030731726104698414
1780882501.0,1780883101.0,12.476666666666667,3.59992438192187,27.0,15.0,-0.0014517262547951552,0,,0,0,0.00364989314546221
1780762801.0,1780763401.0,28.023333333333333,5.350026998893453,45.0,25.0,-0.002924952569312668,0,,0,0,6.9230536053621e-05
1781434981.0,1781435581.0,10.666666666666666,3.2076297929918423,23.0,16.0,-0.000772224367289907,0,,0,0,0.010962203000263807
1780715401.0,1780716001.0,9.956666666666667,3.391871001215832,21.0,11.0,-0.0012957258214606076,0,,0,0,0.011011174578816285
1781365321.0,1781365921.0,6.588333333333333,2.6151221556342046,18.0,3.0,0.0008894746929852583,0,,0,0,0.012329767467721893
1781095141.0,1781095741.0,4.21,2.0742629212967834,13.0,1.0,-0.0003822232839535623,0,,0,0,0.03550810269973491
1780745941.0,1780746541.0,12.153333333333334,3.7465302466267225,24.0,14.0,0.0036201211670032394,0,,0,0,0.006596465650741897
1781633521.0,1781634121.0,4.236666666666666,2.024184335040221,13.0,6.0,-0.0009280581334948157,0,,0,0,0.05603293609394776
1780740361.0,1780740961.0,14.385,3.806587491879483,26.0,14.0,-0.004088705801960556,0,,0,0,0.0037518605075383513
1781553541.0,1781554141.0,3.5016666666666665,1.8788286835744823,10.0,4.0,-0.00010869474637429826,0,,0,0,0.09169878444025091
1780722061.0,1780722661.0,23.68,4.95287122115378,36.0,16.0,-0.007613576704379733,0,,0,0,0.00028424760119470936
1780909201.0,1780909801.0,8.321666666666667,2.976832302222541,19.0,7.0,-0.0028032577868271923,0,,0,0,0.01301260958627671
1781637061.0,1781637661.0,2.815,1.7341977011479015,9.0,1.0,-6.397239992332986e-05,0,,0,0,0.09005880216286992
1780767601.0,1780768201.0,19.06,4.440315304119743,31.0,20.0,-0.0021683393564982134,0,,0,0,0.0016586068573906788
1781450881.0,1781451481.0,4.138333333333334,2.1101020249162254,14.0,6.0,-0.001148864302400842,0,,0,0,0.0452597961344655
1780910641.0,1780911241.0,8.145,2.8214609100015307,18.0,7.0,0.001754699318609213,0,,0,0,0.016504932162597883
1780768141.0,1780768741.0,18.893333333333334,4.730604847397658,51.0,28.0,0.005314681429670616,0,,0,0,3.830054810461747e-05
1781448421.0,1781449021.0,6.081666666666667,2.4402862992325765,15.0,5.0,-0.0026564240456223424,0,,0,0,0.02986146239197949
1780836301.0,1780836901.0,7.013333333333334,2.7178095755385234,16.0,8.0,0.004367734354817642,0,,0,0,0.029934901447760735
1781371561.0,1781372161.0,4.928333333333334,2.20904139592016,13.0,2.0,0.002192033866760738,0,,0,0,0.037416120123067234
1781230201.0,1781230801.0,96.555,68.08690751532191,217.0,31.0,0.014594457206825522,0,,0,0,4.379866469371179e-24
1781297941.0,1781298541.0,16.74457429048414,4.173595325452768,28.0,23.0,-0.000248755595389471,0,,0,0,0.004926794608859005
1781266201.0,1781266801.0,8.743333333333334,6.391983694875602,31.0,13.0,0.029446359573221035,0,,0,0,0.001324492911875741
1781484181.0,1781484781.0,3.1083333333333334,1.7587677188557018,9.0,6.0,-0.000791807755021542,0,,0,0,0.13570593900201017
1781615641.0,1781616241.0,5.53,2.7133804254717644,14.0,8.0,-0.003639398998330552,0,,0,0,0.049698487080465946
1781068381.0,1781068981.0,11.395,3.6836089640459937,25.0,11.0,-0.0033068702968619412,0,,0,0,0.004123046023940144
1781266441.0,1781267041.0,11.505,5.425861682719161,31.0,8.0,0.004160483779121599,0,,0,0,0.0007429194794665904
1781582221.0,1781582821.0,4.183333333333334,2.0807984578575174,13.0,7.0,0.00024800068889080335,0,,0,0,0.061329391330243725
1781345881.0,1781346481.0,6.14,2.465170717550139,13.0,2.0,-0.0019315609210025608,0,,0,0,0.03496051781923044
1781285221.0,1781285821.0,14.083333333333334,3.861310946067698,27.0,15.0,0.002654285150792093,0,,0,0,0.0033354246805875677
1781481001.0,1781481601.0,3.956594323873122,2.118710451508193,13.0,5.0,0.0006065292767767925,0,,0,0,0.05170377998659553
1781569861.0,1781570461.0,14.668333333333333,4.997499096770526,32.0,18.0,0.00831599532220923,0,,0,0,0.0013334415776911604
1781125861.0,1781126461.0,4.648333333333333,2.1450712238887446,13.0,0.0,-0.000815863377398267,0,,0,0,0.03161759200477392
1781354521.0,1781355121.0,14.751666666666667,7.875912469182363,44.0,25.0,0.03764668790746641,1,625.0,1,0,0.00015336167395079307
1781211181.0,1781211781.0,8.061666666666667,2.7168358843003793,20.0,8.0,0.0014716429767860498,0,,0,0,0.011693714693550966
1781083441.0,1781084041.0,4.826666666666667,2.128369224442873,14.0,2.0,-0.000696001933338702,0,,0,0,0.030298384596783134
1780717501.0,1780718101.0,9.786666666666667,3.1881795571907316,20.0,4.0,-0.00012216700601946803,0,,0,0,0.007224983817567681
1780905241.0,1780905841.0,9.95,3.4680686267719674,22.0,15.0,0.006869574637707328,0,,0,0,0.012803359268158765
1781143561.0,1781144161.0,35.263333333333335,5.882232191571117,57.0,35.0,-0.008921302559173803,0,,0,0,8.088744439477877e-06
1781446081.0,1781446681.0,4.733333333333333,2.1646144126738958,12.0,6.0,-0.0010678362995452737,0,,0,0,0.0673682765026503
1781330701.0,1781331301.0,5.598333333333334,2.3530824937137718,15.0,5.0,-0.0006828074522429171,0,,0,0,0.030669291587801975
1780910161.0,1780910761.0,7.651666666666666,2.795889343701253,18.0,8.0,0.0006419184497734689,0,,0,0,0.018590402813211244
1780805581.0,1780806181.0,53.005,31.496216307148174,119.0,56.0,0.14438009550026532,0,,0,0,7.413474960051281e-12
1781203441.0,1781204041.0,6.961666666666667,2.7252273095815127,18.0,4.0,-0.004501762504895846,0,,0,0,0.013245085038677273
1780766701.0,1780767301.0,20.518333333333334,4.443309264751017,35.0,22.0,-0.0036463712399201313,0,,0,0,0.0007546057223210169
1780910761.0,1780911361.0,8.3,2.820165479778329,18.0,7.0,0.002038061216836709,0,,0,0,0.016380158201531762
1781570881.0,1781571481.0,19.688333333333333,7.680789709109055,46.0,10.0,-0.030583279397998323,0,,0,0,1.8330805405156985e-05
1781288461.0,1781289061.0,8.255,3.0637626648725043,19.0,12.0,0.006208433912316417,0,,0,0,0.020804252723460773
1781354221.0,1781354821.0,7.545,3.3597581758215873,19.0,13.0,0.010169278247995139,1,925.0,1,0,0.023388956745517327
1781652121.0,1781652721.0,3.465,1.9473336471527765,13.0,2.0,-0.0017232547868188547,0,,0,0,0.040532507911835006
1781461081.0,1781461681.0,3.39,1.8279040820932957,11.0,5.0,-0.0009236136767046594,0,,0,0,0.08191220974861406
1781483221.0,1781483821.0,3.9066666666666667,1.9944812748069498,11.0,6.0,-0.000689446359573215,0,,0,0,0.0867934773342811
1781073961.0,1781074561.0,8.045,2.948385151231094,20.0,4.0,0.001547087630798975,0,,0,0,0.007950009816762397
1781059621.0,1781060221.0,4.886666666666667,2.236922489095727,13.0,3.0,-0.0006068350189861671,0,,0,0,0.0410492087498705
1780777081.0,1780777681.0,11.553333333333333,3.3774480833249765,22.0,18.0,0.0014907819188386647,0,,0,0,0.01573872609796051
1781612221.0,1781612821.0,5.551666666666667,2.2775711965942045,16.0,9.0,0.0010246417351159295,0,,0,0,0.035813169543419
1781627641.0,1781628241.0,4.765,2.113395766690817,12.0,7.0,-0.00014286150794864147,0,,0,0,0.07364154851722222
1781150761.0,1781151361.0,9.101666666666667,3.1066590665143083,20.0,9.0,-0.002211811699476947,0,,0,0,0.01202789928621471
1781388601.0,1781389201.0,3.93,1.9074677804181472,10.0,2.0,-0.0010312806424462285,0,,0,0,0.07540642992761487
1780943221.0,1780943821.0,8.585,2.939859690529465,21.0,14.0,0.0011078641885116313,0,,0,0,0.015896794949620655
1781084521.0,1781085121.0,4.778333333333333,2.2216804200624556,13.0,3.0,0.0006810296695268593,0,,0,0,0.04128630517888662
1781374981.0,1781375581.0,3.9883333333333333,2.0740131522137353,10.0,9.0,-0.00011269475748542969,0,,0,0,0.13613865133919503
1781059441.0,1781060041.0,4.988333333333333,2.2608694247027086,13.0,3.0,-0.0009535859821832818,0,,0,0,0.04081356194631877
1781206501.0,1781207101.0,5.486666666666666,2.2999613523323,13.0,6.0,0.001734171483809677,0,,0,0,0.052289911317891034
1781131801.0,1781132401.0,5.991666666666666,2.5583061887810765,17.0,3.0,-0.0014778652162922672,0,,0,0,0.01591023349278408
1781306581.0,1781307181.0,18.035,4.337869100530044,30.0,11.0,-0.001999866666296301,0,,0,0,0.0009320716625829766
1781541001.0,1781541601.0,7.251666666666667,3.0629501936676813,20.0,7.0,-0.0007640854557929312,0,,0,0,0.010933416114792299
1780761361.0,1780761961.0,41.791666666666664,6.66670312490031,61.0,46.0,-0.0055081541893172254,0,,0,0,6.535097152537688e-06
1781524441.0,1781525041.0,16.893333333333334,5.553853517053622,36.0,15.0,-0.020725224236733966,0,,0,0,0.00035477809693483937
1781491021.0,1781491621.0,8.721666666666666,2.9828728694926903,19.0,11.0,-0.0014614207261686748,0,,0,0,0.018572847100533675
1780876141.0,1780876741.0,10.086666666666666,3.3154922543852954,24.0,6.0,0.00025583404398345563,0,,0,0,0.003477018305836529
1781523601.0,1781524201.0,10.98,6.047831567319536,36.0,15.0,0.025130903141397605,0,,0,0,0.00046818511131842256
1781055841.0,1781056441.0,6.956666666666667,2.6934715311079285,16.0,6.0,-0.0037913438648440683,0,,0,0,0.024954554542313812
1781088241.0,1781088841.0,4.825,2.38908106462157,13.0,1.0,0.0006697518604218323,0,,0,0,0.034072189273148396
1780881661.0,1780882261.0,9.893333333333333,3.175734385758495,19.0,12.0,0.004339123164231014,0,,0,0,0.019116519463796427
1780836001.0,1780836601.0,6.786666666666667,2.5608245199978508,15.0,7.0,-0.0035859544054288955,0,,0,0,0.03455898605143419
1780709881.0,1780710481.0,11.413333333333334,3.4033055826488585,22.0,4.0,-0.005907405298348048,0,,0,0,0.0042116386316434105
1781641261.0,1781641861.0,2.7816666666666667,1.7768878849143959,11.0,6.0,0.0004155844877346872,0,,0,0,0.09205418137672086
1780857421.0,1780858021.0,6.866666666666666,2.692995028257984,18.0,8.0,0.0009407248353467692,0,,0,0,0.019395825354564723
1781487961.0,1781488561.0,4.51,2.1330494602798127,12.0,9.0,0.0008523357009325029,1,707.0,1,0,0.08873537386630823
1781312161.0,1781312761.0,5.3933333333333335,2.6048587080471157,19.0,6.0,0.004854902374728814,0,,0,0,0.013879930182996254
1781532361.0,1781532961.0,7.265,2.8996738322324,19.0,9.0,0.0071296586934963746,0,,0,0,0.016593362366920928
1780955941.0,1780956541.0,6.868333333333333,2.7762679785800377,17.0,9.0,0.0012707535298709096,0,,0,0,0.02648325031328131
1781383681.0,1781384281.0,3.6866666666666665,1.9727701899162564,12.0,1.0,-0.0021379503831955105,0,,0,0,0.04542346988685998
1781122201.0,1781122801.0,4.453333333333333,2.1620566340613947,11.0,3.0,-0.0004602235006208344,0,,0,0,0.06455799949988872
1780802881.0,1780803481.0,9.933333333333334,3.227313984655902,20.0,6.0,0.0024401734449262347,0,,0,0,0.008654851740067363
1781577901.0,1781578501.0,7.14,2.652118649935054,17.0,7.0,-0.001168781024391732,0,,0,0,0.021792716885721368
1781580361.0,1781580961.0,3.8216666666666668,1.9407551508512235,11.0,4.0,1.163892121922492e-05,0,,0,0,0.07323813958035741
1781536441.0,1781537041.0,5.611666666666666,2.479421415482966,13.0,7.0,0.002381923283120233,1,500.0,1,0,0.0565243263779147
1781398741.0,1781399341.0,4.256666666666667,2.0035274448387828,10.0,4.0,-0.00038050105694738495,0,,0,0,0.08821511477039867
1781488441.0,1781489041.0,9.946666666666667,4.043573776857409,26.0,17.0,0.013619926722018673,1,227.0,1,0,0.006168408079654128
1781161681.0,1781162281.0,10.82,3.568977444591097,22.0,16.0,0.008516690324139806,0,,0,0,0.013424581855626302
1781167561.0,1781168161.0,8.205,2.925686529118707,17.0,7.0,-0.0006893630260084026,0,,0,0,0.020474483703239645
1781059801.0,1781060401.0,4.761666666666667,2.252745855370483,13.0,3.0,-0.0003479731888144131,0,,0,0,0.04127262530317577
1780773241.0,1780773841.0,12.525,3.37234463442474,23.0,13.0,0.0020568668246300874,0,,0,0,0.007480835505619878
1780839301.0,1780839901.0,19.543333333333333,5.2186960908725935,42.0,27.0,-0.0017340048166800755,0,,0,0,0.00025404032016628555
1781397901.0,1781398501.0,4.005,2.0145243441897973,11.0,5.0,0.0014471984644401769,0,,0,0,0.07910707095293237
1780894201.0,1780894801.0,11.005,3.2163605208371777,22.0,8.0,0.0009051969588804421,0,,0,0,0.00632798957685074
1781233861.0,1781234461.0,9.768333333333333,3.173010750410755,20.0,13.0,-0.0029768138244828293,0,,0,0,0.01691250246546577
1781420341.0,1781420941.0,3.305,1.8171337320076362,11.0,4.0,0.0016575879377442703,0,,0,0,0.07534096346625328
1781219341.0,1781219941.0,7.435,2.6787637073844346,15.0,13.0,-0.003363426009516695,0,,0,0,0.05763141967286094
1781542381.0,1781542981.0,6.415,2.782584230531037,18.0,8.0,0.007986716629768418,0,,0,0,0.01976490037734659
1781642461.0,1781643061.0,2.6266666666666665,1.655482474151334,9.0,5.0,-0.00032022311173086475,0,,0,0,0.12799606639306382
1780890481.0,1780891081.0,17.698333333333334,4.610928744720406,34.0,9.0,-0.008570440473445738,0,,0,0,0.00031342076372909805
1781062741.0,1781063341.0,5.121666666666667,2.3216798276726753,14.0,7.0,0.0010838085661349073,0,,0,0,0.046936230107181516
1781520361.0,1781520961.0,6.886666666666667,2.514721102274012,16.0,5.0,-9.461137392049501e-05,0,,0,0,0.022964945480532146
1781115241.0,1781115841.0,6.9366666666666665,2.6569385055402055,18.0,5.0,-0.002112394756652114,0,,0,0,0.01460724005738705
1780826941.0,1780827541.0,9.603333333333333,3.061479308366391,20.0,9.0,-0.0021392281645226823,0,,0,0,0.011752812959187108
1781595541.0,1781596141.0,3.3733333333333335,1.8851937713549651,10.0,5.0,0.00047211242253450707,0,,0,0,0.10052045522126321
1781515561.0,1781516161.0,9.306666666666667,3.183178006681722,19.0,8.0,-0.0024568957135992103,0,,0,0,0.013513028303230087
1781357941.0,1781358541.0,37.36333333333334,6.869108789031919,61.0,36.0,-0.01453676260211838,0,,0,0,3.1176809459054224e-06
1781334361.0,1781334961.0,13.163333333333334,3.7563265152125536,27.0,8.0,-0.002635562876563551,0,,0,0,0.0018008159319502055
1781636581.0,1781637181.0,2.7796327212020033,1.6520900503772082,9.0,3.0,0.0001654778050495326,0,,0,0,0.10743846430164858
1780719721.0,1780720321.0,20.635,4.857479627680731,35.0,12.0,-0.007888160800446676,0,,0,0,0.0002845305600240262
1781499121.0,1781499721.0,6.298333333333333,2.6069133514987075,15.0,2.0,-0.00041475115208653964,0,,0,0,0.02221925211212285
1780947661.0,1780948261.0,7.0183333333333335,2.7309333976174193,18.0,6.0,0.0004233067314075893,0,,0,0,0.015937740374186438
1781121901.0,1781122501.0,4.658333333333333,2.1798158688802642,12.0,8.0,-0.0004336956491545849,0,,0,0,0.08063079415372522
1781186821.0,1781187421.0,5.9,2.3380903889000244,13.0,5.0,-0.0005012236145100369,0,,0,0,0.04676059961132933
1781292661.0,1781293261.0,42.086666666666666,6.343696784122716,70.0,45.0,0.004017177825493975,0,,0,0,7.714291725166407e-07
1781294761.0,1781295361.0,28.366666666666667,5.395883204402737,46.0,23.0,-0.0032781202170005883,0,,0,0,4.475241604736312e-05
1780812121.0,1780812721.0,24.058333333333334,7.5666987884780745,50.0,18.0,-0.03393034425095627,0,,0,0,1.2823504006433165e-05
1781074021.0,1781074621.0,8.19,2.978349654870406,20.0,11.0,0.0010034472317978695,0,,0,0,0.015261678680435528
1781652841.0,1781653441.0,3.7916666666666665,2.1466867235087865,12.0,10.0,0.0039045941794282717,0,,0,0,0.09990487959834547
1780847101.0,1780847701.0,24.291666666666668,9.315216792371977,57.0,41.0,0.04476520768113244,0,,0,0,2.1807341544064433e-05
1781191501.0,1781192101.0,8.913333333333334,3.077740874227213,18.0,5.0,-0.0008958913774760434,0,,0,0,0.013041019203226163
1781135401.0,1781136001.0,235.25041736227044,23.272517679113278,288.0,263.0,0.09446379417200367,0,,0,0,9.838665900411888e-24
1780821541.0,1780822141.0,11.883333333333333,4.099559596943175,25.0,5.0,-0.010138583718288104,0,,0,0,0.0022381926661968637
1780882561.0,1780883161.0,12.423333333333334,3.60704711486957,27.0,14.0,-0.002402506673629629,0,,0,0,0.0033267582729187674
1781326261.0,1781326861.0,3.4883333333333333,1.9217692947443568,14.0,4.0,-0.0005040291778588275,0,,0,0,0.03915997106183771
1780814581.0,1780815181.0,23.028333333333332,8.927720718202503,49.0,10.0,-0.04128425356737103,0,,0,0,7.495567760442692e-06
1780808041.0,1780808641.0,15.09,3.8723679232910366,29.0,15.0,-0.0035417876160767025,0,,0,0,0.0020178005428853033
1780878661.0,1780879261.0,9.383333333333333,3.105326964355856,22.0,11.0,-0.003970344362067668,0,,0,0,0.009151008644007492
1781490121.0,1781490721.0,8.328333333333333,3.903912211558497,25.0,5.0,-0.014530790363306572,0,,0,0,0.0026932006446897115
1781305741.0,1781306341.0,21.778333333333332,4.74368322672958,37.0,15.0,0.0012368645468459126,0,,0,0,0.0002284142858495603
1781634781.0,1781635381.0,4.531666666666666,2.139859159436018,14.0,5.0,-0.0024774791041086252,0,,0,0,0.040493418967620404
1780823161.0,1780823761.0,7.0616666666666665,2.5995891769448667,16.0,9.0,-6.763907677521046e-05,0,,0,0,0.03289946687520823
1781379121.0,1781379721.0,3.3583333333333334,1.833011335359265,10.0,1.0,0.0009662526840352311,0,,0,0,0.0710666212655033
1781182621.0,1781183221.0,5.3,2.3323807579381204,14.0,3.0,-0.0004227789521637565,0,,0,0,0.032235174386773396
1781215741.0,1781216341.0,20.401666666666667,6.749345441514228,42.0,32.0,0.028302328617579503,0,,0,0,0.0003699507528571706
1780872661.0,1780873261.0,6.985,2.8085776352690224,17.0,8.0,0.0030509251414587235,0,,0,0,0.02396513973244741
1780743541.0,1780744141.0,12.401666666666667,3.534166175430289,25.0,12.0,-1.1361142669833999e-05,0,,0,0,0.004336432580701421
1781404621.0,1781405221.0,3.1616666666666666,1.7603590227248784,9.0,1.0,0.0003885844127344783,0,,0,0,0.0885655261144891
1780854661.0,1780855261.0,18.778333333333332,4.572293066819852,34.0,22.0,-0.011288336912046972,0,,0,0,0.00102732636366392
1781500801.0,1781501401.0,5.865,2.467814485194001,15.0,4.0,-0.002682813007813915,0,,0,0,0.027478548708707085
1780960921.0,1780961521.0,9.013333333333334,3.1811668020118375,21.0,8.0,-0.005758738218717279,0,,0,0,0.008759766386528114
1781365801.0,1781366401.0,6.218333333333334,2.447583275169384,16.0,6.0,-0.0004841402337228699,0,,0,0,0.026106981481136594
1781493301.0,1781493901.0,8.43,3.075456605665788,19.0,10.0,-0.005489681915783109,0,,0,0,0.0170964606708854
1781333461.0,1781334061.0,13.315,3.9890401936639677,26.0,10.0,-0.0071717143658732415,0,,0,0,0.002686640774274096
1781167081.0,1781167681.0,13.788333333333334,6.492575032724347,39.0,5.0,-0.028010383362176025,0,,0,0,7.808623859735801e-05
1781511901.0,1781512501.0,12.291666666666666,3.651474207616547,24.0,16.0,0.0030934252595146198,0,,0,0,0.00794628286686703
1780819801.0,1780820401.0,19.44333333333333,6.306355700578759,45.0,20.0,0.022616007266686847,0,,0,0,6.367698197579066e-05
1781217361.0,1781217961.0,15.39,4.044077974849974,29.0,22.0,-0.005940516501434708,0,,0,0,0.003844315076229159
1780715821.0,1780716421.0,10.385,3.484744132166186,23.0,8.0,0.00041325114791985096,0,,0,0,0.005157708648609143
1781272081.0,1781272681.0,4.836666666666667,2.124458100839417,13.0,4.0,2.838896774712808e-05,0,,0,0,0.04526644064003664
1780879861.0,1780880461.0,8.035,2.890289777859653,18.0,8.0,-0.0014081983561065397,0,,0,0,0.018179132429758205
1781285701.0,1781286301.0,13.076666666666666,3.8406755771464067,32.0,11.0,-0.004473012425034522,0,,0,0,0.0007741612067258248
1780843621.0,1780844221.0,10.301666666666666,3.212579008972213,22.0,8.0,0.007296270267417412,0,,0,0,0.0065543884711608755
1781053201.0,1781053801.0,20.725,15.075124377596358,88.0,15.0,-0.052600673890760855,0,,0,0,1.5626115758633622e-09
1781342941.0,1781343541.0,4.948333333333333,2.216377800727023,13.0,5.0,0.0018355884321900947,0,,0,0,0.04914779104338117
1781566741.0,1781567341.0,8.266666666666667,2.9215673114880576,17.0,7.0,0.0022771174364373263,0,,0,0,0.020415777738592645
1780957081.0,1780957681.0,5.951666666666667,2.5105106828868284,14.0,2.0,-0.0036997602771118897,0,,0,0,0.02828395636031949
1781492281.0,1781492881.0,5.673333333333333,2.3230631119756997,13.0,5.0,0.001170447695688046,0,,0,0,0.04729509454078715
1780716121.0,1780716721.0,9.798333333333334,3.2584757002145786,22.0,9.0,-0.005171431031752882,0,,0,0,0.007375748363697845
1780914601.0,1780915201.0,10.11,3.3213300548625595,21.0,11.0,-0.0036108989191636805,0,,0,0,0.010956829328340306
1781085721.0,1781086321.0,4.898333333333333,2.24825796760267,13.0,2.0,-0.0007368076022433455,0,,0,0,0.03741654286094854
1781121961.0,1781122561.0,4.663333333333333,2.2278514811859034,12.0,2.0,-0.0013311148086522465,0,,0,0,0.04704648391904277
1781400961.0,1781401561.0,3.58,1.9723758938566114,11.0,5.0,0.002303506398628884,0,,0,0,0.08079087493189371
1781137321.0,1781137921.0,238.01833333333335,16.147486818559585,292.0,229.0,-0.01570790474418003,0,,0,0,1.768799690137298e-25
1781463601.0,1781464201.0,3.4133333333333336,1.8445836627512695,9.0,3.0,-0.0022092283589676596,0,,0,0,0.10374993855309103
1780806421.0,1780807021.0,25.216666666666665,6.753250246280593,47.0,27.0,-0.02392939980388838,0,,0,0,5.8120939619713754e-05
1781100181.0,1781100781.0,5.456666666666667,2.31187994690228,14.0,11.0,-0.0006071683532454218,0,,0,0,0.06626046290944167
1781104801.0,1781105401.0,8.656666666666666,3.0075663842308713,21.0,10.0,0.002670174083816892,0,,0,0,0.01084150436349864
1781505421.0,1781506021.0,4.26,2.128160394957736,13.0,1.0,-0.00045816793935539283,0,,0,0,0.03535253081672285
1781181541.0,1781182141.0,5.368333333333333,2.289686417151678,13.0,3.0,0.00035719543665398796,0,,0,0,0.040032753708312725
1781641081.0,1781641681.0,2.631666666666667,1.6968590264236907,10.0,2.0,0.0004734735374264911,0,,0,0,0.08065946018986332
1781141161.0,1781141761.0,71.00666666666666,9.399465705855603,109.0,63.0,-0.02176883824677289,0,,0,0,1.3085744559151742e-10
1781295301.0,1781295901.0,23.753333333333334,5.288902427620393,41.0,31.0,-0.00910091416920605,0,,0,0,0.00037691834067022284
1780755241.0,1780755841.0,601.6066666666667,74.9629816791076,801.0,498.0,-0.4024863957955445,0,,0,0,2.748662418461714e-73
1781638081.0,1781638681.0,2.8066666666666666,1.6869960152755417,10.0,2.0,0.001234281206336686,0,,0,0,0.08003937975540062
1781074081.0,1781074681.0,8.31,2.977790008266757,20.0,4.0,-0.0005846682907452596,0,,0,0,0.007837293766546112
1781542801.0,1781543401.0,7.946666666666666,2.7641434276985137,18.0,7.0,-0.0021835060652946226,0,,0,0,0.01670267996469382
1781426581.0,1781427181.0,3.8383333333333334,2.0845936188033285,15.0,2.0,0.003972649924027565,1,104.0,1,0,0.025549674115476914
1780745881.0,1780746481.0,11.911666666666667,3.7590597967517825,24.0,18.0,0.0024682568562690447,0,,0,0,0.009744354413744105
1781486101.0,1781486701.0,3.546666666666667,1.8862190281677844,12.0,2.0,0.0005841682893563604,0,,0,0,0.0502345549525711
1781476921.0,1781477521.0,3.3433333333333333,1.8669374803553427,13.0,5.0,0.00044911235864543984,0,,0,0,0.053715047661600186
1780925761.0,1780926361.0,9.92,3.3857938507830037,21.0,7.0,-0.003271120197556108,0,,0,0,0.007559186610017582
1780802161.0,1780802761.0,10.416666666666666,3.3798011118341793,21.0,13.0,-0.0038158439328998127,0,,0,0,0.013002707364429631
1781226661.0,1781227261.0,5.19,2.3460392153585157,12.0,6.0,0.0023143397620548896,0,,0,0,0.06552193503224801
1781258701.0,1781259301.0,3.841666666666667,1.9313028130139394,13.0,3.0,0.0003930844252345159,0,,0,0,0.04364215020485716
1781504401.0,1781505001.0,7.466666666666667,2.866279043560755,18.0,2.0,0.00048677912994201945,0,,0,0,0.010641470953486507
1780918861.0,1780919461.0,15.851666666666667,3.9589136416727024,29.0,10.0,-0.004386762185450531,0,,0,0,0.0012023265570390229
1780781461.0,1780782061.0,25.473333333333333,5.336911299827103,43.0,29.0,-0.011960533223703407,0,,0,0,0.0001813312511484426
1781576521.0,1781577121.0,5.715,2.4678820204107543,15.0,7.0,0.002324034233428425,0,,0,0,0.03651974706621875
1781184961.0,1781185561.0,5.051666666666667,2.224634177167613,12.0,2.0,-2.2027838966224262e-05,0,,0,0,0.04618737663969606
1781633941.0,1781634541.0,3.9166666666666665,1.9060575950258047,13.0,5.0,-0.0009667804632790626,0,,0,0,0.052200128270701224
1780815181.0,1780815781.0,16.23,4.581895532055119,33.0,13.0,9.911138642049142e-05,0,,0,0,0.0006202554572454764
1781103781.0,1781104381.0,7.681666666666667,2.8496193702941373,19.0,7.0,-0.0010190861641282314,0,,0,0,0.013495064821699087
1780929781.0,1780930381.0,8.871666666666666,3.2452833295243866,22.0,15.0,0.005286764685457458,0,,0,0,0.01361761048528938
1780902241.0,1780902841.0,11.805,3.558601082822668,23.0,14.0,0.0014297539715388027,0,,0,0,0.008463569756089296
1780793701.0,1780794301.0,11.461666666666666,3.443137700154065,21.0,9.0,-0.0053647093464148435,0,,0,0,0.008442790146884
1781521561.0,1781522161.0,6.233333333333333,2.5714241622537157,15.0,6.0,-0.0009668360189889513,0,,0,0,0.032357272169157465
1781503681.0,1781504281.0,5.653333333333333,2.5350520485561807,13.0,10.0,0.0013972261034058378,0,,0,0,0.07358869415122558
1781285101.0,1781285701.0,13.843333333333334,3.840415197460932,27.0,10.0,0.00358295439709554,0,,0,0,0.0020991531460265635
1780823881.0,1780824481.0,17.305,9.151792629497969,42.0,42.0,0.046422712285311904,0,,0,0,0.0010233472158849995
1780743781.0,1780744381.0,12.233333333333333,3.4393151773120314,23.0,10.0,-0.0019647832355089993,0,,0,0,0.005696954350608733
1781583721.0,1781584321.0,3.486666666666667,1.9156780058825706,11.0,3.0,-0.0011958922108117,0,,0,0,0.06813664711933902
1781618161.0,1781618761.0,4.1433333333333335,2.0006971007348633,14.0,3.0,-0.0005867794077205768,0,,0,0,0.034509956626011994
1780928881.0,1780929481.0,7.338333333333333,2.636385888969131,17.0,5.0,-0.00021819505054181874,0,,0,0,0.017909850441346638
1781054641.0,1781055241.0,8.926666666666666,4.467059684201927,27.0,21.0,0.0156111544754291,0,,0,0,0.00745084670320967
1781581621.0,1781582221.0,4.141666666666667,2.0277073808176125,12.0,4.0,-0.0011976422156728236,0,,0,0,0.058203430536445805
1781121661.0,1781122261.0,4.528333333333333,2.217926333813236,12.0,6.0,0.0017590326639796165,0,,0,0,0.0678881976416395
1781124361.0,1781124961.0,4.378333333333333,2.0603876388248454,14.0,6.0,0.0007130853141258728,0,,0,0,0.044823930737614544
1781339521.0,1781340121.0,6.515,2.7178008879729703,20.0,4.0,-0.0058346550962641575,0,,0,0,0.008652651792702392
1781257021.0,1781257621.0,3.341666666666667,1.773395205687541,10.0,3.0,-0.00015813932816480193,0,,0,0,0.08498457671025349
1781373901.0,1781374501.0,5.873333333333333,2.6945541787505816,15.0,7.0,-0.006176517156992107,0,,0,0,0.03594198831324393
1781141701.0,1781142301.0,59.29,8.32601745534242,86.0,66.0,-0.018037772327145412,0,,0,0,5.977314520049471e-08
1781601061.0,1781601661.0,4.471666666666667,2.193748061094426,15.0,4.0,-0.0017076991880533034,0,,0,0,0.029705255445928908
1781457481.0,1781458081.0,4.5,2.127596452964393,14.0,5.0,-0.0020755613210036677,0,,0,0,0.04057323597061398
1781196421.0,1781197021.0,8.056666666666667,3.136896909721807,21.0,8.0,-0.004979291609143366,0,,0,0,0.009201164954356307
1781538721.0,1781539321.0,6.79,2.504509266636214,15.0,9.0,-0.001248503468065181,0,,0,0,0.04160279541990804
1780782361.0,1780782961.0,19.386666666666667,4.842914641228175,47.0,26.0,0.006799129997583325,0,,0,0,7.607507015341504e-05
1781626741.0,1781627341.0,4.775919732441472,2.16384599850886,11.0,6.0,0.0002919330041268832,0,,0,0,0.08291310527030114
1781627221.0,1781627821.0,4.798333333333333,2.1340877572292,14.0,4.0,0.0005236403434453949,0,,0,0,0.036479536902121676
1781233381.0,1781233981.0,11.365,3.460988538938935,23.0,10.0,-0.003618593384981627,0,,0,0,0.005943857918324761
1781431201.0,1781431801.0,4.201666666666667,2.0875018296731835,13.0,3.0,0.0029118136439267874,0,,0,0,0.042652711615688094
1781495101.0,1781495701.0,8.631666666666666,3.1805655506878368,21.0,16.0,-0.0009063636287878524,0,,0,0,0.018960651003669456
1781125381.0,1781125981.0,5.256666666666667,2.1449449617388527,11.0,6.0,-0.000341000947224854,0,,0,0,0.08115366899396956
1781419261.0,1781419861.0,4.341666666666667,2.271181166021084,13.0,8.0,0.004305761960449888,0,,0,0,0.06611591178179038
1781388721.0,1781389321.0,3.7933333333333334,1.8781077948000984,10.0,3.0,-0.0009808360578779395,0,,0,0,0.08293847281063968
1780803781.0,1780804381.0,7.278333333333333,2.7044772548909006,17.0,8.0,0.0002860841280114647,0,,0,0,0.023715172618812543
1781116861.0,1781117461.0,5.345,2.35993820540567,14.0,4.0,-0.0007930299806388426,0,,0,0,0.03523625796230155
1781648221.0,1781648821.0,3.4233333333333333,1.766575469344259,10.0,3.0,0.001290281361892674,0,,0,0,0.08468711607123422
1781649841.0,1781650441.0,4.596666666666667,2.712438427360559,18.0,6.0,0.008161967116575321,0,,0,0,0.017968913394522543
1780921621.0,1780922221.0,14.126666666666667,3.814090833853972,27.0,12.0,-0.003621232281200798,0,,0,0,0.0025062261743603355
1781641321.0,1781641921.0,2.805,1.7786628873023316,11.0,2.0,-4.225011736143848e-05,0,,0,0,0.06466153018844671
1781605801.0,1781606401.0,5.1066666666666665,2.305491029886885,14.0,5.0,-0.00015338931497031462,0,,0,0,0.039151606310102935
1781590441.0,1781591041.0,3.4516666666666667,1.9159846612700797,11.0,8.0,0.0011394198317217523,0,,0,0,0.10557064667342238
1780865581.0,1780866181.0,6.151666666666666,2.487702532235092,15.0,9.0,-0.0008860302389728895,0,,0,0,0.042922876611359954
1781480581.0,1781481181.0,3.925,2.051676144034433,13.0,5.0,0.0005298070272417371,0,,0,0,0.05190660954547865
1781392801.0,1781393401.0,3.4983333333333335,1.9330452371553255,13.0,6.0,-8.497245825682536e-05,0,,0,0,0.05821125451707402
1781460721.0,1781461321.0,3.7133333333333334,1.863998092512138,11.0,2.0,-0.0013187814410595532,0,,0,0,0.06177522043536865
1781454481.0,1781455081.0,3.5116666666666667,1.8275294495271175,11.0,3.0,-0.00025641737893716484,0,,0,0,0.06826989029560514
1781144761.0,1781145361.0,27.27166666666667,5.9811813678867445,47.0,17.0,-0.011296670268528545,0,,0,0,2.0794900205101605e-05
1780893421.0,1780894021.0,14.6,3.860483562111531,27.0,16.0,0.0014362262117394754,0,,0,0,0.0035748839394299423
1781495821.0,1781496421.0,7.495,2.765256166554315,18.0,9.0,-0.0016283656343489843,0,,0,0,0.020594754871156556
1781400301.0,1781400901.0,3.2516666666666665,1.7668231062811266,9.0,4.0,-0.0005716960324889772,0,,0,0,0.11407683903617312
1781613721.0,1781614321.0,5.115,2.1783269573994932,12.0,8.0,-0.0004451401253892357,0,,0,0,0.07895525622626964
1781189941.0,1781190541.0,7.425,2.883465796571896,18.0,5.0,-0.005108653079591893,0,,0,0,0.014138801522980974
1780767541.0,1780768141.0,19.203333333333333,4.428166161692169,35.0,14.0,-0.0012295589709971542,0,,0,0,0.0003760150663431218
1781068021.0,1781068621.0,10.253756260434058,3.615822456105965,25.0,14.0,0.006408082684916304,0,,0,0,0.005817745472646135
1780898521.0,1780899121.0,10.703333333333333,3.2764801574589497,24.0,11.0,-0.0022015061152947696,0,,0,0,0.005429923580460491
1780804681.0,1780805281.0,7.713333333333333,2.7247915312715008,18.0,6.0,-0.0020431167864355185,0,,0,0,0.015404319727329968
1781203381.0,1781203981.0,7.31,2.7118075152930747,18.0,5.0,-0.0039802332784257795,0,,0,0,0.014311029281984508
1781172301.0,1781172901.0,5.956666666666667,2.4674120495414265,14.0,8.0,0.0010983919399776114,0,,0,0,0.04913349385790409
1781259901.0,1781260501.0,3.5416666666666665,1.9039250393740703,11.0,7.0,-0.0004150844863457976,0,,0,0,0.09653940347524921
1780809421.0,1780810021.0,19.721666666666668,4.794878923277301,35.0,13.0,-0.0036037044547345717,0,,0,0,0.0003284401850533987
1781151001.0,1781151601.0,8.708333333333334,2.972080733911663,19.0,10.0,-0.0013610315584210064,0,,0,0,0.0169289920607507
1781548441.0,1781549041.0,6.191666666666666,2.494981073185838,16.0,11.0,0.002288589690526922,0,,0,0,0.04139022277427379
1781096821.0,1781097421.0,5.543333333333333,2.3603930934392165,14.0,4.0,-0.0025074514095872473,0,,0,0,0.034899450059717924
1781330761.0,1781331361.0,5.5616666666666665,2.3372770244215575,15.0,10.0,-0.00012436145655959902,0,,0,0,0.04862438429620704
1781234341.0,1781234941.0,8.278333333333334,2.9173384940539364,18.0,6.0,-0.0033283703565843317,0,,0,0,0.01487331230423433
1780871401.0,1780872001.0,12.88,3.7526346300521536,24.0,5.0,-0.0075587987744410445,0,,0,0,0.0027046803073979336
1780755781.0,1780756381.0,421.9533333333333,53.43339613221512,545.0,375.0,-0.28226022850063553,0,,0,0,6.180099169908267e-49
1781276941.0,1781277541.0,8.151666666666667,2.82642245407315,19.0,14.0,0.001616810046694576,0,,0,0,0.025418404037427268
1780793041.0,1780793641.0,8.793333333333333,3.5176633658659773,20.0,12.0,0.00996569434915097,0,,0,0,0.015948501018655862
1781211961.0,1781212561.0,7.171666666666667,2.6449065305896076,19.0,8.0,0.0009869749638193451,0,,0,0,0.015320961345485174
1781268721.0,1781269321.0,3.3583333333333334,1.9553168257059748,11.0,3.0,-0.0016883102453062356,0,,0,0,0.06844988358097785
1781148481.0,1781149081.0,10.97,3.445639756755389,23.0,7.0,-0.0010571140475390242,0,,0,0,0.004562384270079653
1781097901.0,1781098501.0,25.80666666666667,9.139618275520167,58.0,18.0,-0.042121672560201565,0,,0,0,1.807072063644208e-06
1780716361.0,1780716961.0,8.688333333333333,2.991298027427038,22.0,2.0,-0.003169481026336182,0,,0,0,0.00405245888976625
1781059141.0,1781059741.0,5.88,2.6537269389797187,15.0,5.0,-0.005027791743865958,0,,0,0,0.029919261503714968
1781206141.0,1781206741.0,5.405,2.3016606323840763,14.0,8.0,-0.00022558395995543633,0,,0,0,0.05074323015063474
1781349181.0,1781349781.0,4.913333333333333,2.3746906231245273,13.0,10.0,0.0034386206628351772,0,,0,0,0.076585961008078
1781566561.0,1781567161.0,7.565,2.8998462602926613,16.0,6.0,0.004279650776807714,0,,0,0,0.024039165162526403
1781204461.0,1781205061.0,4.333333333333333,2.133593734107368,13.0,3.0,-0.0013495037486215245,0,,0,0,0.04231310196269927
1780734121.0,1780734721.0,14.053333333333333,3.767026531481944,27.0,14.0,-0.001024613957260996,0,,0,0,0.003048185225009528
1781232961.0,1781233561.0,14.951666666666666,4.6449970099260804,29.0,14.0,-0.013936510934752578,0,,0,0,0.0017938829691693603
1780765681.0,1780766281.0,28.055,5.931158543376384,53.0,21.0,-0.014020622279506277,0,,0,0,7.537521269308295e-06
1780934401.0,1780935001.0,8.578333333333333,3.0409204564115484,21.0,4.0,-0.000989030525084789,0,,0,0,0.006160825321910885
1781458381.0,1781458981.0,4.346666666666667,2.1007511883979872,11.0,5.0,0.001916227545076509,0,,0,0,0.0776342870092268
1781631841.0,1781632441.0,6.916666666666667,4.874394549297607,24.0,7.0,0.020682446340128717,0,,0,0,0.004222565640736216
1781292061.0,1781292661.0,39.61833333333333,6.362598831365128,62.0,36.0,0.008371162142117078,0,,0,0,2.263352920071159e-06
1781093221.0,1781093821.0,4.858333333333333,2.124836595024558,12.0,5.0,-0.0010058639051775211,0,,0,0,0.06134055780896016
1781391181.0,1781391781.0,5.496666666666667,2.5910079548743616,16.0,7.0,-0.0037362326006461118,0,,0,0,0.02951285678697924
1781294701.0,1781295301.0,28.59,5.394617688029431,46.0,29.0,-0.004476012433367889,0,,0,0,7.845447784141949e-05
1781463361.0,1781463961.0,3.6733333333333333,1.807379933003081,11.0,5.0,-0.00010127805910572261,0,,0,0,0.08090911789799339
1780867861.0,1780868461.0,6.983333333333333,2.580643761200337,17.0,7.0,0.0003943899844166259,0,,0,0,0.022019061583092105
1781345221.0,1781345821.0,6.225,2.4016053658612053,15.0,3.0,0.0006660851835699573,0,,0,0,0.02466421225443435
1781515681.0,1781516281.0,9.051666666666666,3.1137861019808164,19.0,9.0,-0.001474920763668788,0,,0,0,0.015073027672208944
1780851241.0,1780851841.0,23.233333333333334,5.516238654091109,40.0,21.0,-0.01661187947744297,0,,0,0,0.00018528875798095302
1781572861.0,1781573461.0,15.565,4.069288430835708,29.0,17.0,0.007476492990258285,0,,0,0,0.0023660871376793287
1781222761.0,1781223361.0,13.16,3.837672905985258,31.0,10.0,-0.00833230092305812,0,,0,0,0.0008789420977682288
1780890241.0,1780890841.0,17.886666666666667,4.41631319340264,34.0,16.0,0.005827127297575826,0,,0,0,0.0006098340706558999
1781589481.0,1781590081.0,3.381666666666667,1.8228175687349761,11.0,3.0,0.00032186200517224004,0,,0,0,0.06869676932109717
1781308981.0,1781309581.0,7.366666666666666,2.7200898677964465,18.0,8.0,0.00027433409537249613,0,,0,0,0.018906015682985562
1781166541.0,1781167141.0,117.15,93.83183983417712,391.0,17.0,-0.4994491095808599,0,,0,0,1.1750910114657788e-42
1780889941.0,1780890541.0,17.795,4.333163778734117,31.0,24.0,-0.003761704893624715,0,,0,0,0.0025965302590813836
1781160901.0,1781161501.0,9.841666666666667,3.367481337076058,21.0,6.0,-0.005490876363545456,0,,0,0,0.0069075441433857345
1781433661.0,1781434261.0,12.101666666666667,4.217977069112107,24.0,16.0,0.01312628646190682,0,,0,0,0.007852262342569973
1780917661.0,1780918261.0,15.871666666666666,3.7733977468000313,30.0,14.0,0.0009398637218436649,0,,0,0,0.0014123621282910402
1781143381.0,1781143981.0,36.40833333333333,5.980936149318284,59.0,41.0,-0.008409662249061792,0,,0,0,8.574999758048552e-06
1781565421.0,1781566021.0,5.138333333333334,2.2028460126744123,13.0,5.0,-0.0002773063258509107,0,,0,0,0.04872867155437788
1781567821.0,1781568421.0,17.259197324414714,5.023826909230242,36.0,17.0,0.014194323450809523,0,,0,0,0.0004301306509445101
1781644621.0,1781645221.0,6.73,6.051481912171046,25.0,3.0,-0.025873849649582364,0,,0,0,0.002222949353767165
1780727461.0,1780728061.0,51.80833333333333,12.80539979418405,103.0,40.0,-0.05819996722213112,0,,0,0,1.3043405681496713e-10
1781194021.0,1781194621.0,5.96,2.5268689452891433,14.0,7.0,-0.0016356156544879356,0,,0,0,0.04475844347728234
1781126941.0,1781127541.0,4.226666666666667,2.1264890207935605,11.0,5.0,0.001227058964052678,0,,0,0,0.07799547872568283
1781105341.0,1781105941.0,12.545,3.748952075802873,25.0,12.0,0.005764877124658682,0,,0,0,0.004270714952825279
1781386681.0,1781387281.0,5.383333333333334,2.3663732212443205,17.0,4.0,1.1111141975347194e-07,0,,0,0,0.01813582241184405
1780865701.0,1780866301.0,6.173333333333333,2.49932435314471,14.0,12.0,-0.0004224456179044919,0,,0,0,0.06957724471384763
1780825621.0,1780826221.0,11.37,3.3515817161453785,25.0,9.0,-0.004873402426117862,0,,0,0,0.003456569828345838
1781611861.0,1781612461.0,5.201666666666667,2.384882363742264,14.0,4.0,0.001066030738974269,0,,0,0,0.035448781465148384
1781117641.0,1781118241.0,4.875,2.127449568536624,14.0,4.0,-0.000828252300700833,0,,0,0,0.036353594840651836
1780858081.0,1780858681.0,6.986666666666666,2.539650019633064,18.0,11.0,0.0024858957941549815,0,,0,0,0.025655101523364175
1781285821.0,1781286421.0,12.451666666666666,3.7887109358666513,32.0,12.0,-0.004691763032675097,0,,0,0,0.0008804046208274979
1780707841.0,1780708441.0,19.516666666666666,5.742507195371103,37.0,29.0,0.020300945280403573,0,,0,0,0.000936135731127409
1781530021.0,1781530621.0,7.551666666666667,2.7520896101366725,16.0,8.0,1.1472254089588453e-05,0,,0,0,0.029124735860539843
1780827721.0,1780828321.0,9.608333333333333,3.180921861487467,20.0,8.0,0.0033940372056588952,0,,0,0,0.010644082945749388
1781106421.0,1781107021.0,11.321666666666667,3.365738733505948,23.0,10.0,0.0009569193247759134,0,,0,0,0.005978173659204229
1781222341.0,1781222941.0,16.565217391304348,4.230593410493962,33.0,15.0,-0.006205488326556072,0,,0,0,0.0007479993559480136
1781326501.0,1781327101.0,3.4583333333333335,1.8370984066063405,14.0,6.0,0.0003575843266231297,0,,0,0,0.047219208184462076
1781319721.0,1781320321.0,10.628333333333334,3.6624487102969177,22.0,7.0,-0.011275559098775256,0,,0,0,0.005766358094466162
1781169721.0,1781170321.0,7.251666666666667,2.6705175320317385,20.0,5.0,-0.0012892535812599403,0,,0,0,0.009185696412687206
1781081401.0,1781082001.0,5.016666666666667,2.2817512767365526,13.0,1.0,0.0005571126586462726,0,,0,0,0.03389084177749218
1781536561.0,1781537161.0,5.8133333333333335,2.487667358970827,13.0,5.0,0.001747671521309783,1,380.0,1,0,0.04670093107644183
1781083081.0,1781083681.0,5.276666666666666,2.368569657456209,14.0,5.0,-0.0024155622654507417,0,,0,0,0.03874311598893374
1781361541.0,1781362141.0,15.301666666666666,4.653027389655995,36.0,19.0,0.009651554587651627,0,,0,0,0.0005822686585290454
1780756681.0,1780757281.0,251.82666666666665,23.301000455392945,316.0,227.0,-0.09443559565443244,0,,0,0,2.4277455126023615e-28
1781317201.0,1781317801.0,31.983333333333334,6.695997975573834,52.0,24.0,-0.01849921805338345,0,,0,0,1.0042728430237332e-05
1781280421.0,1781281021.0,13.711666666666666,4.065529554136282,27.0,22.0,0.008441884560790437,0,,0,0,0.006554815101886025
1781201641.0,1781202241.0,7.443333333333333,2.7994265285748954,17.0,6.0,0.0013465037402881576,0,,0,0,0.019448209238265218
1781278981.0,1781279581.0,7.303333333333334,2.687871938086998,19.0,5.0,0.0019040052889035901,0,,0,0,0.011457410701857625
1781176201.0,1781176801.0,6.24,2.528319600050595,15.0,6.0,-0.0007718354773207757,0,,0,0,0.03239811197135798
1781277601.0,1781278201.0,6.965,2.5456711623198047,16.0,6.0,-0.001939310942530393,0,,0,0,0.025081343822584902
1780764961.0,1780765561.0,24.625,5.124227584068972,41.0,20.0,-0.004790207750577106,0,,0,0,0.00012712871239520414
1781373481.0,1781374081.0,8.013333333333334,2.910295899427105,20.0,9.0,-0.0021860060722390887,0,,0,0,0.012787134184275897
1781524861.0,1781525461.0,12.643333333333333,3.808690355256282,26.0,7.0,-0.004075677987994433,0,,0,0,0.0021024498383075923
1781263201.0,1781263801.0,4.123333333333333,2.1082667973690827,11.0,5.0,-0.0025777849382914966,0,,0,0,0.07841842772826493
1781570041.0,1781570641.0,14.715,4.9612271667401,32.0,9.0,-0.010716057544604302,0,,0,0,0.0005648150437303021
1781497501.0,1781498101.0,9.968333333333334,3.7710295529057967,24.0,4.0,-0.010925947016519484,1,934.0,1,0,0.0028422068089693654
1781591641.0,1781592241.0,3.6783333333333332,1.992033439032142,11.0,5.0,-0.0004450845696793677,0,,0,0,0.08037050119428994
1780763701.0,1780764301.0,28.081666666666667,5.63870527889357,45.0,34.0,0.006974158261550729,0,,0,0,0.00016114218853509316
1781415841.0,1781416441.0,3.026666666666667,1.6711140661912407,9.0,4.0,-0.0003478898552495984,0,,0,0,0.11559210231419591
1780961821.0,1780962421.0,9.371666666666666,3.1796536324295173,20.0,10.0,-0.00234553429315081,0,,0,0,0.01300540364721547
1780713661.0,1780714261.0,12.183333333333334,3.5538320475540517,26.0,9.0,-0.005093014147261525,0,,0,0,0.0026278088902122296
1781130361.0,1781130961.0,4.763333333333334,2.3001425076624176,14.0,2.0,-0.00017811160586557334,0,,0,0,0.03020004682991755
1781202241.0,1781202841.0,6.515,2.6463386656536105,17.0,10.0,-0.003161814338373158,0,,0,0,0.029703287726007697
1781584861.0,1781585461.0,2.93,1.6936449844443,9.0,4.0,4.427790077194785e-05,0,,0,0,0.11600030044962951
1781386981.0,1781387581.0,5.333333333333333,2.2939534045447005,13.0,6.0,0.0005622793396648345,0,,0,0,0.052683233322577426
1781284801.0,1781285401.0,13.396666666666667,3.5486131876488813,24.0,17.0,-0.0010823918955330518,0,,0,0,0.008300553148545619
1780934581.0,1780935181.0,8.623333333333333,2.9599756005000373,21.0,9.0,-0.0012520590334973247,0,,0,0,0.009898526916585236
1781610481.0,1781611081.0,8.833333333333334,3.0586852658545234,22.0,9.0,-0.0002950563751565981,0,,0,0,0.007796747340144137
1781453761.0,1781454361.0,3.6416666666666666,1.9113513253425936,11.0,3.0,-0.0006149183747732672,0,,0,0,0.06765566768745952
1781504641.0,1781505241.0,6.741666666666666,2.9935926947770004,18.0,8.0,-0.008043105675293542,0,,0,0,0.019297902357068804
1780765261.0,1780765861.0,26.621666666666666,6.076610668968534,47.0,30.0,0.015858571829366185,0,,0,0,7.400426874391635e-05
1780888381.0,1780888981.0,60.97833333333333,9.062994201084368,88.0,56.0,-0.020424473401315014,0,,0,0,1.3074658442233402e-08
1781258761.0,1781259361.0,3.955,1.9612007376434808,13.0,2.0,0.0008909191414420608,0,,0,0,0.03956861796949131
1780940581.0,1780941181.0,10.311666666666667,3.2266386878952256,21.0,13.0,-0.0026693685260236865,0,,0,0,0.01314565818909821
1780799101.0,1780799701.0,33.87166666666667,6.737595804307515,55.0,39.0,0.013682010227806175,0,,0,0,1.9345396774836445e-05
1781414281.0,1781414881.0,3.515,1.896428661106625,10.0,2.0,0.0031177586604407177,0,,0,0,0.07689862926289912
1780893121.0,1780893721.0,14.796666666666667,3.8689346796703035,30.0,11.0,-0.004485456904046975,0,,0,0,0.0011157282490922692
1781299021.0,1781299621.0,15.761666666666667,4.019726013327553,31.0,31.0,0.0023679787999411252,0,,0,0,0.00565672034223062
1781537821.0,1781538421.0,6.43,2.638515997045814,18.0,11.0,-0.000378001050002921,0,,0,0,0.026265210192103174
1780750501.0,1780751101.0,15.266666666666667,4.105957731015858,29.0,14.0,0.005962516562546006,0,,0,0,0.001802329956526553
1781450341.0,1781450941.0,4.16,2.004428430583974,14.0,14.0,0.0017918938663718468,0,,0,0,0.09256644736065892
1781385661.0,1781386261.0,3.4616666666666664,1.941270345818829,11.0,4.0,0.0007760854891263585,0,,0,0,0.07447033374169532
1781215801.0,1781216401.0,21.838333333333335,6.962437113220884,42.0,22.0,0.028910052527923683,0,,0,0,0.00013153838567727595
1781119021.0,1781119621.0,4.666666666666667,2.2859474087466567,14.0,4.0,-0.0010711696421378937,0,,0,0,0.03650859189067388
1781163961.0,1781164561.0,12.4,3.5552777669262356,26.0,8.0,-0.0027838410662251664,0,,0,0,0.0023633573343943585
1781378761.0,1781379361.0,3.513333333333333,1.8266058384032635,10.0,2.0,-0.0018736718713107546,0,,0,0,0.07709289609335503
1781212321.0,1781212921.0,8.856666666666667,3.2781278532452363,22.0,10.0,0.008469690193583864,0,,0,0,0.008490356487336906
1780860721.0,1780861321.0,16.861666666666668,4.8369271122158635,34.0,30.0,0.004084150233750651,0,,0,0,0.0023987598645052203
1781256241.0,1781256841.0,4.14,2.224200230794581,12.0,5.0,0.004679401887227465,0,,0,0,0.063221731742457
1781466421.0,1781467021.0,5.328333333333333,2.2855773644505866,14.0,9.0,0.000764641012891699,0,,0,0,0.05577574788917051
1781419441.0,1781420041.0,4.553333333333334,2.257688099706325,13.0,4.0,-0.0006358350995419427,0,,0,0,0.045662752659531465
1781311441.0,1781312041.0,4.6033333333333335,2.139935097665867,13.0,5.0,-0.0004453345703738036,0,,0,0,0.05009974012402558
1781420641.0,1781421241.0,3.7,1.937352144896052,11.0,3.0,0.0012377256603490568,0,,0,0,0.06740950755017536
1781438761.0,1781439361.0,5.751666666666667,2.3797753161917523,18.0,4.0,-0.0007849744027066784,0,,0,0,0.01424424551042016
1781332981.0,1781333581.0,8.838333333333333,4.362972674170164,26.0,17.0,0.017353242647896245,0,,0,0,0.006440188276901682
1781443081.0,1781443681.0,5.598333333333334,2.510045926981328,17.0,4.0,-0.0036116489212470056,0,,0,0,0.017849067103236034
1781113441.0,1781114041.0,6.065,2.3545930292373956,16.0,5.0,0.0004452512368089839,0,,0,0,0.02404923187014727
1781470261.0,1781470861.0,3.5433333333333334,1.9221833650536282,10.0,2.0,-0.0008642246228461731,0,,0,0,0.07672846750422863
1781335741.0,1781336341.0,6.283333333333333,2.6475880008457175,16.0,9.0,-0.00353178758829886,0,,0,0,0.03410271856460051
1780937401.0,1780938001.0,11.515,3.476556006548243,28.0,10.0,-0.002203867232964541,0,,0,0,0.0019072318892804476
1780917361.0,1780917961.0,14.42,4.141288044397138,31.0,14.0,0.0076988547190408865,0,,0,0,0.0011944672133850601
1781489101.0,1781489701.0,31.351666666666667,8.033969373160996,53.0,44.0,0.03149217081158557,0,,0,0,5.2963676762618115e-05
1780795681.0,1780796281.0,7.261666666666667,2.717817241014479,17.0,12.0,0.0018399773332703647,0,,0,0,0.0343694798267201
1780780021.0,1780780621.0,17.321666666666665,5.7045184332733605,38.0,24.0,0.022087644687901902,0,,0,0,0.0005179755685021148
1781269501.0,1781270101.0,3.135,1.7493165332018483,10.0,4.0,1.4861152392086177e-05,0,,0,0,0.09365698152345783
1780817941.0,1780818541.0,9.673333333333334,3.186422584794567,20.0,16.0,0.0039882888563579294,0,,0,0,0.022486024713105006
1781069341.0,1781069941.0,7.531666666666666,2.825891698011247,19.0,5.0,-0.0012924202567229338,0,,0,0,0.011269989932834184
1780884301.0,1780884901.0,14.935,3.843276596863671,27.0,17.0,-0.0011611976699935167,0,,0,0,0.003868755555975685
1780868041.0,1780868641.0,7.1066666666666665,2.6593148658170507,17.0,9.0,0.0011105586404406699,0,,0,0,0.026290658076808648
1780715341.0,1780715941.0,10.045,3.3406049851286914,21.0,16.0,-0.0020179222720063256,0,,0,0,0.017582234242009262
1781405341.0,1781405941.0,3.225,1.8305850613032617,11.0,4.0,0.0014477540215389513,0,,0,0,0.07558490921573503
1781355481.0,1781356081.0,74.69,11.81949942538459,110.0,89.0,0.045584571068252956,0,,0,0,9.459592678750056e-10
1780868821.0,1780869421.0,7.445,2.7845361672398274,16.0,11.0,0.0011753643760121556,0,,0,0,0.038559687561314684
1780826821.0,1780827421.0,9.781666666666666,3.1797270148377343,20.0,12.0,-0.0025621460059611274,0,,0,0,0.015382959652847519
1781276401.0,1781277001.0,8.566666666666666,2.9369296136536125,18.0,6.0,-0.00036738990941641845,0,,0,0,0.014652424227841345
1780857481.0,1780858081.0,6.82,2.7075696359158212,18.0,9.0,0.00032561201558893485,0,,0,0,0.021333701434242205
1781361901.0,1781362501.0,17.388333333333332,4.448692379664938,36.0,12.0,-0.00029263970177693726,0,,0,0,0.00027110265722474376
1781325421.0,1781326021.0,4.321666666666666,2.1373341391140093,12.0,3.0,-0.0029553137647604574,0,,0,0,0.05252795627680123
1781471221.0,1781471821.0,3.1933333333333334,1.8282839555775305,12.0,3.0,0.00034744540957058593,0,,0,0,0.05603109299101427
1781587561.0,1781588161.0,3.933333333333333,2.0789954839350235,11.0,5.0,-0.001542615396153877,0,,0,0,0.07919013255153365
1781173621.0,1781174221.0,5.76,2.3271728198252344,13.0,7.0,-0.0012905591404420583,0,,0,0,0.056436455091795165
1781544001.0,1781544601.0,7.951666666666667,3.20093692881041,19.0,9.0,0.008947052630701752,0,,0,0,0.015861655270208705
1780907101.0,1780907701.0,14.551666666666666,5.641276205099536,32.0,10.0,-0.003926372017700045,0,,0,0,0.0006104699723314291
1781063161.0,1781063761.0,5.013333333333334,2.317287686546973,12.0,3.0,-0.0005673349092636391,0,,0,0,0.05050126506912695
1780775041.0,1780775641.0,11.955,3.395532604270892,26.0,7.0,-0.0018572551590421205,0,,0,0,0.0022103989376337143
1781175061.0,1781175661.0,6.265,2.5582757865406145,15.0,4.0,-0.00021930616473933923,0,,0,0,0.026858171442859964
1781092921.0,1781093521.0,5.141666666666667,2.3864053627905624,16.0,2.0,-0.000268695190819966,0,,0,0,0.018992477874010955
1781108521.0,1781109121.0,9.943333333333333,3.041401358292296,20.0,13.0,-0.0014632262867396858,0,,0,0,0.016849994491711807
1780849981.0,1780850581.0,12.48,4.380213084618906,29.0,20.0,0.012447756799324427,0,,0,0,0.003629077375713191
1781206801.0,1781207401.0,6.533333333333333,2.5952948879762308,17.0,7.0,0.004522623673954645,0,,0,0,0.022497568167678016
1781633641.0,1781634241.0,4.066666666666666,1.983823468848868,13.0,2.0,-0.0009090580807168901,0,,0,0,0.03932406835352959
1781440441.0,1781441041.0,17.31833333333333,5.559406193310777,37.0,14.0,-0.018519412553923774,1,1060.0,1,0,0.0002516754188632739
1780750141.0,1780750741.0,13.668333333333333,3.7181981149774987,29.0,9.0,0.003670760196556099,0,,0,0,0.001230385886094397
1780805101.0,1780805701.0,8.431666666666667,3.5564960127756207,27.0,11.0,0.007930772029922305,0,,0,0,0.0030583684270636016
1781304781.0,1781305381.0,15.066666666666666,3.838257706593217,29.0,12.0,0.001129503137508703,0,,0,0,0.0015199843091258198
1781472121.0,1781472721.0,3.3833333333333333,1.8146778103992884,11.0,3.0,0.0006851130142028195,0,,0,0,0.06871122247855406
1781487241.0,1781487841.0,3.9366666666666665,2.0205582286970984,11.0,4.0,1.7833382870505486e-05,1,1427.0,1,0,0.07264359312858555
1781503621.0,1781504221.0,5.548333333333333,2.5081860421871065,14.0,8.0,-0.0007586409962249955,0,,0,0,0.05002432235188551
1781124541.0,1781125141.0,4.635,2.135050741005156,12.0,10.0,0.0024274234095094716,0,,0,0,0.09620794635602976
1781055421.0,1781056021.0,7.035,2.6677909088482425,15.0,9.0,0.0018069772416034508,0,,0,0,0.04087238586784906
1781617021.0,1781617621.0,4.388333333333334,2.0430852214781012,12.0,5.0,0.0007259742388173236,0,,0,0,0.06289312409033788
1780731961.0,1780732561.0,16.708333333333332,4.102429835543267,32.0,18.0,-0.0010529195914433288,0,,0,0,0.0012456463445293744
1781165761.0,1781166361.0,11.735,3.6938834578259234,41.0,28.0,0.002307645299014727,0,,0,0,0.000549076120764049
1781133901.0,1781134501.0,12.706666666666667,4.657677055738789,29.0,16.0,0.015448154022650056,0,,0,0,0.0024268462164402462
1781482501.0,1781483101.0,3.915,2.0193501429915517,13.0,5.0,-0.00020202833896760635,0,,0,0,0.05199174358685765
1781523301.0,1781523901.0,7.878333333333333,2.985553643054426,18.0,6.0,-0.00452837368992691,0,,0,0,0.015131109608126385
1781101321.0,1781101921.0,4.841666666666667,2.262726354545674,12.0,5.0,-0.00011619476720768411,0,,0,0,0.06108754485897504
1781610541.0,1781611141.0,8.905,3.028086579563625,22.0,9.0,-0.0027758688218578412,0,,0,0,0.007777979689308785
1781113261.0,1781113861.0,5.951666666666667,2.461570749654691,14.0,5.0,0.0001373614926708097,0,,0,0,0.03737598942941614
1780755601.0,1780756201.0,475.8,59.62471523342201,626.0,380.0,-0.31916049766804944,0,,0,0,5.697828591002537e-58
1781226061.0,1781226661.0,5.126666666666667,2.2812179982534673,14.0,4.0,-9.433359537109773e-05,0,,0,0,0.03571281691479651
