end,mean_s,std_s,max_s,last_s,slope_s,mean_h,std_h,max_h,last_h,slope_h,z_mean_s,z_max_s,z_mean_h,z_max_h,mean_ratio,max_ratio,last_ratio,label,lead_s,y_true,y_pred,y_proba
1781559968,5.193333333333333,2.3956812995239765,14.0,2.0,-0.0011118919774777223,52.36333333333334,126.40996000667387,503.0,0.0,0.002317395326098084,-0.11261317104647653,2.983879217833827,0.42286644915840216,4.128407530603642,15.821398104267452,471.9952800471995,0.0,0,,0,0,0.02
1781560028,5.14,2.3424488610568783,14.0,5.0,-0.0011410031694532512,51.18333333333333,125.47327626054702,503.0,0.0,-0.004008066689074146,-0.09596882538704188,2.9905677852798616,0.4121849427033167,4.128407530603642,15.121358256845767,471.9952800471995,0.0,0,,0,0,0.105
1781560088,5.128333333333333,2.351282746833216,14.0,9.0,-0.0003265842405117836,50.945,126.14909951455591,503.0,0.0,-3.05834182872905e-05,-0.06052816797162766,2.9905677852798616,0.40943874010211384,4.128407530603642,14.819331464526925,471.9952800471995,0.0,0,,0,0,0.095
1781560148,5.073333333333333,2.3589451503208423,14.0,3.0,-0.0006447795688321352,50.625,126.52535072071525,503.0,0.0,-0.0076238822885619515,-0.045728218727251656,3.865528667846517,0.40588288872918166,4.128407530603642,14.643360217987999,471.9952800471995,0.0,0,,0,0,0.06
1781560208,5.091666666666667,2.3209043974757386,14.0,4.0,0.0001501948616523934,51.21333333333333,127.13722699858171,503.0,0.0,-0.014193483870788585,0.0015664434936650106,3.865528667846517,0.40911790889268607,4.128407530603642,14.729276088871496,471.9952800471995,0.0,0,,0,0,0.045
1781560268,4.986666666666666,2.3028581275353366,14.0,7.0,-0.000277334103705847,50.735,125.46766426055757,494.0,298.0,-0.012048116800324495,-0.0055064661668322605,3.865528667846517,0.40428880485127305,3.982004783829266,15.002625735071506,471.9952800471995,42.57136775518892,0,,0,0,0.05
1781560328,4.991666666666666,2.2726483572157736,14.0,6.0,-0.0005096403045564015,49.01166666666666,123.24898186417425,473.0,0.0,-0.003047202908896956,-0.003998334608470565,3.865528667846517,0.3903772447992989,3.7788312410183416,12.897800186667068,471.9952800471995,0.0,0,,0,0,0.005
1781560388,4.963333333333333,2.26686028584815,14.0,5.0,-0.0005451126253128467,50.22666666666667,125.57823042054524,473.0,0.0,-0.0060874057983494306,-0.01587011205122688,3.865528667846517,0.4004277290008208,3.7788312410183416,13.055951229296705,471.9952800471995,0.0,0,,0,0,0.0
1781560448,4.87,2.270044052435987,14.0,9.0,-0.001073947427631743,50.32333333333333,127.3316226324876,473.0,403.0,-0.001066391851088446,-0.0564855341567468,3.865528667846517,0.4010927902393094,3.7788312410183416,56180.30170371864,33700000.0,44.777728024746644,0,,0,0,0.04
1781560508,4.805,2.2211802418234017,14.0,5.0,-0.0014075316875880207,49.138333333333335,127.1409422539499,473.0,0.0,-0.0005649182358840069,-0.08548497192972096,3.865528667846517,0.39127770029127,3.7778118726581966,56178.73342025291,33700000.0,0.0,0,,0,0,0.03
1781560568,4.78,2.271915491386068,15.0,6.0,-0.0013413926149794893,48.91166666666667,126.96322511087828,472.0,0.0,0.009343720399223363,-0.09693883711718411,4.494430815192839,0.38908722483079844,3.7778118726581966,56179.19670131806,33700000.0,0.0,0,,0,0,0.035
1781560628,4.783333333333333,2.290499702879022,15.0,7.0,-0.0011241142336506516,49.39666666666667,126.84860788444713,472.0,448.0,0.001601448892913595,-0.09560467006167565,4.494430815192839,0.39281037914491007,3.7778118726581966,56179.20729191095,33700000.0,63.99990857155919,0,,0,0,0.035
1781560688,4.691666666666666,2.231575800988072,15.0,4.0,-0.000575307153630976,48.75,125.65975555708624,472.0,0.0,0.0005667793521647913,-0.13547870986777785,4.494430815192839,0.38758104155004675,3.7778118726581966,56179.296554032306,33700000.0,0.0,0,,0,0,0.0
1781560748,4.651666666666666,2.1603234068588484,15.0,4.0,-0.0010324195344987082,49.568333333333335,127.14961789386375,485.0,0.0,0.0016263656287933846,-0.13029444579170898,4.494430815192839,0.39410914664514557,3.848608053399443,56179.730643708805,33700000.0,0.0,0,,0,0,0.045
1781560808,4.49,2.1486197119701447,15.0,4.0,-0.0006802796674435276,49.275,126.07853124805456,485.0,0.0,0.0009260303500843319,-0.15700139980919153,4.494430815192839,0.391794996155409,3.848608053399443,56180.472655521706,33700000.0,0.0,0,,0,0,0.02
1781560868,4.523333333333333,2.137628488665782,15.0,6.0,-0.0007686132461479081,50.15833333333333,126.77293322007749,485.0,0.0,0.00751454865152404,-0.09735331843177014,4.494430815192839,0.39859733582792245,3.848608053399443,56180.73670461707,33700000.0,0.0,0,,0,0,0.025
1781560928,4.4383333333333335,2.099888224538524,15.0,4.0,-0.0007775299375831645,51.00833333333333,127.53553072466599,485.0,0.0,0.005476987436076199,-0.09060034054871674,4.494430815192839,0.40436579021827684,3.848608053399443,56181.37459576674,33700000.0,0.0,0,,0,0,0.135
1781560988,4.326666666666667,2.0379619449069426,15.0,3.0,-0.0009596137767049341,50.75,125.5740584940483,485.0,0.0,0.009899416387267755,-0.09709373997004221,4.494430815192839,0.4014998984005727,3.848608053399443,56181.79109010153,33700000.0,0.0,0,,0,0,0.065
1781561048,4.316666666666666,2.0132201954966464,15.0,4.0,-0.0013429481748560425,49.73166666666667,124.55804402187583,485.0,0.0,0.0041231503420843295,-0.05705904882184138,4.494430815192839,0.3932892862463936,3.848608053399443,14.548521299624262,429.99570004299954,0.0,0,,0,0,0.05
1781561108,4.275,2.050863639218041,15.0,9.0,-0.0016520879224664598,50.62,125.61644902904503,485.0,0.0,-2.5722293673050998e-05,-0.0311921074379596,4.494430815192839,0.4007818300493884,3.848608053399443,61514.85384494943,36900000.0,0.0,0,,0,0,0.075
1781561168,4.24,1.9939241042059082,13.0,3.0,-0.0012295589709971429,50.665,123.24106231961272,485.0,0.0,0.004687318575884944,-0.0007162650195220917,3.498570438645756,0.40207424463979713,3.848608053399443,61514.13919925112,36900000.0,0.0,0,,0,0,0.165
1781561228,4.095,1.9138029330802757,10.0,7.0,-0.0011356975991599948,50.80833333333333,123.75233976463726,485.0,0.0,-0.0005108069744638933,-0.02432449742881473,2.981625270794407,0.40390652076044115,3.848608053399443,61515.66986244086,36900000.0,0.0,0,,0,0,0.25
1781561288,3.9966666666666666,1.9200665497725737,10.0,10.0,-0.00105361403781677,50.711666666666666,123.87737968338782,485.0,0.0,-0.012248284023011207,-0.027017582434968622,3.1767321187785043,0.4037471603842801,3.848608053399443,61516.58226036101,36900000.0,0.0,0,,0,0,0.215
1781561348,3.9466666666666668,1.9210645197100717,10.0,2.0,-0.0009983916621990692,50.785,124.10293620619943,485.0,0.0,-0.005889377470492934,-0.03029910779967291,3.1767321187785043,0.40492202529481663,3.8485762951333857,124516.08156840366,37800000.0,0.0,0,,0,0,0.235
1781561408,3.975,1.9341772583366466,10.0,1.0,-0.0008239189553304377,50.31333333333333,123.73353825414065,485.0,0.0,-0.016535268153522693,-0.015915756392858735,3.1767321187785043,0.4019433124971165,3.8485762951333857,124516.2701551808,37800000.0,0.0,0,,0,0,0.105
1781561468,3.8633333333333333,1.9308000644522696,10.0,4.0,-0.000491890255250706,49.96666666666667,124.30460794176358,485.0,0.0,-0.004861680171333835,-0.07041074612239705,3.1767321187785043,0.399966505420934,3.8485762951333857,124516.10103993182,37800000.0,0.0,0,,0,0,0.075
1781561528,3.875,1.9577304036392071,10.0,4.0,-2.0083389120520084e-05,49.14,122.01392161006328,480.0,0.0,-0.0034255650710140967,-0.06416930530564889,3.1767321187785043,0.3948986518546326,3.8485762951333857,193516.39273580228,41400000.0,0.0,0,,0,0,0.02
1781561588,3.885,1.9795054096078308,10.0,4.0,-0.0002503062508506946,49.791666666666664,122.80462096580712,480.0,0.0,0.007773993816649542,-0.05972198088173807,3.1767321187785043,0.40192252942934337,3.8485762951333857,193516.4644849864,41400000.0,0.0,0,,0,0,0.02
1781561648,3.8766666666666665,1.970986780495721,10.0,6.0,0.0001001669449081768,50.375,123.25440238925883,480.0,0.0,-0.0005738071494643442,-0.06380538093543274,3.1767321187785043,0.40764976259683516,3.8485762951333857,193516.4437214096,41400000.0,0.0,0,,0,0,0.075
1781561708,3.875,1.9602827177051103,11.0,6.0,0.000204417234492322,49.70166666666667,121.95415530937117,467.0,0.0,-0.0011299753610426492,-0.0648276137656444,3.5811659019439808,0.4033759014382009,3.7676263368447773,132016.59372063717,41400000.0,0.0,0,,0,0,0.055
1781561768,3.9,1.98997487421324,11.0,6.0,0.0013216703379731653,49.55,122.37290345497242,467.0,0.0,0.00468151300420279,-0.05153569810045985,3.5811659019439808,0.4026391461534756,3.7676263368447773,132017.6193935439,41400000.0,0.0,0,,0,0,0.05
1781561828,4.125,2.1647266956053985,12.0,7.0,0.002513756982658286,49.721666666666664,122.22044645048372,467.0,0.0,0.00453476259656278,0.058284931693663417,3.746782969777034,0.4046852944487251,3.7676263368447773,132015.91925935354,41400000.0,0.0,0,,0,0,0.085
1781561888,4.5216666666666665,2.4412149752849617,15.0,5.0,0.00497204158900441,50.401666666666664,123.16945101724247,467.0,0.0,0.0002664729624246713,0.233053191417022,4.794356021700751,0.4106824273744537,3.7676263368447773,132014.77295127325,41400000.0,0.0,0,,0,0,0.025
1781561948,4.873333333333333,2.596270829906276,16.0,6.0,0.006594740540945945,50.538333333333334,122.80604707107146,463.0,401.0,0.010232667312964776,0.36304335631104495,4.871280923421105,0.4124331000846723,3.780590253054607,69014.56590999778,41400000.0,66.8332219446301,0,,0,0,0.25
1781562008,5.145,2.6496493478697642,16.0,8.0,0.007742104839180112,51.63666666666666,123.71893410289128,463.0,449.0,0.006339573165480937,0.42503944289137546,4.871280923421105,0.42193075011764153,3.780590253054607,69013.29347720824,41400000.0,56.1249298438377,0,,0,0,0.29
1781562068,5.408333333333333,2.6479420730488465,16.0,10.0,0.006838491218031159,50.69,122.12949643718343,462.0,0.0,0.0036013988927746277,0.4934766913597642,4.871280923421105,0.4147160322274692,3.780590253054607,69012.49155706311,41400000.0,0.0,0,,0,0,0.295
1781562128,5.598333333333334,2.636347957981942,16.0,8.0,0.006087433576204379,51.04666666666667,123.79377133855411,474.0,0.0,-0.003200120000333328,0.5252744270335686,4.871280923421105,0.4173020759646701,3.838926005438447,11.783780787481414,316.9968300316997,0.0,0,,0,0,0.33
1781562188,5.786666666666667,2.585437852451474,16.0,7.0,0.004228122855896829,49.68333333333333,123.38395245015546,474.0,0.0,-0.0015324487012464282,0.5511228833855637,4.871280923421105,0.40547506144815837,3.838926005438447,10.560012515152337,316.9968300316997,0.0,0,,0,0,0.235
1781562248,5.965,2.552209826797162,16.0,6.0,0.002228367301020284,50.24666666666667,123.9475392611281,474.0,0.0,0.0006938908163634324,0.5427179123218723,4.871280923421105,0.40955011789339507,3.838926005438447,10.50790657057022,316.9968300316997,0.0,0,,0,0,0.32
1781562308,6.056666666666667,2.4853146458524904,16.0,5.0,-0.0010598918330328693,50.903333333333336,123.80320669873173,474.0,0.0,-0.0017996161100448053,0.5003113480602637,4.871280923421105,0.4142735081458746,3.838926005438447,10.298694924099753,316.9968300316997,0.0,0,,0,0,0.225
1781562368,6.121666666666667,2.434515123980315,16.0,5.0,-0.0034512040311223194,51.24666666666667,124.3677040964503,474.0,0.0,0.0030548973747149244,0.4396846175784131,4.871280923421105,0.4167892453611634,3.838926005438447,9.366223585204688,176.99911500442497,0.0,0,,0,0,0.23
1781562428,6.02,2.405465997819688,16.0,5.0,-0.005209236692324154,51.11833333333333,124.95891723771545,477.0,0.0,0.0015361431559532384,0.30341844916487637,4.871280923421105,0.41499041907979545,3.841474603258947,10.188393971014518,238.49880750596247,0.0,0,,0,0,0.245
1781562488,5.733333333333333,2.3378527660131967,16.0,4.0,-0.004701790838307889,50.998333333333335,123.80500123401944,477.0,0.0,1.9083386342743126e-05,0.10204759183048914,4.871280923421105,0.4132463688690424,3.841474603258947,40343.8400068025,24199999.999999996,0.0,0,,0,0,0.155
1781562548,5.49,2.28616855604889,14.0,5.0,-0.003833899538609833,50.68333333333333,122.98970033660902,477.0,0.0,0.005578626607296168,-0.0221861803741875,3.4366022178118887,0.41023522105536653,3.841474603258947,40344.121587703914,24199999.999999996,0.0,0,,0,0,0.025
1781562608,5.27,2.2628374518142773,14.0,7.0,-0.0028912858091272534,50.535,124.10836169117158,477.0,0.0,0.009876110766974415,-0.10715874493676307,3.4366022178118887,0.40827474980693274,3.841474603258947,40344.84854150525,24199999.999999996,0.0,0,,0,0,0.01
1781562668,5.17,2.2047902394558987,14.0,6.0,-0.00202450562362674,50.50333333333333,124.88518722766479,477.0,0.0,-0.0021185614404484647,-0.14407748461734546,3.4366022178118887,0.40745763748764463,3.841474603258947,40344.97054332573,24199999.999999996,0.0,0,,0,0,0.005
1781562728,5.081666666666667,2.1859392845080476,13.0,7.0,-0.0010337528715357552,50.83166666666666,125.09766849901277,477.0,0.0,-0.0008535301486948274,-0.17637942850037017,3.6106953459592055,0.40980275182603615,3.841474603258947,40345.80052658782,24199999.999999996,0.0,0,,0,0,0.04
1781562788,5.008333333333334,2.178286150980985,13.0,9.0,-0.0004440290111916975,51.60166666666667,127.89361332981234,834.0,0.0,-0.0069932138700385775,-0.19441012364220597,3.6106953459592055,0.41493286415495456,6.6795785190124395,40346.349009378995,24199999.999999996,0.0,0,,0,0,0.34
1781562848,4.923333333333333,2.1872636380240547,13.0,3.0,0.0003316120322556442,51.175,126.75466214305492,834.0,0.0,-0.005386209406137284,-0.18902151052343494,3.6106953459592055,0.41066414181081234,6.6795785190124395,40346.72790804516,24199999.999999996,0.0,0,,0,0,0.32
1781562908,4.9383333333333335,2.2093431653372053,13.0,2.0,0.0002769174358817644,51.153333333333336,127.4654979025915,834.0,358.0,-0.002167006019461178,-0.143211524554288,3.6106953459592055,0.40948106111064975,6.6795785190124395,40347.16287715701,24199999.999999996,178.99910500447498,0,,0,0,0.27
1781562968,4.931666666666667,2.25247949799524,13.0,2.0,0.0007893077480770732,50.46333333333333,127.43736496369065,834.0,0.0,-0.0001916671990755742,-0.10460419048369617,3.6106953459592055,0.4027007925528316,6.6795785190124395,40346.943194525236,24199999.999999996,0.0,0,,0,0,0.175
1781563028,5.023333333333333,2.2824231762658638,13.0,3.0,0.0011506698629718355,51.17166666666667,128.35206347083874,834.0,0.0,0.0036368156578212153,-0.023791636753080363,3.6106953459592055,0.4071915459658619,6.6795785190124395,40346.4095202219,24199999.999999996,0.0,0,,0,0,0.355
1781563088,5.1433333333333335,2.3027785149442592,14.0,5.0,0.0015110597529437574,50.675,128.28052349570973,834.0,169.0,-0.002794257761827226,0.0629500168564827,3.9398730261758397,0.40228035147848307,6.6795785190124395,12.908173222859897,375.9962400375996,33.799932400135205,0,,0,0,0.34
1781563148,5.205,2.290482118099448,14.0,4.0,0.0014404762235450657,50.32666666666667,127.75914822647948,834.0,0.0,-0.002419228942302627,0.0896153341380988,3.9398730261758397,0.39801746477809424,6.6795785190124395,13.427839848772463,464.9953500464995,0.0,0,,0,0,0.215
1781563208,5.26,2.330035765104619,14.0,5.0,0.0009642804563346014,50.233333333333334,127.42125237006405,834.0,0.0,0.0007665576848824723,0.11377428533412633,3.9398730261758397,0.3961153422087249,6.6795785190124395,13.609511355269165,464.9953500464995,0.0,0,,0,0,0.16
1781563268,5.293333333333333,2.3496004388453415,14.0,7.0,0.0010173361592671144,50.733333333333334,127.82049479206724,834.0,0.0,-0.006037405659460178,0.12784196986367882,3.9398730261758397,0.39923738374757,6.6795785190124395,13.903744599752951,464.9953500464995,0.0,0,,0,0,0.29
1781563328,5.2283333333333335,2.323688997167124,14.0,3.0,0.00020458390162194644,50.00666666666667,126.93834443890029,834.0,0.0,-0.008693190814418921,0.0995717130879442,3.9398730261758397,0.3925300752588165,6.6795785190124395,13.872024700085118,464.9953500464995,0.0,0,,0,0,0.21
1781563388,5.238333333333333,2.330564428535619,14.0,9.0,-0.0002559729332581543,49.95333333333333,124.36318247598668,465.0,0.0,-0.0038718996441657397,0.10397671899976114,3.9398730261758397,0.3931465257101082,3.7388070091944963,14.102371633194565,464.9953500464995,0.0,0,,0,0,0.015
1781563448,5.241666666666666,2.3137121447770657,14.0,2.0,-0.0008014744485401402,49.98166666666667,125.12891218215272,471.0,324.0,-0.0034363706565851814,0.10559976386746787,3.9398730261758397,0.39416971215974556,3.7720323016993538,13.796301386716896,464.9953500464995,161.99919000404998,0,,0,0,0.015
1781563508,5.245,2.306868367867284,14.0,8.0,-0.001256142378173273,49.52333333333333,124.01605859278423,471.0,0.0,-0.003043064008511201,0.10706579510227615,3.9398730261758397,0.3910720975272729,3.7720323016993538,13.72490235580765,464.9953500464995,0.0,0,,0,0,0.0
1781563568,5.256666666666667,2.2629160145460303,14.0,6.0,-0.0013432259534054316,49.63333333333333,123.74558129035917,471.0,0.0,-0.005280514668096236,0.11194197251368503,3.9398730261758397,0.39286625477135934,3.7720323016993538,13.749807954337841,464.9953500464995,0.0,0,,0,0,0.01
1781563628,5.2683333333333335,2.264876131025467,14.0,3.0,-0.0005288625801738294,49.388333333333335,123.08620636457289,471.0,358.0,0.0065891571921033185,0.1171367086852014,3.9398730261758397,0.39263056763539966,3.7720323016993538,13.939145394243727,464.9953500464995,119.33293555688148,0,,0,0,0.005
1781563688,5.28,2.329864087595383,13.0,12.0,0.0008481690226917261,49.26166666666666,123.25707497160379,471.0,0.0,-0.0032301478615217993,0.12277418723843915,3.5037210847533515,0.3930050339020128,3.7720323016993538,14.285270944143498,464.9953500464995,0.0,0,,0,0,0.08
1781563748,5.32,2.3638104830971542,13.0,4.0,0.00155650432362312,48.94833333333333,123.10886373675763,471.0,125.0,-0.005774154928208167,0.13949005573838252,3.5037210847533515,0.3921477721745138,3.7720323016993538,13.52348197466891,455.99544004559954,31.249921875195316,0,,0,0,0.06
1781563808,5.326666666666667,2.3093914542339697,13.0,4.0,0.0015457265159069893,48.888333333333335,121.90869204950984,471.0,0.0,-0.0012418645607349549,0.14191075723760263,3.464191438480426,0.3934201703704999,3.7720323016993538,12.969745363030114,440.9955900440995,0.0,0,,0,0,0.075
1781563868,5.306666666666667,2.3214841995776947,13.0,3.0,0.0016933380370500943,48.946666666666665,122.0549213355292,471.0,0.0,0.00023416731713145515,0.13337082953073118,3.464191438480426,0.3956396684319802,3.7720323016993538,13.200450916360168,440.9955900440995,0.0,0,,0,0,0.06
1781563928,5.41,2.331358688261704,13.0,6.0,0.0010620029500081956,49.43666666666667,121.94085720362784,471.0,0.0,-0.0019581165503237304,0.1776901114299334,3.464191438480426,0.4012264385168008,3.7720323016993538,12.894829570697095,371.9962800371996,0.0,0,,0,0,0.105
1781563988,5.441666666666666,2.3437712961995434,13.0,4.0,0.0006794741096503046,48.86,121.13192697771026,471.0,0.0,-0.0025928960913780214,0.19122558816485868,3.464191438480426,0.39741679328475604,3.85382302372686,12.286895770225076,371.9962800371996,0.0,0,,0,0,0.04
1781564048,5.448333333333333,2.31098764360368,13.0,3.0,-0.0002489173581037717,48.85166666666667,121.47990093244047,465.0,0.0,-0.000914030316750827,0.19399857352926028,3.464191438480426,0.39811172991406496,3.85382302372686,12.328250672948668,371.9962800371996,0.0,0,,0,0,0.015
1781564108,5.4383333333333335,2.3329946182725942,13.0,4.0,-0.0012037533437592902,49.38333333333333,123.21341805537614,498.0,349.0,0.0022320617557272265,0.18968585975738933,3.464191438480426,0.40349482459400576,4.1133513436726306,53845.925316772795,32299999.999999996,87.24978187554532,0,,0,0,0.035
1781564168,5.398333333333333,2.3301639188883017,13.0,8.0,-0.0019364220456167909,48.55166666666667,122.88257537403565,498.0,0.0,-0.004530595918322027,0.17224609634800855,3.462498261837047,0.397354197367904,4.1133513436726306,53846.28857231287,32299999.999999996,0.0,0,,0,0,0.03
1781564228,5.283333333333333,2.3308915795367993,13.0,4.0,-0.002318006438906781,47.986666666666665,122.3138169718459,498.0,380.0,0.0015632821202280704,0.12204117916590057,3.462498261837047,0.39289552700403535,4.1133513436726306,53845.993886046606,32299999.999999996,94.99976250059376,0,,0,0,0.03
1781564288,5.1033333333333335,2.2247072216860855,13.0,4.0,-0.0025130069805749554,48.20333333333333,122.00810897459053,498.0,0.0,-0.005340514834763521,0.043128251534449984,3.462498261837047,0.39487715628426356,4.1133513436726306,53845.84780706711,32299999.999999996,0.0,0,,0,0,0.03
1781564348,4.961666666666667,2.2091168421390077,13.0,1.0,-0.0023164786568851555,48.955,122.5718414169149,498.0,0.0,-0.0028127578132161905,-0.018809820521926,3.462498261837047,0.40126766261602426,4.1133513436726306,53846.45136268737,32299999.999999996,0.0,0,,0,0,0.045
1781564408,4.851666666666667,2.2067314945160157,13.0,5.0,-0.002554423762288229,48.8,122.66187943557144,498.0,245.0,0.00045794571651587866,-0.0677378190133203,3.663593068256196,0.40008579044541126,4.1133513436726306,53846.315923820075,32299999.999999996,48.999902000196,0,,0,0,0.035
1781564468,4.753333333333333,2.1569628853758442,13.0,0.0,-0.0025906183072730757,48.52166666666667,121.54921992299619,498.0,0.0,0.0001865838516218824,-0.11243556790063036,3.663593068256196,0.3976958624350377,4.1133513436726306,53846.15388119699,32299999.999999996,0.0,0,,0,0,0.035
1781564528,4.63,2.15942121875284,13.0,4.0,-0.0020527834799541162,48.87,121.93828944729925,498.0,0.0,0.006613518370884348,-0.12380121348374758,3.7450690803699382,0.40070203913288205,4.1133513436726306,53846.764116885235,32299999.999999996,0.0,0,,0,0,0.02
1781564588,4.505,2.1213144509949484,13.0,2.0,-0.0016901435837321788,49.18833333333333,122.7481956305491,498.0,321.0,0.0041419837277326494,-0.1339772592388085,3.7450690803699382,0.40300839194844634,4.1133513436726306,53847.78707508787,32299999.999999996,160.49919750401247,0,,0,0,0.055
1781564648,4.421666666666667,2.1151510321697806,13.0,7.0,-0.0013485315236986747,48.39833333333333,121.61703415731789,498.0,0.0,-0.00039502887508021013,-0.1259399253493807,3.7450690803699382,0.39662250963831697,4.1133513436726306,53847.629206308324,32299999.999999996,0.0,0,,0,0,0.025
1781564708,4.395,2.052390882198938,13.0,8.0,-0.0005993072202978382,48.218333333333334,121.75008828424815,460.0,0.0,0.006855435709543614,-0.09108462742706507,3.7450690803699382,0.3948220245178851,3.7783933516616783,13.862088246092728,406.9959300406996,0.0,0,,0,0,0.025
1781564768,4.351666666666667,2.0618754946784628,13.0,5.0,-1.1250031250091345e-05,49.586666666666666,121.87352387710065,460.0,0.0,0.00483356898213609,-0.06431133832222548,3.7450690803699382,0.4061724966406293,3.7783933516616783,4847.565769791723,2899999.9999999995,0.0,0,,0,0,0.03
1781564828,4.333333333333333,2.0669354663903325,13.0,3.0,0.0003057230714529777,50.14333333333333,121.75217775830086,460.0,0.0,0.007463798510551395,-0.02716869900841161,3.7450690803699382,0.4109690857438365,3.7783933516616783,4847.721971712374,2899999.9999999995,0.0,0,,0,0,0.075
1781564888,4.3933333333333335,2.101258881929804,13.0,5.0,0.0005916683101897497,51.135,122.58020547788294,460.0,0.0,0.008348384301067439,0.04638776802402282,3.7450690803699382,0.4189882120792096,3.7783933516616783,19847.810702995645,9000000.0,0.0,0,,0,0,0.14
1781564948,4.425,2.0674561664035345,13.0,5.0,0.0009815305042514004,51.233333333333334,123.36049700865436,473.0,0.0,0.014001927783132678,0.1077805534744209,3.7450690803699382,0.4196184942479945,3.8643565726305735,19847.34439727645,9000000.0,0.0,0,,0,0,0.135
1781565008,4.471666666666667,2.132884718455787,14.0,4.0,0.0010794196650546271,50.51833333333333,123.37749523537732,473.0,0.0,0.0036410378917718744,0.175965189532315,4.802626739934924,0.4135341401049905,3.8643565726305735,19847.905928616485,9000000.0,0.0,0,,0,0,0.015
1781565068,4.531666666666666,2.2141207183790943,15.0,15.0,0.0013505870849641252,50.67333333333333,123.18204667167298,473.0,0.0,-0.0013375037152881034,0.2500439634181912,5.041170379590301,0.4145898047181665,3.8643565726305735,30514.703951691055,9000000.0,0.0,0,,0,0,0.03
1781565128,4.5216666666666665,2.177046291550907,15.0,2.0,0.0008589746082627954,50.79666666666667,123.52374396132195,473.0,0.0,0.006067516854213421,0.24778446722972422,5.041170379590301,0.4148583649395195,3.8643565726305735,103180.76177170716,43600000.0,0.0,0,,0,0,0.015
1781565188,4.575,2.15275985655623,15.0,5.0,0.0005541959838777302,51.395,123.94761921204189,473.0,0.0,0.007283381342725955,0.2722260433440391,5.041170379590301,0.418922261086614,3.8643565726305735,103179.80438123748,43600000.0,0.0,0,,0,0,0.005
1781565248,4.66,2.157405849625888,15.0,5.0,0.0005738349273192394,52.288333333333334,124.63696026415634,473.0,0.0,-0.0035634265650738082,0.2838805175531674,5.041170379590301,0.4253636936497973,3.8643565726305735,103180.11263034644,43600000.0,0.0,0,,0,0,0.02
1781565308,4.655,2.2036276908770227,15.0,4.0,0.000492140255945159,52.445,124.57222928218525,473.0,416.0,-0.0033660926835907485,0.23593108060953527,5.041170379590301,0.42627418637563746,3.8643565726305735,103180.45332191567,43600000.0,103.99974000065001,0,,0,0,0.0
1781565368,4.683333333333334,2.228539631437792,15.0,6.0,0.0003012230589529395,51.68666666666667,126.04638758101012,486.0,0.0,-0.005637571215475607,0.20214916359179116,5.041170379590301,0.41912806429895466,3.8819114383629993,98346.881753298,43600000.0,0.0,0,,0,0,0.045
1781565428,4.781666666666666,2.2377065391948863,15.0,9.0,0.0006254184039400069,51.75666666666667,125.782195834263,486.0,0.0,-0.0008094466929074793,0.20012624560872985,5.041170379590301,0.4181825987668593,3.8819114383629993,98346.98117240152,43600000.0,0.0,0,,0,0,0.04
1781565488,4.823333333333333,2.2491751574497014,15.0,4.0,0.0010390028861191286,51.115,125.92109344744428,486.0,0.0,0.0011406976130488994,0.1713238121519467,5.041170379590301,0.41200999648697983,3.8819114383629993,83346.93771450073,43600000.0,0.0,0,,0,0,0.05
1781565548,4.9,2.2920151250228114,15.0,7.0,0.0015894488595801664,50.791666666666664,124.88253786614399,486.0,0.0,0.0058310995308320426,0.15836753847864485,5.041170379590301,0.40874935994473055,3.8819114383629993,83346.96163964373,43600000.0,0.0,0,,0,0,0.055
1781565608,4.945,2.269796246362215,15.0,3.0,0.001643032341756502,51.405,124.79364690693727,486.0,0.0,-0.005645043458454097,0.13178138973006712,5.041170379590301,0.4132574563548406,3.8819114383629993,83346.88343498055,43600000.0,0.0,0,,0,0,0.06
1781565668,4.935,2.2084930759834105,12.0,5.0,0.001403031675087991,51.785,125.65892503784468,486.0,0.0,-0.007031269531304183,0.08133707863581881,3.190709577584324,0.4156973432475124,3.8819114383629993,72680.31778176199,43600000.0,0.0,0,,0,0,0.2
1781565728,5.046666666666667,2.226616765907915,13.0,5.0,0.0010189472748535404,51.695,125.39875853319549,486.0,0.0,-0.0012961424892848363,0.0866227624779625,3.623026102240402,0.41428858284620884,3.8819114383629993,13.343380455314916,220.49889750551247,0.0,0,,0,0,0.16
1781565788,5.091666666666667,2.2405201529010075,13.0,4.0,0.0006594740540945985,51.598333333333336,125.55037633245956,494.0,395.0,0.005519709776971532,0.061222343479042984,3.623026102240402,0.41347480066541303,3.977414065415218,13.713425896359462,246.99876500617495,98.74975312561719,0,,0,0,0.135
1781565848,5.078333333333333,2.2669062373395352,13.0,6.0,0.0004593068314078592,51.265,126.0853868416162,494.0,0.0,0.001948477634660068,0.03636630325009648,3.623026102240402,0.41037552296767,3.977414065415218,13.230983091688435,246.99876500617495,0.0,0,,0,0,0.145
1781565908,5.115,2.2453897211842757,13.0,6.0,-0.00014669485193014798,51.406666666666666,125.48629920787722,494.0,0.0,0.005924627568409911,0.05157415042651189,3.623026102240402,0.4107472174728275,3.977414065415218,12.992791043501187,246.99876500617495,0.0,0,,0,0,0.135
1781565968,5.14,2.227195545972558,13.0,6.0,-0.0007172797702215825,50.83833333333333,124.11696981969155,494.0,0.0,-0.008282828563412668,0.06274535891593522,3.623026102240402,0.4060601668504366,3.977414065415218,12.377500817102927,246.99876500617495,0.0,0,,0,0,0.1
1781566028,5.151666666666666,2.2080150714058897,13.0,6.0,-0.000145528182022731,50.61333333333334,124.46977071651663,494.0,0.0,-0.0026333962038783388,0.06798560856064599,3.623026102240402,0.4049752532466842,3.977414065415218,11.976943207973344,246.99876500617495,0.0,0,,0,0,0.095
1781566088,5.1866666666666665,2.221521000475925,13.0,5.0,0.00028761191003308443,51.145,124.59865157777591,494.0,0.0,-0.00017269492415253177,0.08374425403206293,3.623026102240402,0.40965630749537063,3.977414065415218,12.381699658915625,427.9957200427995,0.0,0,,0,0,0.19
1781566148,5.1883333333333335,2.189261037174162,13.0,7.0,0.0009640304556401498,51.36333333333334,124.14089302974351,494.0,0.0,0.0015026708407523417,0.08547308687404885,3.623026102240402,0.4114327912096679,3.977414065415218,12.389547668346705,427.9957200427995,0.0,0,,0,0,0.235
1781566208,5.275,2.18694040461402,13.0,7.0,0.0016924769235470117,51.64333333333333,124.38176228406194,494.0,0.0,-0.0019284498012493785,0.12527067367674474,3.623026102240402,0.41385877767214013,3.977414065415218,12.427571505085822,428.99571004289953,0.0,0,,0,0,0.2
1781566268,5.381666666666667,2.242616898972171,13.0,11.0,0.0017162547673743485,51.36,124.2308083099089,494.0,343.0,-0.0018971719365887527,0.17326730973888388,3.623026102240402,0.4118463142278429,3.977414065415218,11.825104044260172,428.99571004289953,31.181789834736517,0,,0,0,0.175
1781566328,5.4366666666666665,2.267007327341979,12.0,6.0,0.0021237836771768725,50.41,123.45792225153745,494.0,0.0,-0.00463467954077658,0.19723817189210385,3.209173908436722,0.4049380806182858,3.977414065415218,11.43859609032568,428.99571004289953,0.0,0,,0,0,0.145
1781566388,5.493333333333333,2.298540599791287,12.0,8.0,0.0020352278756329873,49.85166666666667,122.42754182463283,477.0,427.0,-0.0019908666412961746,0.2218450112261468,3.209173908436722,0.4010205911366294,3.8073191873529546,10.913406079937845,428.99571004289953,53.3749332813334,0,,0,0,0.145
1781566448,5.625,2.3175507905257797,13.0,7.0,0.0020558112661424057,49.74666666666667,121.75310737535843,448.0,0.0,-0.007040686224128447,0.26105252970331083,3.209173908436722,0.4012078733568392,3.656256327440234,10.783278881840213,428.99571004289953,0.0,0,,0,0,0.055
1781566508,5.806666666666667,2.3747186967910303,13.0,6.0,0.002367562132117037,49.75,122.44518841778417,466.0,0.0,0.0025336181489393054,0.2958195166504545,3.209173908436722,0.4026383959774116,3.8505140270620446,10.293961304321959,428.99571004289953,0.0,0,,0,0,0.1
1781566568,5.97,2.43360500766524,14.0,9.0,0.002158061550170975,49.92666666666667,122.8634660462128,466.0,0.0,-0.012177256047933474,0.32235124586359015,3.354248407527895,0.4049129566361475,3.8505140270620446,10.141089614447687,428.99571004289953,0.0,0,,0,0,0.1
1781566628,6.058333333333334,2.4545733958379725,14.0,12.0,0.002017533382037172,49.665,122.30910067665992,466.0,0.0,-0.009590998863885708,0.3155113324421271,3.354248407527895,0.4033574274714103,3.8505140270620446,10.03004912804717,428.99571004289953,0.0,0,,0,0,0.1
1781566688,6.115,2.4728745082056496,14.0,5.0,0.0015896433045647265,49.593333333333334,122.58991783811406,466.0,0.0,-0.00027994522207007417,0.29544444262394853,3.354248407527895,0.4034283113705921,3.8505140270620446,9.387348679790335,428.99571004289953,0.0,0,,0,0,0.11
1781566748,6.238333333333333,2.5360462447588676,14.0,6.0,0.0015156986547184947,49.55166666666667,123.67267549418055,467.0,0.0,0.007456159600443329,0.3017897175203142,3.354248407527895,0.40371501211051186,3.8505140270620446,9.142458885321043,428.99571004289953,0.0,0,,0,0,0.095
1781566808,6.388333333333334,2.5937483601065767,14.0,9.0,0.0024403678899108036,48.635,123.42642251560238,467.0,0.0,0.0023907566409906793,0.3139523145970386,3.354248407527895,0.39642944584849665,3.8505140270620446,8.208636347710378,194.99902500487497,0.0,0,,0,0,0.135
1781566868,6.56,2.6425492742173544,15.0,6.0,0.002930897030269522,48.74166666666667,124.39898819479556,467.0,0.0,0.0052460979058274555,0.3351749837903368,3.4580028311648587,0.3973201928559066,3.8505140270620446,8.059120424049148,151.33282889057037,0.0,0,,0,0,0.12
1781566928,6.8116666666666665,2.7097719256219497,15.0,11.0,0.003907705299181379,48.998333333333335,124.90430335749936,472.0,0.0,-0.0009280859113497593,0.3735823313307496,3.4580028311648587,0.39896427000994256,3.8505140270620446,8.031180630844496,151.33282889057037,0.0,0,,0,0,0.09
1781566988,7.008333333333334,2.7267069067935332,15.0,10.0,0.0033718149217081047,49.07333333333333,124.81201046195656,472.0,0.0,-0.0015200597779438394,0.3676015370620678,3.4580028311648587,0.39882456571874947,3.8505140270620446,7.997031636928156,151.33282889057037,0.0,0,,0,0,0.09
1781567048,7.3133333333333335,2.827570610180328,15.0,13.0,0.004558457106825299,49.401666666666664,125.31342172285014,472.0,0.0,-0.0030594807207797777,0.4139811375475975,3.4580028311648587,0.4007563167378063,3.8505140270620446,7.779541211245236,151.33282889057037,0.0,0,,0,0,0.155
1781567108,7.433333333333334,2.8622058315610746,16.0,5.0,0.004616957269325745,48.431666666666665,123.9996720313763,472.0,0.0,-0.002109533637593469,0.41540087130871856,3.4580028311648587,0.39208572679300985,3.8178286372109738,7.532880623729775,129.49935250323747,0.0,0,,0,0,0.205
1781567168,7.61,2.901361749248101,16.0,11.0,0.00452451256809046,48.905,124.23426516733082,472.0,0.0,-0.008239995111097654,0.43780102448913266,3.4580028311648587,0.39544116207258173,3.8178286372109738,7.648499238269628,189.49905250473748,0.0,0,,0,0,0.165
1781567228,7.815,2.9258802094412544,16.0,10.0,0.003908538634829538,49.31666666666667,125.58541471400605,472.0,0.0,-0.0023915621987838777,0.4689697543827993,3.4580028311648587,0.3979923172391951,3.8178286372109738,7.449811141293996,189.49905250473748,0.0,0,,0,0,0.15
1781567288,8.1,2.933143933279329,17.0,10.0,0.003076786324406458,48.31,123.46122427709844,472.0,0.0,-0.0015381153836538316,0.4973081139768787,3.4580028311648587,0.3891184764796507,3.8178286372109738,7.068677056185261,189.49905250473748,0.0,0,,0,0,0.2
1781567348,8.291666666666666,2.914320484931074,17.0,11.0,0.0021294781374392767,48.325,123.7197883997005,472.0,0.0,0.007517215325598094,0.4898273627559415,3.4580028311648587,0.3887659120508457,3.8109121742067926,7.033896326485704,189.49905250473748,0.0,0,,0,0,0.255
1781567408,8.37,2.899384992258416,17.0,11.0,0.0013493926372017677,49.32833333333333,124.15819424114635,472.0,411.0,0.00440192889424695,0.4412312201314747,3.4580028311648587,0.3968590012394889,3.8109121742067926,7.046622619574919,189.49905250473748,37.36360239672509,0,,0,0,0.165
1781567468,8.578333333333333,2.9081260671130167,17.0,14.0,0.0016735879821888377,49.955,125.00709169883123,472.0,53.0,0.013506731963144336,0.4383330528899584,3.3792888829997176,0.4018790001134003,3.8109121742067926,6.81269345443558,189.49905250473748,3.7857115816345845,0,,0,0,0.275
1781567528,8.745,2.9999958333304395,20.0,10.0,0.002839702332506483,49.545,124.77055465266368,471.0,0.0,0.004327373131592141,0.4191943610332376,4.089779983555277,0.3984885283592934,3.8109121742067926,6.648625327928843,189.49905250473748,0.0,0,,0,1,0.57
1781567588,8.908333333333333,2.9882989401255617,20.0,7.0,0.0021357559326553688,49.541666666666664,124.17139336640929,471.0,0.0,0.004252039588998885,0.4046780518072213,4.089779983555277,0.3987786061128001,3.8109121742067926,6.41873834320835,189.49905250473748,0.0,0,,0,1,0.525
1781567648,9.17,3.106621959621093,20.0,12.0,0.005245403459454051,49.875,124.46529385736412,471.0,433.0,0.00819038386217737,0.4181160338754253,4.089779983555277,0.40172604618081675,3.8109121742067926,6.3408884615172,189.49905250473748,36.08330326391395,0,,0,1,0.545
1781567708,9.571666666666667,3.2344289380902396,20.0,13.0,0.006460379056608487,50.623333333333335,124.14194075958197,471.0,332.0,0.005155958766552073,0.47823462373471587,4.089779983555277,0.40785888571186213,3.8109121742067926,6.1173673840837886,189.49905250473748,25.538441893506235,0,,0,1,0.595
1781567768,10.048333333333334,3.4135998431112116,21.0,17.0,0.008349995416653926,50.415,124.00014559803279,467.0,0.0,-0.0014816985602737866,0.528365740824305,4.089779983555277,0.4063068902763436,3.7794103858505874,5.484859028693203,93.3998132003736,0.0,0,,0,1,0.61
1781567828,10.595,3.619066408159246,23.0,13.0,0.01010466695740821,50.02166666666667,122.8288831283406,467.0,0.0,0.002106755852099571,0.5921609888844191,4.089779983555277,0.40361742929209155,3.7794103858505874,5.174807189577585,93.3998132003736,0.0,0,,0,1,0.64
1781567888,11.056666666666667,3.7398915611136228,24.0,14.0,0.011021030613973925,50.36,123.60410079497092,467.0,0.0,-0.007284464679068413,0.6366276759541684,4.089779983555277,0.40687816571594887,3.7794103858505874,5.005268936031248,93.3998132003736,0.0,0,,0,1,0.59
1781567948,11.691666666666666,3.891862950082161,24.0,11.0,0.01195667210186695,50.10666666666667,123.09843739418014,470.0,0.0,-0.0035512320867557893,0.7167808044852467,4.089779983555277,0.40517552111866006,3.8306339327826704,4.514119344763016,66.99988833351945,0.0,0,,0,1,0.62
1781568008,12.147826086956522,3.828596015253519,24.0,11.0,0.01052062818764833,49.76,123.37038528438414,470.0,0.0,-0.003623567136292419,0.7585965358091699,4.089779983555277,0.4025519523558426,3.8306339327826704,4.363451155344427,66.99988833351945,0.0,0,,0,1,0.555
1781568068,12.436893203883495,3.8224424228460565,24.0,11.0,0.01084126288268074,48.89902912621359,121.48981937861969,470.0,0.0,0.005547536444006696,0.7800854662125677,4.089779983555277,0.39577762551594947,3.8306339327826704,4.263741278361832,66.99988833351945,0.0,0,,0,1,0.68
1781568128,12.747252747252746,3.7848553228940873,24.0,11.0,0.011083409982088404,49.66153846153846,121.75668293523513,470.0,0.0,-0.0031509645003732515,0.8050235428448584,3.8672884976269613,0.40247172234412115,3.8306339327826704,4.188102970758353,61.79987640024721,0.0,0,,0,1,0.56
1781568188,13.273417721518987,3.625671787974792,24.0,11.0,0.007767451550783816,49.71139240506329,122.76224936931186,470.0,0.0,-0.005848759392420659,0.9129712348399655,3.8672884976269613,0.403209283426524,3.8306339327826704,3.8794124839204436,61.16656472239213,0.0,0,,0,0,0.485
1781568248,13.519402985074628,3.715085776955943,24.0,11.0,0.007477688546148654,49.05671641791045,121.14973986688995,470.0,0.0,0.00296113529869912,0.9058640455431429,3.8672884976269613,0.3981564430739214,3.8306339327826704,3.7346268095200528,61.16656472239213,0.0,0,,0,1,0.59
1781568308,13.850909090909092,3.697117930460907,24.0,11.0,0.004580941115374655,48.378181818181815,122.13564246496834,470.0,0.0,0.01770116269005497,0.8965627021712849,3.8672884976269613,0.3931785750189816,3.8306339327826704,3.4832193987207356,55.624930468836915,0.0,0,,0,1,0.525
1781568368,14.051162790697674,3.676725799050857,24.0,11.0,0.0020442415899924785,49.06976744186046,122.44960906597878,470.0,0.0,0.006184645849935946,0.8747399655422516,3.8672884976269613,0.3991621528671998,3.8306339327826704,3.5630396804888327,55.624930468836915,0.0,0,,0,1,0.505
1781568428,14.109677419354838,3.685311282752169,24.0,11.0,-0.0009119912345718588,48.71612903225807,123.38974469012011,470.0,0.0,0.013360832715671423,0.7849116798401603,3.8672884976269613,0.3965532663829516,3.8306339327826704,3.5594758979151018,55.624930468836915,0.0,0,,0,0,0.365
1781568488,14.43157894736842,3.6896801503908665,23.0,11.0,-0.03601623740201576,49.589473684210525,126.87768620848081,470.0,0.0,-0.015061590145577619,0.7866438673501291,3.2132949469978316,0.4035864656407377,3.8306339327826704,3.4810041744330995,55.624930468836915,0.0,0,,0,0,0.23
1781568548,13.4,3.4821996332367684,21.0,11.0,-0.008683473389355757,47.74285714285714,124.1810528122186,445.0,0.0,-0.2501400560224088,0.3624109513598684,2.3425281319260716,0.38889256250398113,3.6294602317253832,3.952139275573289,55.624930468836915,0.0,0,,0,0,0.215
1781611208,9.125,3.2185982973959333,15.0,10.0,-0.1785714285714276,114.375,302.60780620301256,915.0,0.0,-76.24999999999994,-0.7469166725130666,0.7806131992125678,0.9242066370480448,7.393653096384359,7.6249949166700555,60.999959333360444,0.0,0,,0,0,0.265
1781611268,7.102941176470588,3.1018955584228367,17.0,4.0,-0.06342329274344398,59.89705882352941,158.99742318536101,915.0,0.0,-1.1885139519792396,-1.2435972120991037,1.2936594082318826,0.4720762191814315,7.393653096384359,9.354785441149524,134.49932750336248,0.0,0,,0,0,0.25
1781611328,7.703125,3.2724211578546853,17.0,4.0,0.010328923274125627,57.0234375,144.75903819169147,915.0,0.0,-0.21527364493682477,-1.0678871555481788,1.2936594082318826,0.45012896902994115,7.393653096384359,8.157869229708151,153.33282222392592,0.0,0,,0,0,0.255
1781611388,7.74468085106383,3.129938379560544,17.0,6.0,0.0036300787239460677,55.62234042553192,137.91938337092444,915.0,0.0,-0.1088942346764621,-1.03850059368549,1.2936594082318826,0.4387968439188943,7.393653096384359,7.91116300183272,153.33282222392592,0.0,0,,0,0,0.275
1781611448,7.467741935483871,3.031914874195918,17.0,4.0,-0.0035576549373673256,55.108870967741936,134.44122802278204,915.0,0.0,-0.05435022052425442,-1.0291549274392329,1.2936594082318826,0.4342053374636851,7.393653096384359,8.421040358353551,153.33282222392592,0.0,0,,0,0,0.265
1781611508,7.211038961038961,3.0082583667430294,17.0,5.0,-0.0059304251613160365,52.77922077922078,129.96117036249794,915.0,0.0,-0.06785930934439856,-1.0117710833049007,1.2936594082318826,0.41587972942197704,7.393653096384359,8.467114636975683,153.33282222392592,0.0,0,,0,0,0.25
1781611568,7.057065217391305,2.9908381979273764,17.0,4.0,-0.005431411528900228,53.30978260869565,130.73575952027832,915.0,0.0,-0.03543438289494816,-0.9545501997139091,1.2936594082318826,0.4196365557148698,7.393653096384359,9.264209666854613,189.49905250473748,0.0,0,,0,0,0.35
1781611628,6.911214953271028,2.9356916458947793,17.0,3.0,-0.0050943387851615065,53.14719626168224,130.51595783331783,915.0,0.0,-0.02477765837655509,-0.8913590206880447,1.2936594082318826,0.4178825203633458,7.393653096384359,9.665700412702824,197.49901250493747,0.0,0,,0,0,0.355
1781611688,6.770491803278689,2.919091721656072,17.0,7.0,-0.004987566707233288,53.118852459016395,130.12853912099806,915.0,0.0,-0.016929351513070047,-0.8355304359938907,1.2936594082318826,0.4170617825523707,7.393653096384359,9.590571574220933,197.49901250493747,0.0,0,,0,0,0.37
1781611748,6.645985401459854,2.9020887166823335,17.0,3.0,-0.004761322451185638,53.23905109489051,129.08726243021545,915.0,0.0,-0.010071761827124137,-0.7825993807318763,2.0214124382567413,0.41745747478489076,7.393653096384359,9.547492134376489,197.49901250493747,0.0,0,,0,0,0.34
1781611808,6.488333333333333,2.8757371035769053,17.0,11.0,-0.004394039983444402,52.855,124.75007271206965,485.0,0.0,0.004977763827121695,-0.7410282100244836,2.0214124382567413,0.41401625433818295,3.8189614336235227,12343.286049880895,7399999.999999999,0.0,0,,0,0,0.105
1781611868,6.373333333333333,2.83736184196204,16.0,13.0,-0.0046484018011161065,52.57833333333333,125.14518447476206,485.0,224.0,0.002941758171550401,-0.621075793784542,2.4748757437465394,0.4129420435105508,3.8189614336235227,12343.431731868086,7399999.999999999,17.230755976341555,0,,0,0,0.11
1781611928,6.02,2.7097847392981853,15.0,4.0,-0.0038876219100608548,52.95166666666667,124.4638207025997,485.0,205.0,0.008948108189189471,-0.575500357048487,2.477997199577275,0.41664226838832263,3.8189614336235227,12344.34847299168,7399999.999999999,51.249871875320316,0,,0,0,0.105
1781611988,5.748333333333333,2.6028824833676647,15.0,6.0,-0.0026814796707768647,52.30166666666667,122.97453935898909,485.0,0.0,0.002808591134975362,-0.5112374974898418,2.477997199577275,0.41240785436550015,3.798983238621887,12344.80234453144,7399999.999999999,0.0,0,,0,0,0.045
1781612048,5.595,2.5737731705286957,15.0,3.0,-0.0023684232456201238,52.345,123.56759004016115,485.0,0.0,0.005188764413234456,-0.44062449802252623,2.477997199577275,0.4142042878092106,3.798983238621887,12344.906783962986,7399999.999999999,0.0,0,,0,0,0.045
1781612108,5.473333333333334,2.5224238783801227,15.0,7.0,-0.0023275620210056166,53.28666666666667,124.28035976059218,485.0,0.0,-0.004163122675340869,-0.34922534864625326,2.477997199577275,0.42284885833663577,3.798983238621887,12345.279402149106,7399999.999999999,0.0,0,,0,0,0.045
1781612168,5.325,2.450042516637892,15.0,8.0,-0.002076477990216638,52.20333333333333,123.31774131171159,485.0,0.0,-0.008048244578457152,-0.2915952114179191,2.477997199577275,0.41569342221583905,3.798983238621887,12345.061385679935,7399999.999999999,0.0,0,,0,0,0.04
1781612228,5.238333333333333,2.4674272476047237,15.0,1.0,-0.001522698674162987,51.86833333333333,122.58143278608262,485.0,0.0,-0.011357725993683282,-0.23517071977382212,2.843160958013054,0.4146322643825167,3.798983238621887,12344.904157978945,7399999.999999999,0.0,0,,0,0,0.03
1781612288,5.135,2.4269545387858695,15.0,2.0,-0.0014009205581126606,51.82833333333333,121.50398702877567,485.0,0.0,-0.009287998022216684,-0.20235668838540188,2.843160958013054,0.4165618974145067,3.798983238621887,12345.384069278865,7399999.999999999,0.0,0,,0,0,0.04
1781612348,5.166666666666667,2.396988851779573,13.0,6.0,-0.00010916696990824816,51.413333333333334,120.70833645150151,485.0,0.0,-0.00852141255947937,-0.1276346602192946,2.843160958013054,0.4158584426004064,3.798983238621887,12345.905445695273,7399999.999999999,0.0,0,,0,0,0.055
1781612408,5.205,2.3804008766032108,13.0,8.0,0.0006903074730763155,50.97,120.84362802122968,458.0,0.0,-0.0010335584265512166,-0.0585923785919531,3.3733731384565595,0.4146703765753508,3.780728975045871,12.050167864333796,421.99578004219956,0.0,0,,0,0,0.045
1781612468,5.183333333333334,2.3529532270933244,14.0,7.0,0.001403170564362676,51.163333333333334,120.91167570678286,460.0,0.0,-0.0014521707004741323,-0.027929977913017854,3.800279851288057,0.4175159576645128,3.831376369546271,12.212074597335441,421.99578004219956,0.0,0,,0,0,0.06
1781612528,5.193333333333333,2.27800107306579,14.0,4.0,0.0008346689851916225,50.145,119.902059928093,460.0,133.0,0.0012966424906736434,0.011001538434266973,3.800279851288057,0.41046997378839795,3.831376369546271,11.480881804433398,421.99578004219956,33.249916875207816,0,,0,0,0.06
1781612588,5.255,2.26052538141026,14.0,6.0,0.0012361978783274419,50.61333333333334,122.40717771256536,460.0,0.0,-0.0028694524151456416,0.07663991559186492,3.800279851288057,0.41526360898192954,3.831376369546271,11.565965091992314,421.99578004219956,0.0,0,,0,0,0.095
1781612648,5.278333333333333,2.2085132002221664,14.0,4.0,0.0010923641454559604,50.111666666666665,121.95958017811564,460.0,0.0,-0.0004456401267781039,0.1195039279711331,3.800279851288057,0.41162978486694557,3.831376369546271,11.473826482156307,421.99578004219956,0.0,0,,0,0,0.11
1781612708,5.381666666666667,2.2574315542718506,16.0,5.0,0.001340142611507253,50.193333333333335,122.57729244122756,460.0,0.0,0.005265625737849291,0.16543444775013008,4.945765883239328,0.4126183171265567,3.831376369546271,11.339854158964181,421.99578004219956,0.0,0,,0,0,0.195
1781612768,5.471666666666667,2.262564302339764,16.0,6.0,0.0009226970074916847,50.406666666666666,121.77767155307615,460.0,389.0,-0.0019455609598915537,0.20429115138904577,4.945765883239328,0.41476290568507257,3.831376369546271,11.189725964799294,421.99578004219956,64.83322527795788,0,,0,0,0.185
1781612828,5.541666666666667,2.274114601822481,16.0,3.0,0.0009313636982324896,50.30833333333333,120.73593747191521,460.0,0.0,-0.005850321806449472,0.23570081973285775,4.945765883239328,0.414621930530185,3.831376369546271,10.928693218627016,421.99578004219956,0.0,0,,0,0,0.15
1781612888,5.658333333333333,2.2938171727978283,16.0,2.0,0.00042319561998783734,50.16166666666667,122.16646647323296,460.0,0.0,-0.0032429812305034373,0.28642264065029027,4.945765883239328,0.4135803519733992,3.831376369546271,10.406701966302041,421.99578004219956,0.0,0,,0,0,0.155
1781612948,5.628333333333333,2.3488005213063303,16.0,5.0,0.0007454187372742723,50.54833333333333,123.70756240918426,460.0,133.0,9.5472487423498e-05,0.274648190695959,4.945765883239328,0.41607084016586365,3.831376369546271,10.390998304389292,291.9970800291997,26.5999468001064,0,,0,0,0.265
1781613008,5.6883333333333335,2.384924294163001,16.0,11.0,0.0016016433378981583,49.843333333333334,123.14239233054101,460.0,0.0,-0.0006029461192948289,0.29439532564728105,4.945765883239328,0.4095045200897597,3.831376369546271,10.483494012456323,291.9970800291997,0.0,0,,0,0,0.255
1781613068,5.69,2.378493921231108,16.0,2.0,0.0011922255339598192,49.891666666666666,122.96880334955782,460.0,0.0,0.0034489262470172996,0.2791900461696713,4.945765883239328,0.4089319858628216,3.804947389645407,10.565217464862606,291.9970800291997,0.0,0,,0,0,0.16
1781613128,5.748333333333333,2.386419330759417,16.0,8.0,0.0002681951894310924,49.86333333333334,123.84365677022872,460.0,114.0,-0.001733727038130651,0.26201132896738155,4.945765883239328,0.40794245783607325,3.804947389645407,10.57508649336502,291.9970800291997,14.249982187522265,0,,0,0,0.305
1781613188,5.776666666666666,2.427644033946401,16.0,5.0,0.0005301125836460684,49.803333333333335,123.49835891847128,460.0,0.0,-0.00016355600987779363,0.23017137820155745,4.945765883239328,0.40675216842653544,3.804947389645407,10.364657272115961,291.9970800291997,0.0,0,,0,0,0.25
1781613248,5.91,2.4614155818688292,16.0,9.0,0.0007755577098825202,50.141666666666666,123.02752373847983,460.0,0.0,0.0013096425267848319,0.24266993488534513,4.945765883239328,0.4090637881170083,3.804947389645407,10.049027273652804,291.9970800291997,0.0,0,,0,0,0.29
1781613308,5.875,2.4350308006265546,15.0,6.0,0.0005307514743096478,50.26166666666666,123.64345189787538,464.0,156.0,0.009486943019286086,0.1836697209969801,4.354080944771237,0.4097712219740286,3.804947389645407,9.916264610392194,291.9970800291997,25.99995666673889,0,,0,0,0.16
1781613368,5.93,2.4498503355647396,15.0,4.0,0.0006663351842643992,50.343333333333334,125.06624426900952,467.0,0.0,0.0038627329520359776,0.16284929364515804,4.354080944771237,0.4096383926671984,3.804947389645407,9.970131378093216,291.9970800291997,0.0,0,,0,0,0.185
1781613428,5.923333333333333,2.4270947424624545,15.0,7.0,0.0004323900899724773,51.11833333333333,126.58043949950911,482.0,0.0,0.005445376237156257,0.1164912136979333,4.354080944771237,0.4143453686216925,3.8505546435425195,10.25698059192484,291.9970800291997,0.0,0,,0,1,0.505
1781613488,5.991666666666666,2.3968584763301224,15.0,12.0,0.0009541970949919283,51.23166666666667,126.91766884042933,482.0,0.0,0.0060874335762043956,0.10077727630596765,4.354080944771237,0.41345936128703487,3.8505546435425195,10.262534041799,291.9970800291997,0.0,0,,0,1,0.525
1781613548,6.07,2.362576277428237,13.0,4.0,0.0009538915385876098,51.07,126.51818749360375,482.0,0.0,0.009694026927852538,0.09139624965908358,2.9849905984295835,0.410884649250878,3.8505546435425195,9.78462040570539,200.99899500502497,0.0,0,,0,0,0.295
1781613608,5.95,2.321816817350872,13.0,8.0,0.0004838346773185396,51.971666666666664,127.10084262986702,482.0,0.0,0.007989272192422788,0.003977290373548386,2.9849905984295835,0.4171481065292672,3.8505546435425195,10.771405521553577,401.9959800401996,0.0,0,,0,0,0.295
1781613668,5.87,2.3230224564849418,13.0,6.0,-0.001161281003558345,51.97,126.71734595810734,482.0,0.0,0.008617190603307246,-0.05718257071265498,2.9849905984295835,0.416036985371334,3.8505546435425195,10.767595975160111,401.9959800401996,0.0,0,,0,0,0.195
1781613728,5.831666666666667,2.360790239634931,13.0,4.0,-0.0021883671899088626,51.79833333333333,126.5106622537756,482.0,0.0,-0.0031778143828177802,-0.07402329084697017,2.9849905984295835,0.41359108373991,3.8505546435425195,11.0878807547766,401.9959800401996,0.0,0,,0,0,0.105
1781613788,5.755,2.307590734944132,13.0,6.0,-0.002583090508584747,53.085,126.98258847180584,482.0,0.0,0.005711043641787905,-0.10661389117481572,2.9849905984295835,0.4226128448535099,3.8505546435425195,11.339211617989495,401.9959800401996,0.0,0,,0,0,0.075
1781613848,5.568333333333333,2.272736358567697,13.0,4.0,-0.0025243681232447936,52.36333333333334,127.48184703016435,482.0,0.0,-0.0026170628251744833,-0.18496460577456247,2.9849905984295835,0.41570918480802077,3.8505546435425195,11.642569197146713,401.9959800401996,0.0,0,,0,0,0.055
1781613908,5.548333333333333,2.2849501574918922,13.0,6.0,-0.002580701613060042,52.413333333333334,127.98873318469177,482.0,0.0,0.00137450381806614,-0.1542895548255705,3.073520556435653,0.41438460954926937,3.8505546435425195,11.588493608453888,401.9959800401996,0.0,0,,0,0,0.165
1781613968,5.451666666666667,2.271782829018263,13.0,6.0,-0.0021050891808032687,52.55833333333333,126.76699069771891,482.0,0.0,-0.005866877407992815,-0.15632989300843156,3.073520556435653,0.41455420849219915,3.8505546435425195,63511.354038647005,38100000.0,0.0,0,,0,0,0.085
1781614028,5.37,2.2352703043107187,13.0,10.0,-0.002151728199244993,52.01,125.91453410945061,479.0,0.0,-0.004867791299420207,-0.14879031990539138,3.073520556435653,0.41002870285462467,3.7785587893796717,63511.45713970086,38100000.0,0.0,0,,0,0,0.075
1781614088,5.236666666666666,2.2062008571801033,13.0,5.0,-0.0009261136836491181,51.73,124.43566115333122,479.0,0.0,-0.006977797160547599,-0.16149233212599026,3.176312244026904,0.40831080232171607,3.7785587893796717,63511.95404288812,38100000.0,0.0,0,,0,0,0.09
1781614148,5.116666666666666,2.1663461301360765,12.0,4.0,0.00042716785324403543,51.906666666666666,123.99750517203518,471.0,0.0,-0.004079789110525316,-0.16914200670833487,3.176312244026904,0.4105159807615063,3.7353163320446487,63512.19369922169,38100000.0,0.0,0,,0,0,0.12
1781614208,5.111666666666666,2.1453509166464015,12.0,6.0,0.0005262514618096193,51.24,123.16227398571907,471.0,0.0,-0.004211289475804042,-0.12810989444809112,3.176312244026904,0.4061204651754719,3.7353163320446487,63511.314020318525,38100000.0,0.0,0,,0,0,0.115
1781614268,5.105,2.1688649105004214,12.0,2.0,-0.00041875116319767356,50.531666666666666,122.42133119091443,469.0,85.0,-0.008591440531779196,-0.08904097277485411,3.176312244026904,0.40162802979710127,3.680240253347165,63511.4744109998,38100000.0,42.49978750106249,0,,0,0,0.015
1781614328,5.105,2.1596238098335556,12.0,2.0,-0.00033669537970939015,50.73166666666667,122.6580735101535,469.0,0.0,-0.017220520057000206,-0.045656651577128525,3.2598498113741616,0.4045917349063717,3.680240253347165,63511.101186455504,38100000.0,0.0,0,,0,0,0.075
1781614388,5.035,2.1932719089676653,12.0,1.0,-0.0006230850641251762,49.79833333333333,123.64954911855611,671.0,0.0,-0.0013522537562604606,-0.03433256363914655,3.2598498113741616,0.39840781277390613,5.4773664866588225,63510.78559760574,38100000.0,0.0,0,,0,0,0.225
1781614448,5.056666666666667,2.2803776490358394,12.0,1.0,-0.000978058272384089,50.32833333333333,123.9219937321683,671.0,0.0,-0.005785377181603393,0.01746517489312929,3.2598498113741616,0.4036789457526593,5.4773664866588225,63511.92995843937,38100000.0,0.0,0,,0,0,0.26
1781614508,4.958333333333333,2.258302582816474,12.0,4.0,-0.0011664754624318388,49.803333333333335,122.23809276253546,671.0,390.0,-0.00037050102916943187,-0.02253650665374351,3.2598498113741616,0.4014556006223224,5.4773664866588225,63512.21729223126,38100000.0,97.49975625060938,0,,0,0,0.185
1781614568,4.911666666666667,2.250303066008863,12.0,4.0,-0.0009825305070291887,49.405,122.97341572470044,671.0,0.0,-0.004028038966774928,-0.03889616225270893,3.2598498113741616,0.39998541891626666,5.4773664866588225,12.555370134027484,352.99647003529964,0.0,0,,0,0,0.2
1781614628,4.87,2.2404835787540747,12.0,4.0,-0.0012744479845777307,49.935,122.15000658343548,671.0,0.0,0.0023267564632124195,-0.05754525693548263,3.2598498113741616,0.40544280263117316,5.4773664866588225,12.816775963277523,352.99647003529964,0.0,0,,0,0,0.235
1781614688,4.851666666666667,2.263403901698109,12.0,3.0,-0.000679862999619446,50.295,123.29453073163194,671.0,0.0,0.004466706851963451,-0.0659414129893773,3.2598498113741616,0.4093888131212228,5.4773664866588225,12.50140394261021,352.99647003529964,0.0,0,,0,0,0.265
1781614748,4.835,2.271073534696752,12.0,1.0,-8.586134961486081e-05,50.17166666666667,122.85994274195131,671.0,394.0,0.010814835596765512,-0.07361685806609683,3.2598498113741616,0.4090220999220314,5.4773664866588225,13.121862525929414,393.9960600393996,393.9960600393996,0,,0,0,0.245
1781614808,4.873333333333333,2.3138616111504064,12.0,9.0,0.0008636135100375257,50.035,122.51995936036981,671.0,0.0,0.0060764335456488265,-0.05732623339064619,3.2598498113741616,0.4082036602960118,5.4773664866588225,13.148977452586129,393.9960600393996,0.0,0,,0,0,0.2
1781614868,4.9,2.3430749027719964,12.0,3.0,0.0005956127655910123,50.635,123.84792465627622,671.0,0.0,0.0017371437142881185,-0.044635622326003176,3.2598498113741616,0.41309394274501177,5.4773664866588225,13.001180704117488,393.9960600393996,0.0,0,,0,0,0.31
1781614928,4.885,2.396200116851679,12.0,2.0,0.0009894194150539284,50.44833333333333,124.55224070199976,671.0,0.0,-0.006357267659076841,-0.051656741309127126,3.1285884051736645,0.4111111977878406,5.4773664866588225,13.880917952404092,393.9960600393996,0.0,0,,0,0,0.27
1781614988,4.926666666666667,2.4265109840170838,14.0,3.0,0.0006668351856532899,49.958333333333336,121.7933082338909,465.0,0.0,-0.004446762352117673,-0.03210780702717097,3.762569112875885,0.4071036710923926,3.805000033789906,13.86517625068655,393.9960600393996,0.0,0,,0,0,0.095
1781615048,4.92,2.400055554912566,14.0,1.0,0.000733890927474802,50.46666666666667,122.23756469360072,465.0,0.0,0.0006218350606529638,-0.035025318436447135,3.762569112875885,0.4118321506396447,3.805000033789906,13.255985112109942,393.9960600393996,0.0,0,,0,0,0.115
1781615108,5.028333333333333,2.4140278696725015,14.0,2.0,0.0007401409448359592,50.015,123.0928705287191,465.0,0.0,-0.005485320792557797,0.011343868410531156,3.762569112875885,0.40784147661866665,3.805000033789906,12.837676047897812,393.9960600393996,0.0,0,,0,0,0.125
1781615168,5.06,2.414484071874017,14.0,5.0,0.0005903349731527012,50.605,121.56280533809124,465.0,0.0,-0.009539220942280418,0.025052740879703272,3.762569112875885,0.412373089560431,3.7952418644286268,13.612689299126995,393.9960600393996,0.0,0,,0,0,0.085
1781615228,5.12,2.4094812719753604,14.0,1.0,0.0001022225061736238,50.47833333333333,123.26952663664373,465.0,0.0,-0.000871530198694973,0.05131344694809897,3.762569112875885,0.41166601384525536,3.7952418644286268,13.849389646579079,437.99562004379953,0.0,0,,0,0,0.085
1781615288,5.068333333333333,2.3544986491584337,14.0,6.0,-0.00047330687029686566,50.47,123.36737453638217,467.0,0.0,0.004893180258834056,0.029275437828604693,3.762569112875885,0.4114634956939219,3.818271030308841,14.622625210429764,437.99562004379953,0.0,0,,0,0,0.035
1781615348,5.116666666666666,2.353661450213735,14.0,6.0,-7.600021111169582e-05,50.19166666666667,124.33763816274173,493.0,0.0,0.007035491765254969,0.04957909049398617,3.762569112875885,0.4088754936842202,4.0091911509537965,13.919757378461945,437.99562004379953,0.0,0,,0,0,0.075
1781615408,5.05,2.3254031908466968,14.0,5.0,9.138914274761898e-05,50.973333333333336,124.77420655817541,493.0,0.0,0.0076589101636393726,0.020722742450540677,3.762569112875885,0.41475793866245736,4.0091911509537965,14.009284663184056,437.99562004379953,0.0,0,,0,0,0.065
1781615468,5.05,2.281994741448805,14.0,5.0,-0.00023877844105122469,50.885,124.106225099039,493.0,0.0,0.007538048716802003,0.020630501268737545,3.762569112875885,0.4136689020445275,4.0091911509537965,13.85124141585371,437.99562004379953,0.0,0,,0,0,0.055
1781615528,5.03,2.1861152760090214,14.0,4.0,-0.0005226125628126754,51.175,123.06799357130458,493.0,304.0,-0.0003229731193698647,0.011849411718832243,3.762569112875885,0.41609869531897553,4.0091911509537965,13.374981682816088,437.99562004379953,75.99981000047501,0,,0,0,0.045
1781615588,5.123333333333333,2.206382156885389,13.0,4.0,0.00021916727546465555,51.416666666666664,122.11902549925989,493.0,248.0,-0.0017429492859702682,0.054673051044526584,3.3383578285748574,0.41837392983170957,4.0091911509537965,13.484282393192844,437.99562004379953,61.9998450003875,0,,0,0,0.07
1781615648,5.376666666666667,2.340538874324078,14.0,6.0,0.0020524501456948506,50.528333333333336,119.90736367666871,493.0,105.0,-0.0018196994991652679,0.16553471162308986,3.9713163629380133,0.4111899750983359,4.0091911509537965,12.58628725551673,437.99562004379953,17.499970833381944,0,,0,0,0.08
1781615708,5.503333333333333,2.422805994892882,14.0,7.0,0.0034657318492551346,51.321666666666665,119.41678356588835,493.0,0.0,-0.005548320967558254,0.21867005347233023,3.9713163629380133,0.419006160252643,4.0091911509537965,12.550659595198473,437.99562004379953,0.0,0,,0,0,0.105
1781615768,5.635,2.438942735421778,14.0,2.0,0.003846427351187084,51.638333333333335,120.17127026549326,493.0,0.0,-0.0023858677385215346,0.2676942014541535,3.9713163629380133,0.4227644999162028,4.0091911509537965,11.536590306164502,437.99562004379953,0.0,0,,0,0,0.085
1781615828,5.755,2.5641714061271332,14.0,8.0,0.003950094305817515,51.693333333333335,120.43118071699243,493.0,0.0,0.002692951924866462,0.2780401652909166,3.9713163629380133,0.42352005316418356,4.0091911509537965,10.75000528984738,233.49883250583747,0.0,0,,0,0,0.145
1781615888,5.833333333333333,2.5978623691198286,14.0,4.0,0.002224672846313462,51.57333333333333,119.72333922654995,493.0,0.0,0.00322217561715443,0.2713912606509791,3.9713163629380133,0.4234440899853636,4.0091911509537965,10.058727059818063,217.49891250543746,0.0,0,,0,0,0.13
1781615948,5.776666666666666,2.6229987080100177,14.0,6.0,0.0012148922635896206,52.36333333333334,120.15737453671146,513.0,0.0,0.007665576848824639,0.20928004123318153,3.9713163629380133,0.4314117576178381,4.318476874451841,10.827610760141354,279.9972000279997,0.0,0,,0,0,0.115
1781616008,5.79,2.678787038941319,14.0,3.0,-0.00048039022330617783,52.276666666666664,119.78361096391926,513.0,0.0,0.012335867599632188,0.17723074394769228,3.9713163629380133,0.43237363878236607,4.318476874451841,11.755181012746718,459.99540004599953,0.0,0,,0,0,0.085
1781616068,5.816666666666666,2.6807440923909334,14.0,10.0,-0.002036450101250283,51.608333333333334,119.38948137875836,513.0,0.0,0.0018184772735479837,0.15069765581519293,3.9713163629380133,0.4282587846952896,4.318476874451841,11.68944331968356,459.99540004599953,0.0,0,,0,0,0.075
1781616128,5.926666666666667,2.758252264669705,14.0,3.0,-0.0030443417898382997,53.11333333333334,121.60780055389357,513.0,0.0,0.008341912060866881,0.15544894877715917,3.9713163629380133,0.44170363372319843,4.318476874451841,11.807388448235761,459.99540004599953,0.0,0,,0,0,0.105
1781616188,5.79,2.760295877860439,14.0,4.0,-0.004330456473490204,52.635,122.62066890074719,513.0,259.0,0.00016869491304144184,0.06081586719075896,3.9713163629380133,0.4377955747187595,4.318476874451841,12.347539594995288,459.99540004599953,64.7498381254047,0,,0,0,0.1
1781616248,5.508333333333334,2.72273096153272,14.0,8.0,-0.003442759563221006,52.63166666666667,123.7148306815135,513.0,0.0,-0.011874116316989815,-0.06254534448887576,3.818233890312191,0.4373302353242629,4.318476874451841,12.915606029252293,459.99540004599953,0.0,0,,0,0,0.115
1781616308,5.2316666666666665,2.666707812182571,14.0,6.0,-0.0033696482490229184,52.805,123.87072686878042,515.0,0.0,-0.008538384828846751,-0.17367971421116674,3.2427484347302604,0.4372419071848191,4.318476874451841,13.675680212914529,459.99540004599953,0.0,0,,0,0,0.085
1781616368,5.04,2.6112066176386732,14.0,5.0,-0.0026673407426131765,51.63333333333333,122.78446789213837,515.0,0.0,-0.015014486151350558,-0.24588276099540357,3.2427484347302604,0.42626272711995733,4.318476874451841,13.892581135097831,459.99540004599953,0.0,0,,0,0,0.04
1781616428,4.821666666666666,2.471139525715931,14.0,8.0,-0.00199708888080245,51.63,123.14004128091995,515.0,0.0,-0.008816746713185476,-0.2737441668715933,2.914256498648677,0.4255783942786239,4.318476874451841,14.884851824642622,459.99540004599953,0.0,0,,0,0,0.04
1781616488,4.68,2.422312944274542,14.0,3.0,-0.002221228392301096,51.765,123.86293409114234,515.0,0.0,-0.007762160450445713,-0.25153950383777307,2.914256498648677,0.42542868605475326,4.318476874451841,84848.40075320518,50899999.99999999,0.0,0,,0,0,0.045
1781616548,4.621666666666667,2.416994805308627,14.0,4.0,-0.002197422770618811,51.03333333333333,123.05120433741757,515.0,457.0,-0.0015617821160614014,-0.19621917924636814,3.3207668922204583,0.4181245396331769,4.1827647331112825,84848.15336973398,50899999.99999999,114.24971437571408,0,,0,0,0.07
1781616608,4.498333333333333,2.3537198691055443,14.0,5.0,-0.002590312750868752,50.208333333333336,123.84645707712255,515.0,0.0,-0.002990258306273077,-0.16816522041295448,3.3207668922204583,0.40997884852346894,4.1827647331112825,84847.8785684494,50899999.99999999,0.0,0,,0,0,0.055
1781616668,4.395,2.3421446724458903,14.0,3.0,-0.0022242561784893847,50.57833333333333,123.88287693310251,515.0,0.0,-0.012330173139369894,-0.1316200968048068,3.3207668922204583,0.4118922215267834,4.1827647331112825,84848.56606894969,50899999.99999999,0.0,0,,0,0,0.095
1781616728,4.2,2.1625602111078126,13.0,5.0,-0.0010271139642054562,49.36666666666667,123.31962085932997,515.0,0.0,0.0033381203836676913,-0.12989690052507735,3.3207668922204583,0.40111972532973705,4.1827647331112825,231015.29342614242,50899999.99999999,0.0,0,,0,0,0.01
1781616788,4.15,2.130923117649563,12.0,2.0,-0.0008249467359631544,49.218333333333334,123.85093458356388,515.0,0.0,-0.0038478717996438335,-0.07517951367067055,3.3207668922204583,0.399723207817131,4.1827647331112825,231015.19941430638,50899999.99999999,0.0,0,,0,0,0.025
1781616848,4.153333333333333,2.0631259992760715,12.0,3.0,0.00010172250478473204,49.49666666666667,123.43729847803525,515.0,0.0,-0.006063127953133134,-0.027772683126348157,3.3207668922204583,0.40186164667467156,4.1827647331112825,231015.57901301412,50899999.99999999,0.0,0,,0,0,0.05
1781616908,4.141666666666667,2.044080206080204,12.0,5.0,-0.00024986180517168354,48.266666666666666,122.66312494887053,509.0,0.0,-0.006008627801743871,0.004040680053876026,3.3207668922204583,0.3919998694672638,4.123917894120844,231015.19773687274,50899999.99999999,0.0,0,,0,0,0.05
1781616968,4.151666666666666,2.062037153453405,12.0,5.0,0.0005964738790941077,49.225,124.57992498124781,509.0,0.0,-0.008211106141961381,0.052443747830623,3.3207668922204583,0.39977087483442514,4.123917894120844,231015.51216786602,50899999.99999999,0.0,0,,0,0,0.09
1781617028,4.165,2.007762021090481,12.0,3.0,0.00075108541968172,48.973333333333336,124.7330187061772,509.0,0.0,0.0006091128030910661,0.07849960417261076,3.3207668922204583,0.3972757042963404,4.123917894120844,231015.34747121984,50899999.99999999,0.0,0,,0,0,0.075
1781617088,4.185,2.045509309031209,12.0,3.0,0.0004458067939077618,48.98,124.80284291633744,473.0,391.0,0.009723693676926961,0.08772016865188817,3.940754817267441,0.39719240359560776,3.8663888895669114,223015.40409816487,47299999.99999999,130.33289889033702,0,,0,0,0.0
1781617148,4.18,2.002731468103833,12.0,4.0,0.0008515023652843438,48.99666666666667,125.82343444508084,479.0,217.0,0.01333964816568938,0.08847705632506894,3.940754817267441,0.3965458374444424,3.8663888895669114,223015.30504153288,47299999.99999999,54.249864375339065,0,,0,0,0.01
1781617208,4.238333333333333,2.004544143246095,12.0,5.0,0.0005115291986922143,49.525,126.52094441237783,479.0,0.0,0.01162011561143238,0.11543636423502951,3.940754817267441,0.4001835687723449,3.8663888895669114,223015.4697331674,47299999.99999999,0.0,0,,0,0,0.025
1781617268,4.238333333333333,1.9953772965420737,12.0,6.0,0.00028136189267193273,50.04833333333333,126.61171350717208,479.0,0.0,0.012276006322239788,0.11639651905408148,3.940754817267441,0.40337161978272135,3.8663888895669114,223014.9973601517,47299999.99999999,0.0,0,,0,0,0.03
1781617328,4.283333333333333,2.0264226826821914,12.0,6.0,0.00010883363564898209,50.28333333333333,126.37204222277789,483.0,0.0,0.016314156428212285,0.13864801398611537,3.940754817267441,0.4038726070915315,3.812660074067311,76849.16516770587,46099999.99999999,0.0,0,,0,0,0.05
1781617388,4.333333333333333,2.034425935955617,12.0,7.0,5.294459151275163e-05,51.01833333333333,127.52932210759307,483.0,405.0,0.01211956144322618,0.16331467806523686,3.940754817267441,0.40840459575039084,3.812660074067311,76848.70878119636,46099999.99999999,57.85706020419971,0,,0,0,0.105
1781617448,4.333333333333333,2.051557673790549,12.0,0.0,0.0007188908858080138,51.25,127.18786957358263,483.0,354.0,0.010909752527090328,0.16432860066608795,3.940754817267441,0.4089324440199289,3.812660074067311,135848.45494824415,46099999.99999999,35400000.0,0,,0,0,0.105
1781617508,4.378333333333333,2.046589982276752,12.0,3.0,0.00022558395995544582,51.376666666666665,127.91496441864112,483.0,0.0,-0.004968347134297608,0.18622929509992975,3.940754817267441,0.40884654478265825,3.812660074067311,211848.2436988988,46099999.99999999,0.0,0,,0,0,0.19
1781617568,4.383333333333334,2.0206572088198325,12.0,8.0,0.0007505576404378949,50.99166666666667,127.82132684815245,483.0,292.0,-0.0059263220175612,0.18893231919509343,3.940754817267441,0.4045029882851228,3.812660074067311,211847.94590330005,46099999.99999999,36.49995437505703,0,,0,0,0.19
1781617628,4.3933333333333335,2.0498672043709454,12.0,0.0,0.0006503906955297083,51.67,125.79318118774695,483.0,0.0,0.002221228392301087,0.1939133758048051,3.940754817267441,0.4088159743453543,3.812660074067311,211847.92584511594,46099999.99999999,0.0,0,,0,0,0.09
1781617688,4.441666666666666,2.037137834206501,11.0,5.0,0.0005296959158219888,51.705,125.7032403785466,483.0,0.0,0.005142208728357586,0.21723691800596437,3.4983877177228506,0.40857177206219303,3.812660074067311,135014.5877880403,45599999.99999999,0.0,0,,0,0,0.185
1781617748,4.456666666666667,2.052995102012883,12.0,3.0,0.00047339020386168157,51.11833333333333,125.03942443841018,483.0,0.0,-0.002457534604262751,0.22424972421837802,3.9017322535543375,0.40379857737980707,3.811690000498195,135014.57592803196,45599999.99999999,0.0,0,,0,0,0.07
1781617808,4.466666666666667,2.09576292128242,12.0,7.0,0.0003130008694468533,51.25833333333333,123.58286665454703,483.0,0.0,-0.0014589762749340751,0.22851034244047702,3.9017322535543375,0.40521725036184114,3.811690000498195,135014.05832279386,45599999.99999999,0.0,0,,0,0,0.075
1781617868,4.456666666666667,2.073191313463912,12.0,0.0,-0.0004975013819482843,51.11,122.96621988714352,483.0,0.0,-0.0007146686518573872,0.22333333425542976,3.9017322535543375,0.4051671089571555,3.811690000498195,135014.23709301802,45599999.99999999,0.0,0,,0,0,0.05
1781617928,4.38,2.0806088852384854,12.0,3.0,-0.0013007258353495393,51.59166666666667,123.59164587687775,479.0,174.0,0.008793941094280817,0.1857968784977351,3.9017322535543375,0.4101353713196387,3.789816052254379,206848.15933987062,45599999.99999999,57.999806667311105,0,,0,0,0.035
1781617988,4.281666666666666,2.0621179780884398,12.0,4.0,-0.001895977488826353,50.805,122.34311167777284,479.0,0.0,0.0025436459545721338,0.13778520148955414,3.9017322535543375,0.4050437520421321,3.789816052254379,206849.54217094395,45599999.99999999,0.0,0,,0,0,0.03
1781618048,4.22,2.0342730069159023,12.0,2.0,-0.0016871713532537608,51.141666666666666,122.8106330788268,479.0,328.0,0.0067219908944192025,0.10775046308264948,3.9017322535543375,0.4093524972018771,3.789816052254379,147849.82705551258,45599999.99999999,163.99918000409997,0,,0,0,0.045
1781618108,4.176666666666667,2.046653094417539,12.0,7.0,-0.0017960605446126188,51.18333333333333,122.78588296524791,474.0,0.0,-0.006836741213169975,0.08658041178414336,3.9017322535543375,0.4111204635200511,3.9021070477612874,71850.79561899306,43100000.0,0.0,0,,0,0,0.04
1781618168,4.095,2.0540955024860295,12.0,3.0,-0.0015308098078050275,51.74,122.56132777783807,483.0,0.0,-0.00690385251070138,0.04648871595025251,3.9017322535543375,0.4172279889491787,3.9565073492046077,71852.0450337198,43100000.0,0.0,0,,0,0,0.085
1781618228,4.078333333333333,2.0765830641277567,12.0,3.0,-0.0010325862016283356,51.06,123.8235696464934,483.0,0.0,0.001600837780104954,0.037942841504880545,3.9017322535543375,0.41333309391035117,3.9565073492046077,71852.08784991437,43100000.0,0.0,0,,0,0,0.085
1781618288,4.036666666666667,2.052313058207468,12.0,7.0,-0.0003892788591079422,50.486666666666665,123.22329253116969,483.0,0.0,0.0013063925177569922,0.017669252378814056,3.9017322535543375,0.4094920978704997,3.9565073492046077,71852.3998998385,43100000.0,0.0,0,,0,0,0.025
1781618348,4.03,2.03037763318387,11.0,2.0,0.0004851124586457119,50.50333333333333,122.38019987817565,483.0,0.0,-0.01001386114961431,0.01467070487251978,3.395138884208713,0.41046990928920624,3.9565073492046077,71851.92569510714,43100000.0,0.0,0,,0,0,0.33
1781618408,3.99,1.9748164471666727,11.0,8.0,0.0009286692463034656,50.71333333333333,124.13444790047426,494.0,0.0,-0.003902010838918913,-0.004563165256906192,3.395138884208713,0.41285068020181676,4.063221170405692,71852.55617638322,43100000.0,0.0,0,,0,0,0.37
1781618468,3.9983333333333335,2.039198508129004,14.0,3.0,0.0010860863502398625,50.13166666666667,125.09559410262572,494.0,0.0,-0.008450162361562132,-0.0004145280464652856,4.993450920339636,0.40764460581988676,4.063221170405692,71852.5403006073,43100000.0,0.0,0,,0,0,0.07
1781618528,4.071666666666666,2.0206922631173265,14.0,3.0,0.0010254750707640887,49.67666666666667,123.91874537597431,494.0,0.0,0.0037008436134544544,0.035304082311257395,4.993450920339636,0.40374711539139746,4.063221170405692,17.65132387450558,430.99569004309956,0.0,0,,0,0,0.075
1781618588,4.126666666666667,2.0462866096636825,14.0,8.0,0.0005161125447570674,50.60333333333333,124.72844899576396,494.0,0.0,0.0018513384759401836,0.06184809074183918,4.993450920339636,0.41115814112507953,4.063221170405692,16.77990209868297,430.99569004309956,0.0,0,,0,0,0.015
1781618648,4.141666666666667,2.037546863810063,14.0,3.0,0.0005051958477662426,50.36333333333334,124.74423696329845,494.0,0.0,0.009075580765502193,0.06927887570598916,4.993450920339636,0.40841171632567314,4.063221170405692,16.62559029617114,430.99569004309956,0.0,0,,0,0,0.04
1781618708,4.145,2.0192345909609744,14.0,7.0,8.29724527012608e-05,51.193333333333335,124.11029754035543,494.0,0.0,0.00407617798938332,0.07091345599897808,4.993450920339636,0.4143578373343137,4.063221170405692,17182.67312962934,10300000.0,0.0,0,,0,0,0.06
1781618768,4.145,1.9984931823751615,14.0,5.0,-0.000537362603785012,50.21,122.8817422022762,494.0,0.0,0.0016403378898274521,0.07070187900706434,4.993450920339636,0.40619645440456237,4.063221170405692,17182.295530126135,10300000.0,0.0,0,,0,0,0.015
1781618828,4.1033333333333335,1.932008166534385,14.0,2.0,-0.0007647799021663938,51.20333333333333,124.33965037571706,494.0,0.0,0.01412892813591151,0.05005654931915376,4.993450920339636,0.4139285038992263,4.063221170405692,17182.98854498545,10300000.0,0.0,0,,0,0,0.045
1781618888,4.068333333333333,1.9236243280733263,14.0,2.0,-0.0008948080411334451,50.788333333333334,123.87731913963194,494.0,0.0,0.0035420931724809927,0.032650443226929365,4.993450920339636,0.4104010058577351,4.063221170405692,17182.517176094363,10300000.0,0.0,0,,0,0,0.05
1781618948,4.045,1.9042868306359033,14.0,3.0,-0.0003655287931355344,51.718333333333334,125.04977274625047,494.0,0.0,0.0008167522687563378,0.021763761504299584,4.993450920339636,0.41755197625256707,4.063221170405692,17183.237024570353,10300000.0,0.0,0,,0,0,0.03
1781619008,4.081666666666667,1.8978050186699604,14.0,3.0,-5.3472370756592825e-05,51.505,123.44600698956069,483.0,289.0,0.00458615162819897,0.04118692037778266,4.993450920339636,0.4153875314060635,3.912806675173694,17182.835386712468,10300000.0,96.33301222329258,0,,0,0,0.04
1781619068,4.085,1.867558566685393,11.0,7.0,1.9305609182247224e-05,51.468333333333334,122.33572249029399,483.0,0.0,-0.008398106661407423,0.043216692305709875,3.6782904902659164,0.4157249451817266,3.912806675173694,17182.328199856634,10300000.0,0.0,0,,0,0,0.14
1781619128,4.161666666666667,1.9023311722433842,11.0,3.0,0.0012694757485437501,51.211666666666666,122.04499251186927,471.0,0.0,-0.005570321028669526,0.0851127567643204,3.6782904902659164,0.4143453241086207,3.83241037470658,17182.286534459297,10300000.0,0.0,0,,0,0,0.185
1781619188,4.286666666666667,1.9961184556255396,13.0,2.0,0.002219172831035638,50.708333333333336,121.596079695121,471.0,335.0,-0.004476095766932695,0.14943088849801733,4.653647435453904,0.41098836876455525,3.83241037470658,17181.832568701324,10300000.0,167.49916250418747,0,,0,0,0.05
1781619248,4.373333333333333,2.052792136470606,13.0,4.0,0.0028639523998677785,49.885,121.89988422882115,471.0,0.0,-0.008249717360326002,0.19239505971467008,4.653647435453904,0.40554008589197993,3.83241037470658,17181.481337062123,10300000.0,0.0,0,,0,0,0.03
1781619308,4.553333333333334,2.135530118937424,13.0,4.0,0.0036346767629910097,49.928333333333335,123.07150982479882,471.0,0.0,-0.0021665337959272213,0.27813249844112947,4.653647435453904,0.4065731645779748,3.83241037470658,14.729666807493556,434.99565004349955,0.0,0,,0,0,0.04
1781619368,4.7316666666666665,2.2330093048519872,14.0,3.0,0.0038508718079772455,50.915,123.93876623155484,471.0,0.0,-0.0042212617257270475,0.36059148923111173,4.653647435453904,0.414380171473369,3.83241037470658,13.85304076187057,434.99565004349955,0.0,0,,0,0,0.07
1781619428,5.075,2.4206145913796355,14.0,3.0,0.005140153167092134,48.95166666666667,121.64569863839091,468.0,0.0,0.000375362153783676,0.4734515341488845,4.653647435453904,0.39891846395250374,3.786695731446396,12.043664842110699,379.9962000379996,0.0,0,,0,0,0.035
1781619488,5.305,2.4580429206993113,14.0,14.0,0.004735540932058148,50.915,125.93108343455161,858.0,0.0,0.007033547315409214,0.5287648960723998,4.653647435453904,0.41481967652250357,7.052882699822675,11.757481964112618,379.9962000379996,0.0,0,,0,0,0.215
1781619548,5.581666666666667,2.511307207190886,14.0,9.0,0.00504343067619632,50.608333333333334,125.10806634221827,858.0,0.0,0.011693893594148947,0.5972324024622172,4.653647435453904,0.41198294390962764,7.052882699822675,10.942401450954403,347.99652003479963,0.0,0,,0,0,0.205
1781619608,5.86,2.580775077375012,14.0,11.0,0.005181514393095536,49.653333333333336,125.05352116416218,858.0,0.0,0.00609123914233094,0.6429650676024931,4.653647435453904,0.40387595801479087,7.052882699822675,10.174570882704005,206.49896750516245,0.0,0,,0,0,0.165
1781619668,6.1883333333333335,2.6311335748853364,14.0,4.0,0.0046676518545884825,50.02166666666667,124.82975552282753,858.0,0.0,-0.00010391695532479522,0.6904299838776763,4.653647435453904,0.40610019052350105,7.052882699822675,9.90498623413986,206.49896750516245,0.0,0,,0,0,0.15
1781619728,6.443333333333333,2.6646054533874657,14.0,6.0,0.004862180172722706,50.4,124.93220828379953,858.0,0.0,0.005570793252203534,0.6940740374823597,4.653647435453904,0.40827967557752637,7.052882699822675,9.450354743314868,206.49896750516245,0.0,0,,0,0,0.15
1781619788,6.741666666666666,2.727929108723726,16.0,12.0,0.0054261539615387865,50.401666666666664,123.99205753013197,858.0,0.0,0.0020127555909876652,0.7085288495773807,4.64308029469502,0.40719557290134534,7.052882699822675,9.095467894597435,206.49896750516245,0.0,0,,0,0,0.285
1781619848,6.95,2.6797076955021293,16.0,7.0,0.003905899738610373,50.435,122.9647745291309,858.0,0.0,-0.010170500473612426,0.6612538830420209,4.64308029469502,0.4066253719053213,7.052882699822675,8.702863483981172,147.49926250368748,0.0,0,,0,0,0.24
1781619908,7.105,2.672821542864394,16.0,3.0,0.0028877580215500597,49.983333333333334,121.6121555967531,858.0,0.0,-0.00938124828124525,0.5892167777954787,4.64308029469502,0.4031241961495526,7.052882699822675,8.330240637959236,147.49926250368748,0.0,0,,0,0,0.235
1781619968,7.288333333333333,2.654906882652489,16.0,6.0,0.001585087736354822,48.776666666666664,121.36071627819094,858.0,0.0,-0.011922366451017886,0.5318288472707209,3.8874163489358127,0.39406936157555816,7.052882699822675,7.767367248597156,147.49926250368748,0.0,0,,0,0,0.215
1781620028,7.3533333333333335,2.678025806862627,16.0,6.0,0.0020817280048000056,49.663333333333334,121.20629792034552,858.0,0.0,-0.017109825305070273,0.4621956204371605,3.725442523897599,0.40175336660611805,7.052882699822675,7.964505125133443,147.49926250368748,0.0,0,,0,0,0.29
1781620088,7.543333333333333,2.6629786997938147,16.0,9.0,0.0013470592973869344,48.83833333333333,117.30555058147173,499.0,0.0,0.0026022572284923207,0.45405021242943716,3.725442523897599,0.3970188572216695,4.018814318507977,7.9259207976203925,147.49926250368748,0.0,0,,0,0,0.215
1781620148,7.701666666666667,2.7409239115467776,16.0,8.0,0.001594087761354886,48.736666666666665,117.11881711416925,460.0,301.0,0.006288073022425062,0.4073455424406076,3.725442523897599,0.39884649016921314,3.84592610934978,7.530250991524717,147.49926250368748,37.62495296880879,0,,0,0,0.32
1781620208,7.89,2.832178195900345,17.0,3.0,0.0022487284686901806,50.053333333333335,117.37508461717456,490.0,0.0,0.006391517754215928,0.37869229077848704,3.725442523897599,0.4125471529834678,4.207350983754163,7.414410075268861,131.66622777924073,0.0,0,,0,0,0.44
1781620268,8.033333333333333,2.907270579464908,17.0,10.0,0.002604840569001583,50.733333333333334,119.50482091623843,490.0,432.0,0.010162694896374655,0.35411366219184354,3.725442523897599,0.42071656006185076,4.207350983754163,7.368626549952903,131.66622777924073,43.1999568000432,0,,0,0,0.475
1781620328,8.171666666666667,2.9780637818705102,17.0,5.0,0.003145258736829829,49.8,118.77815455714067,490.0,0.0,0.01081936338712059,0.3268409779203118,3.725442523897599,0.41509830978304485,4.207350983754163,7.121378172882378,131.66622777924073,0.0,0,,0,1,0.555
1781620388,8.155,2.9990512388642734,17.0,8.0,0.003285481348559302,50.348333333333336,120.05975039074872,490.0,0.0,0.013665343514843137,0.24880072299129954,3.2769007170708497,0.42163102221227367,4.207350983754163,7.190377182413158,154.66615111282962,0.0,0,,0,1,0.62
1781620448,8.285,3.0205587231504043,17.0,13.0,0.002459423498398605,50.84,121.49296714899454,490.0,0.0,0.006978352717646378,0.2582102285334319,3.2769007170708497,0.42668297961529866,4.207350983754163,7.1747615464620385,154.66615111282962,0.0,0,,0,1,0.54
1781620508,8.348333333333333,3.0161228791649424,17.0,11.0,0.0010599751665976791,51.18333333333333,122.3512418771828,490.0,0.0,0.005883016341712059,0.24477066161455296,3.2769007170708497,0.4295335814470855,4.207350983754163,6.993148020521066,154.66615111282962,0.0,0,,0,0,0.495
1781620568,8.465,2.9533215763498113,17.0,8.0,0.0003220842280117388,51.37833333333333,122.37179085566339,490.0,0.0,-0.00988249967361031,0.24830269995694512,3.2769007170708497,0.4308364769334614,4.207350983754163,6.973801180661706,154.66615111282962,0.0,0,,0,0,0.365
1781620628,8.531666666666666,2.955615653106623,17.0,8.0,-0.00020986169406027143,51.58833333333333,123.28370613030022,490.0,0.0,-0.007608437801216149,0.23366184891570252,3.2769007170708497,0.43218629777196516,4.207350983754163,6.917731309829597,154.66615111282962,0.0,0,,0,0,0.32
1781620688,8.625,2.962157153157138,17.0,13.0,-0.00036202878341328354,51.34166666666667,123.33728118681535,490.0,0.0,-0.0029964805457793698,0.2278730545957948,3.2769007170708497,0.4283414122197458,4.207350983754163,6.7096657090430565,154.66615111282962,0.0,0,,0,0,0.305
1781620748,8.636666666666667,2.941313009902588,17.0,7.0,-0.0004003344453734644,50.846666666666664,123.31517812319598,490.0,0.0,-0.009979305498070874,0.2181925873568027,3.2769007170708497,0.42215456980900884,4.207350983754163,6.637205200331889,154.66615111282962,0.0,0,,0,0,0.27
1781620808,8.576666666666666,2.9587365922336213,17.0,8.0,-5.450015138931538e-05,50.23833333333334,123.94870523952864,485.0,0.0,-0.005422765063236285,0.19603970991554667,3.2010016674867146,0.4145599797663168,4.066079737508195,7.15177719013124,400.99599004009957,0.0,0,,0,0,0.155
1781620868,8.531666666666666,2.91129934717969,20.0,8.0,5.01390281639658e-05,49.413333333333334,122.65857418958619,485.0,351.0,-0.002742785396626102,0.17986308796066788,4.135986446198749,0.4056943047606834,4.066079737508195,7.1247967237395535,400.99599004009957,43.87494515631856,0,,0,0,0.14
1781620928,8.448333333333334,2.9429005910646877,20.0,5.0,0.0003842510673640661,49.24333333333333,122.78395981922431,485.0,0.0,-0.011381809393914998,0.15148993038219763,4.135986446198749,0.40297156384484367,4.066079737508195,7.132806686554789,400.99599004009957,0.0,0,,0,0,0.2
1781620988,8.503333333333334,2.8855944891054173,20.0,6.0,0.00032422312284201266,49.26,122.67411734618948,485.0,0.0,-0.001272447979022163,0.17058275049291804,4.135986446198749,0.40176674976447274,4.066079737508195,6.961269819922104,400.99599004009957,0.0,0,,0,0,0.175
1781621048,8.498333333333333,2.878077579836158,20.0,6.0,0.00016669490748585404,49.93333333333333,123.36775195415623,481.0,0.0,0.0061732949258192305,0.1695404388196683,4.135986446198749,0.406561085390507,3.917688349963611,6.940920435444029,400.99599004009957,0.0,0,,0,0,0.18
1781621108,8.615,2.8560068277229314,20.0,8.0,9.108358634328199e-05,49.61666666666667,122.67910602688445,481.0,0.0,0.007358909330303723,0.21013931567682118,4.135986446198749,0.40346897018142214,3.917688349963611,6.908016212822416,400.99599004009957,0.0,0,,0,0,0.19
1781621168,8.646666666666667,2.8905285944884813,20.0,10.0,0.00042433451204031684,50.75666666666667,123.21646584590697,481.0,0.0,0.006823185619960049,0.2223617325268376,4.21485281830465,0.41259567219329785,3.917688349963611,7.0933008913000455,400.99599004009957,0.0,0,,0,0,0.22
1781621228,8.693333333333333,2.9004520720436364,20.0,3.0,0.000685390792752206,50.505,122.91525525743336,481.0,0.0,0.010000944447067948,0.21874779562685384,4.21485281830465,0.4101932901253669,3.917688349963611,6.875875386955946,400.99599004009957,0.0,0,,0,0,0.16
1781621288,8.676666666666666,2.883075132947843,20.0,9.0,0.001059614054483489,50.99,123.26637781649949,510.0,0.0,0.01878949663749068,0.17935872553582988,4.21485281830465,0.41427727838993067,4.163743041423239,6.929810207333743,400.99599004009957,0.0,0,,0,0,0.26
1781621348,8.686666666666667,2.8621359545315492,20.0,7.0,0.0011237808993913858,50.24666666666667,122.08468026560726,510.0,40.0,0.0012522812563367449,0.15982569329001067,4.21485281830465,0.4085748209629438,4.163743041423239,6.899109617968479,400.99599004009957,5.714277551032071,0,,0,0,0.225
1781621408,8.745,2.8623955585022367,20.0,13.0,0.0011676976880491165,50.36666666666667,121.03514182069418,510.0,0.0,0.0017412826146738784,0.1487686101240435,4.21485281830465,0.4103005445952535,4.163743041423239,6.256795000399427,99.74975062562345,0.0,0,,0,1,0.53
1781621468,8.663333333333334,2.831369907934242,20.0,7.0,-0.00023533398703884037,52.028333333333336,123.09475021525311,510.0,0.0,0.010520779224386708,0.09681362045248207,4.21485281830465,0.4245367552919499,4.163743041423239,6.935129713371532,227.99886000569995,0.0,0,,0,0,0.27
1781621528,8.78,2.860932248993907,20.0,19.0,-4.172233811761133e-05,51.973333333333336,123.02036127767178,510.0,0.0,-0.00626085072458532,0.11813945510063703,4.21485281830465,0.42403713222183775,4.163743041423239,6.90388171558731,227.99886000569995,0.0,0,,0,0,0.23
1781621588,8.863333333333333,2.931664297895575,20.0,7.0,0.0005824460623501733,51.71666666666667,123.74516713346378,510.0,0.0,-0.003929733138147592,0.11242917601564964,4.21485281830465,0.42158246900540275,4.163743041423239,6.986756904617626,227.99886000569995,0.0,0,,0,0,0.215
1781621648,8.961666666666666,2.9473486201820256,20.0,7.0,0.0005428070633529553,51.44833333333333,123.54412436003943,510.0,378.0,0.0028641468448524473,0.11155696354672334,4.21485281830465,0.41925175855723096,4.163743041423239,6.90415082000396,227.99886000569995,53.99992285725306,0,,0,0,0.255
1781621708,8.961666666666666,3.0183103256991686,20.0,8.0,0.0007570854363484424,50.965,122.51468119508509,510.0,0.0,-0.007007491687476913,0.0767454772161589,4.21485281830465,0.4155446935049575,4.163743041423239,6.797594994763614,227.99886000569995,0.0,0,,0,0,0.235
1781621768,8.895,3.0381971079353405,20.0,7.0,0.0001270836863435799,50.736666666666665,123.95960627917823,510.0,0.0,-6.69446304017616e-05,0.019843900865780438,4.018401609716778,0.41362519290538236,4.163743041423239,6.976265185825183,227.99886000569995,0.0,0,,0,0,0.15
1781621828,8.841666666666667,3.04356105391183,20.0,11.0,-7.008352800979734e-05,50.915,123.30762794058336,510.0,388.0,0.0019623665621292976,-0.012046634891033857,4.018401609716778,0.4149366686169183,4.163743041423239,7.319703552193226,227.99886000569995,35.27269520664072,0,,0,0,0.195
1781621888,8.848333333333333,3.1003221158812226,20.0,9.0,-5.175014375040061e-05,49.653333333333336,121.68501615053333,472.0,0.0,0.00278406328906469,-0.0036588426447144,4.018401609716778,0.4049117800045678,3.8335642932547445,7.129056817119966,227.99886000569995,0.0,0,,0,0,0.34
1781621948,8.876666666666667,3.1157859718251224,20.0,6.0,4.238900663613257e-05,51.36666666666667,122.76037181798078,472.0,28.0,-0.00562790452195704,-0.00503008420166901,4.018401609716778,0.4190205931712759,3.8335642932547445,7.328410841420095,227.99886000569995,4.6666588889018525,0,,0,0,0.34
1781622008,8.808333333333334,3.0683758823774436,19.0,9.0,-0.0002067505743071444,51.56166666666667,124.70738897069768,472.0,0.0,-0.004579540498723697,-0.02141094656750252,3.525064256527544,0.41992238694222367,3.8335642932547445,7.448667867214823,227.99886000569995,0.0,0,,0,0,0.04
1781622068,8.935,3.062260875018108,19.0,6.0,-0.0015759210442251373,50.48166666666667,122.89614720251494,472.0,0.0,0.009788832746757662,0.012252328082762371,3.525064256527544,0.41017469905065507,3.8335642932547445,6.894619430076473,138.99930500347497,0.0,0,,0,0,0.48
1781622128,8.87,2.9759760303694205,18.0,8.0,-0.0012571701588060054,51.303333333333335,122.77917028370716,483.0,0.0,0.003807899466387361,-0.025258497781965154,3.070949840279866,0.4170413300337146,3.959922704836869,7.147667483309985,138.99930500347497,0.0,1,1792.0,1,0,0.35
1781622188,8.755,2.9339918768349262,18.0,15.0,-0.0009509748638190747,50.22833333333333,120.47623360600583,483.0,0.0,-0.004812930035916856,-0.06336307127636932,3.070949840279866,0.40889530328802964,3.959922704836869,6.987532812519976,138.99930500347497,0.0,1,1732.0,1,0,0.285
1781622248,8.591666666666667,2.9157498559070913,18.0,4.0,-0.0011731421476170849,49.795,118.96800539780992,483.0,0.0,-0.0029653137925383494,-0.09817053673387181,3.0400205919509484,0.4063654443525341,3.959922704836869,7.1556442666725735,138.99930500347497,0.0,1,1672.0,1,0,0.275
1781622308,8.416666666666666,2.868168211400595,18.0,12.0,-0.0016176156044877851,50.361666666666665,120.78449485435713,483.0,359.0,-0.008790218861719101,-0.12403061573669495,3.0400205919509484,0.41191546897085035,3.959922704836869,7.526321865893308,138.99930500347497,29.916641736131886,1,1612.0,1,0,0.255
1781622368,8.356666666666667,2.8692836891616156,18.0,7.0,-0.002416340045389025,49.47666666666667,118.48026328840128,483.0,0.0,-0.011162919896999688,-0.11154687222314669,3.134144877208902,0.40568549086235367,3.959922704836869,7.3841135741592385,175.99912000439997,0.0,1,1552.0,1,0,0.205
1781622428,8.216666666666667,2.8693301579908086,18.0,10.0,-0.0033935649821249473,49.60333333333333,119.43109305741486,483.0,0.0,-0.00481234670096308,-0.12671161634997488,3.134144877208902,0.4082591874752797,3.959922704836869,7.3437012627583185,175.99912000439997,0.0,1,1492.0,1,0,0.255
1781622488,7.993333333333333,2.8618098391674374,18.0,3.0,-0.004148955969322125,50.10666666666667,120.8218190376041,483.0,0.0,-0.009949583193286735,-0.17623654173309675,3.134144877208902,0.41306358832630946,3.959922704836869,7.652844283135731,175.99912000439997,0.0,1,1432.0,1,0,0.195
1781622548,7.845,2.8285994767729137,18.0,8.0,-0.003350425973405475,49.03,120.38998754049275,483.0,0.0,-0.009272414645596219,-0.19295158129735518,3.134144877208902,0.4047194853631981,3.959922704836869,7.754120221025158,175.99912000439997,0.0,1,1372.0,1,0,0.175
1781622608,7.69,2.8078283423314896,18.0,8.0,-0.0037357881549671063,48.485,118.86839967656107,483.0,0.0,-0.005673599093330879,-0.21913767842924742,3.134144877208902,0.4018480982255587,3.959922704836869,7.757006667024765,175.99912000439997,0.0,1,1312.0,1,0,0.215
1781622668,7.571666666666666,2.7558780613243554,18.0,6.0,-0.0024394789985527814,47.75666666666667,119.38362864684962,483.0,0.0,-0.0038782329950916195,-0.1904614130746199,3.134144877208902,0.3976285138311106,3.959922704836869,7.5265438627978085,175.99912000439997,0.0,1,1252.0,1,0,0.23
1781622728,7.428333333333334,2.708295384349515,18.0,12.0,-0.001331920366445467,47.531666666666666,120.09953787264223,468.0,0.0,0.0007519187553298611,-0.17054923196680505,3.134144877208902,0.39659236350068205,3.930736412014665,7.482816390516191,175.99912000439997,0.0,1,1192.0,1,0,0.37
1781622788,7.298333333333333,2.6650823418590446,17.0,8.0,-0.0005586404406678962,48.531666666666666,121.64068260203446,490.0,0.0,-0.0030855363487120994,-0.14778691899062124,3.134144877208902,0.4052617661022623,4.0857970281040314,7.590075473543826,175.99912000439997,0.0,1,1132.0,1,0,0.27
1781622848,7.291666666666667,2.666445303312175,17.0,7.0,0.00032791757754882045,48.848333333333336,122.99430337982686,490.0,0.0,0.0019807555020986086,-0.10022573499010451,3.134144877208902,0.40720998493553356,4.0857970281040314,7.481318505441615,175.99912000439997,0.0,1,1072.0,1,0,0.45
1781622908,7.371666666666667,2.68828270256104,17.0,6.0,0.0011140864280178497,49.276666666666664,122.9090183383176,490.0,323.0,0.00761002113894761,-0.03499855623447813,3.134144877208902,0.4098795619891479,4.0857970281040314,7.443444117964021,175.99912000439997,53.83324361126065,1,1012.0,1,0,0.495
1781622968,7.513333333333334,2.742837136170421,16.0,9.0,0.0030077305770293762,49.55166666666667,123.56648951295637,490.0,0.0,0.0007425853960706247,0.053565494091617746,3.0291877956010533,0.41107515093446095,4.0857970281040314,7.202228155056588,122.49969375076563,0.0,1,952.0,1,0,0.415
1781623028,7.653333333333333,2.7646257532540557,16.0,10.0,0.003440787335520378,49.218333333333334,122.73585728664989,490.0,0.0,0.006655824043955683,0.13928081311299753,3.0291877956010533,0.40706820953854345,4.0857970281040314,6.955861357567957,122.49969375076563,0.0,1,892.0,1,1,0.505
1781623088,7.808333333333334,2.7601202671059264,16.0,4.0,0.002792202200561659,50.681666666666665,123.30117732834327,490.0,400.0,0.021117475326320342,0.20745073355339655,3.239511845470801,0.4182718908148728,4.0857970281040314,7.002419284010308,122.49969375076563,99.99975000062501,1,832.0,1,0,0.415
1781623148,7.961666666666667,2.8101359200026055,17.0,13.0,0.003674204650568473,50.431666666666665,123.84470920157318,490.0,0.0,0.006457379048275108,0.26234034110037113,3.244700076210043,0.4155383360414179,4.0857970281040314,6.911014568503762,132.99955666814444,0.0,1,772.0,1,0,0.465
1781623208,8.118333333333334,2.789443891212408,17.0,7.0,0.002839035663987958,50.64833333333333,123.90701351102861,490.0,0.0,0.002951035975099903,0.3136311125869951,3.244700076210043,0.41578681003935014,4.0857970281040314,6.792329306013905,132.99955666814444,0.0,1,712.0,1,0,0.43
1781623268,8.226666666666667,2.874941545299467,17.0,7.0,0.0028957858216272867,50.141666666666666,122.57023128485245,490.0,0.0,-0.01157572659924057,0.3162319259328451,3.244700076210043,0.41027633370593075,4.0857970281040314,6.8032096685013945,132.99955666814444,0.0,1,652.0,1,0,0.31
1781623328,8.3,2.8751811537130436,17.0,8.0,0.0017246714574207038,50.68666666666667,122.92033391139519,490.0,0.0,-0.006902241395115047,0.3062407704728732,3.244700076210043,0.4140557169361021,4.0857970281040314,6.851548504220597,132.99955666814444,0.0,1,592.0,1,0,0.32
1781623388,8.466666666666667,2.8552096634436888,17.0,5.0,0.0008121689226914505,51.141666666666666,123.58820708528607,489.0,0.0,-0.001781532726479852,0.32930171719889595,3.244700076210043,0.41682720106188614,4.031606278840607,6.840620168934604,132.99955666814444,0.0,1,532.0,1,0,0.225
1781623448,8.515,2.8959353699049752,17.0,5.0,-0.00036419545609848487,51.25666666666667,123.07932721984179,489.0,322.0,0.0022793396648323506,0.30934239379094103,3.244700076210043,0.4173611299571203,4.031606278840607,6.8397833871478815,132.99955666814444,64.3998712002576,1,472.0,1,0,0.27
1781623508,8.55,2.930443652418521,17.0,4.0,-0.0007987244409012354,51.07666666666667,123.07572515415956,489.0,0.0,0.005915294209150601,0.28356424888084175,3.244700076210043,0.4155297158675085,4.031606278840607,6.634618863407193,132.99955666814444,0.0,1,412.0,1,0,0.305
1781623568,8.441666666666666,2.9160356460250774,17.0,10.0,-0.0006001961116558705,50.461666666666666,122.33934443678463,489.0,0.0,-0.007151380976058293,0.20673542954613147,3.244700076210043,0.41074077126466624,4.031606278840607,6.685312279170536,132.99955666814444,0.0,1,352.0,1,0,0.275
1781623628,8.4,2.9268868558020253,17.0,13.0,-0.0008428356745435562,50.26,122.46679441111102,489.0,0.0,-0.008089966916574787,0.15535480928788137,3.244700076210043,0.40926678116605475,4.031606278840607,6.761710177371321,132.99955666814444,0.0,1,292.0,1,0,0.29
1781623688,8.358333333333333,2.8652976382141446,17.0,9.0,-0.00164675457431826,49.20333333333333,121.40394827004417,489.0,0.0,0.010348473190203317,0.12683691673854186,3.244700076210043,0.4006213838186009,4.031606278840607,6.874091340543045,224.49887750561246,0.0,1,232.0,1,0,0.125
1781623748,8.256666666666666,2.825618909588167,17.0,7.0,-0.0011225586737740945,50.20333333333333,123.0130290750627,489.0,440.0,0.004867513520870894,0.08997401144721184,3.2023500144807757,0.409090918243312,4.031606278840607,6.952115280101553,224.49887750561246,62.85705306135277,1,172.0,1,0,0.185
1781623808,8.161666666666667,2.8370519714818214,17.0,8.0,-0.0017350881530226448,49.7,123.15602570181723,489.0,0.0,-0.0001003891677476802,0.056314249336307395,3.2023500144807757,0.40513509535793335,4.031606278840607,6.986398005225177,224.49887750561246,0.0,1,112.0,1,0,0.08
1781623868,8.201666666666666,2.822114553939219,20.0,10.0,-9.613915594209845e-05,51.00333333333333,124.40004014826076,489.0,0.0,-0.006727796466101349,0.07101232549571389,4.36015560996666,0.4156635459919476,4.031606278840607,7.110331940113175,224.49887750561246,0.0,1,52.0,1,0,0.305
1781623928,9.28,4.492393571360372,32.0,18.0,0.00939091497476382,51.00666666666667,124.18421781996116,480.0,0.0,0.000897724715901988,0.37191473192847496,6.110872594994155,0.41488393867295476,3.9397433558583113,6.662332250203746,224.49887750561246,0.0,0,,0,1,0.695
1781623988,10.74,6.240384603532061,32.0,21.0,0.021553059869610747,50.49333333333333,123.64755000493224,480.0,0.0,0.005143125397570598,0.6182910304066983,6.110872594994155,0.4104934897109366,3.9397433558583113,6.1722050624074365,224.49887750561246,0.0,0,,0,1,0.73
1781624048,11.693333333333333,6.566527917315884,32.0,12.0,0.024872180200500554,50.64,123.924454406707,480.0,0.0,0.013009480581890581,0.7470941984400233,6.110872594994155,0.41175381903768765,3.9397433558583113,5.857969177904059,224.49887750561246,0.0,0,,0,1,0.61
1781624108,12.055,6.5203763950659575,32.0,15.0,0.0216739213164481,50.586666666666666,123.59587030138005,482.0,0.0,0.015474487429131718,0.7621226251271572,6.110872594994155,0.41119571623704804,3.9397433558583113,5.775813685624289,224.49887750561246,0.0,0,,0,1,0.575
1781624168,12.15,6.50928823553953,32.0,3.0,0.014348373189925526,50.95333333333333,123.2849456431004,482.0,0.0,-0.0005723904788624728,0.7455255818101134,6.110872594994155,0.41372021576656853,3.9397433558583113,5.678175749500565,224.49887750561246,0.0,0,,0,0,0.45
1781624228,12.273333333333333,6.4527995647023015,32.0,11.0,0.00727574243261786,51.61833333333333,125.319522277612,482.0,0.0,4.5639015663965027e-05,0.7321268959635807,6.110872594994155,0.41839448892242476,3.901246936572022,5.535187131904674,224.49887750561246,0.0,0,,0,1,0.545
1781624288,12.316666666666666,6.467332439954582,32.0,6.0,-0.0013647815688376786,51.575,126.18197589856749,484.0,0.0,0.0046470962419339875,0.7030104017625979,6.110872594994155,0.41715119507818077,3.901246936572022,5.275239020189579,109.74972562568594,0.0,0,,0,0,0.315
1781624348,12.218333333333334,6.5269184067896,32.0,8.0,-0.010673946316517562,50.955,124.49535322653612,484.0,0.0,-0.0007348631523976113,0.6452199232019196,6.110872594994155,0.41102938091406427,3.901246936572022,5.261830248681361,109.74972562568594,0.0,0,,0,0,0.25
1781624408,12.2,6.558709222603688,32.0,10.0,-0.020373389926083126,51.245,124.31322660253548,484.0,0.0,-0.010699613054480707,0.6204947008730909,6.110872594994155,0.41307917926839305,3.901246936572022,5.251631195307316,109.74972562568594,0.0,0,,0,0,0.24
1781624468,11.86,6.760453633694513,32.0,6.0,-0.029590859974611063,50.20166666666667,123.66697617885796,484.0,0.0,-0.014897569159914246,0.5154038069404759,6.110872594994155,0.40454871369547446,3.901246936572022,5.433510949957687,163.99918000409997,0.0,0,,0,0,0.255
1781624528,10.621666666666666,6.317319887068847,32.0,4.0,-0.026902935841488458,49.66,123.47156649744643,484.0,0.0,-0.01000008333356491,0.16997133979300993,4.645203340372957,0.40060900802894867,3.901246936572022,5.886029470737806,163.99918000409997,0.0,0,,0,0,0.265
1781624588,8.945,4.609263317856047,30.0,6.0,-0.01650662918508106,49.53333333333333,123.06048196810471,484.0,337.0,-0.009307748077077974,-0.13018569410488637,3.2794303439096133,0.39981673030093723,3.901246936572022,6.95042431472444,352.99647003529964,56.16657305571158,0,,0,0,0.155
1781624648,7.8533333333333335,3.39487194980246,21.0,6.0,-0.008682301895283042,48.913333333333334,122.47912402618752,484.0,0.0,-0.003958844330123106,-0.2909314708965286,1.6264007072064042,0.39493655977692244,3.901246936572022,7.384615615487331,352.99647003529964,0.0,0,,0,0,0.21
1781624708,7.3133333333333335,2.9729596177696207,21.0,11.0,-0.0049272359089886355,48.88166666666667,123.43924685402486,484.0,372.0,0.0011563087675243646,-0.33215377698780163,2.265240455445138,0.395027113238224,3.9017556930976975,7.829290321690575,352.99647003529964,33.818151074408114,0,,0,0,0.115
1781624768,7.06,2.8189359694750076,21.0,6.0,-0.003875621876727431,48.60166666666667,123.94286182439963,484.0,0.0,-0.009738221495059795,-0.33602550341430953,2.265240455445138,0.3929129097268215,3.9017556930976975,8.05217792649008,352.99647003529964,0.0,0,,0,0,0.105
1781624828,6.843333333333334,2.696687268153692,21.0,11.0,-0.0012542257061825119,48.03666666666667,122.03896367781707,484.0,0.0,-0.0012755590987752164,-0.3196071830053489,2.265240455445138,0.3889777536281072,3.9017556930976975,8.24824511870856,352.99647003529964,0.0,0,,0,0,0.11
1781624888,6.781666666666666,2.5814719100199834,19.0,3.0,0.0009428081744671497,47.516666666666666,120.6885235729654,479.0,0.0,0.004312623090619653,-0.2599408392640324,2.327009581325311,0.38589026311559926,3.9017556930976975,8.233674273977591,352.99647003529964,0.0,0,,0,0,0.105
1781624948,6.695,2.573319840206421,19.0,2.0,0.0007650299028608392,47.733333333333334,120.56472212974333,479.0,0.0,0.0021467281853560726,-0.23499384655980654,2.327009581325311,0.38915368306811227,3.9017556930976975,8.770590021615352,352.99647003529964,0.0,0,,0,0,0.1
1781625008,6.616666666666666,2.48724524100236,15.0,10.0,0.0011054475151319823,48.458333333333336,120.17978863861522,479.0,0.0,0.007975216597823914,-0.21018570965031708,2.327009581325311,0.3963907031141105,3.9017556930976975,8.981163566518195,352.99647003529964,0.0,0,,0,0,0.09
1781625068,6.71,2.490495265337131,15.0,9.0,0.00020222278395217304,49.23,120.63899493944733,479.0,0.0,0.003599176664379589,-0.15307090344811816,2.616449961787273,0.40356934650274884,3.9017556930976975,9.134081609983133,352.99647003529964,0.0,0,,0,0,0.09
1781625128,6.8133333333333335,2.5907184760645494,15.0,9.0,0.000628112855869035,49.138333333333335,119.85928915700369,479.0,0.0,0.0035892044144567323,-0.0913058955488694,3.1606063991144806,0.4037370577765746,3.9017556930976975,9.170532006797837,352.99647003529964,0.0,0,,0,0,0.06
1781625188,6.956666666666667,2.6878967407415204,15.0,7.0,0.0015123375342709301,49.36666666666667,120.04665296828932,479.0,394.0,0.006076794657762857,-0.025282096850739896,3.1606063991144806,0.40671853983210643,3.9017556930976975,8.685523674470513,326.99673003269965,56.285633877665894,0,,0,0,0.13
1781625248,7.0616666666666665,2.7217391294701425,15.0,7.0,0.002073200203333897,49.175,119.78418527362727,479.0,0.0,0.0028929802582783985,0.03175729151707757,3.1606063991144806,0.4056949517845784,3.9017556930976975,8.534193590682165,326.99673003269965,0.0,0,,0,0,0.19
1781625308,7.17,2.716817991695432,15.0,10.0,0.0023686176906046923,48.755,118.74897182011024,463.0,0.0,0.0031517031991755307,0.0703388711866989,3.1606063991144806,0.4033245623783881,3.8989848859369025,8.239768444075738,326.99673003269965,0.0,0,,0,0,0.2
1781625368,7.453333333333333,2.7960368778365963,18.0,11.0,0.0035002875007986074,49.961666666666666,118.77572786792578,463.0,0.0,0.00037097325270353315,0.1727656910817918,4.007218835342539,0.41482699697658004,3.8989848859369025,8.268273284643751,326.99673003269965,0.0,0,,0,0,0.355
1781625428,7.95,3.1724070777040367,21.0,14.0,0.0073645204570012696,50.275,119.99213602704694,466.0,0.0,0.002836980102722541,0.3210711111009409,4.983118829559944,0.418753603011303,3.904479577798861,8.150825190906149,326.99673003269965,0.0,0,,0,1,0.66
1781625488,8.43,3.527288855008428,21.0,15.0,0.010882585784960506,49.848333333333336,120.1866132197019,480.0,0.0,-0.004843930122028097,0.42912947686988107,4.983118829559944,0.41591882384891005,4.0306124743491,7.814659857285499,326.99673003269965,0.0,0,,0,1,0.785
1781625548,8.935,3.6465657359585153,21.0,13.0,0.01106333628704524,51.156666666666666,121.21802171661147,480.0,364.0,0.0031260086833575077,0.5442835870177616,4.983118829559944,0.42685062722189837,4.0306124743491,7.123073737832386,190.99904500477496,27.99997846155503,0,,0,1,0.73
1781625608,9.386666666666667,3.643325709049662,21.0,9.0,0.010203806121683671,49.93666666666667,119.93153319938654,480.0,0.0,0.00048572357145441056,0.6183354558473543,4.983118829559944,0.41675155304971806,4.0306124743491,6.639820879179355,190.99904500477496,0.0,0,,0,1,0.715
1781625668,9.82,3.6497853818181327,21.0,13.0,0.00866969074914096,49.675,118.87497371187932,480.0,0.0,0.0008874746874297141,0.6800888927932645,4.983118829559944,0.41526525306953727,4.0306124743491,6.128531647662593,190.99904500477496,0.0,0,,0,1,0.655
1781625728,10.073333333333334,3.5634190822236382,21.0,19.0,0.006255850710696407,49.39333333333333,120.31152046065895,480.0,0.0,-0.003637232325645355,0.6654577416612407,4.983118829559944,0.4133757000863335,4.056601824774612,5.896753401639474,190.99904500477496,0.0,0,,0,1,0.68
1781625788,10.201666666666666,3.547909791537672,21.0,15.0,0.0032608146133739305,49.285,119.68604948642371,480.0,236.0,-0.0003080841891227833,0.6071179585626335,4.983118829559944,0.41234134558861046,4.056601824774612,5.696803006772505,88.49977875055313,15.733322844451438,0,,0,1,0.715
1781625848,10.278333333333334,3.4948815748494573,21.0,11.0,-0.0007463076286323067,49.095,119.91574531728516,480.0,0.0,-0.006042044561234967,0.5367317591652798,4.983118829559944,0.41116389245043944,4.056601824774612,5.571520979249874,88.49977875055313,0.0,0,,0,1,0.73
1781625908,10.238333333333333,3.5404609712421475,21.0,4.0,-0.006063155730988149,49.20666666666666,120.49722246683625,480.0,0.0,-0.009037580659946328,0.4333158984864979,4.983118829559944,0.4118487086852824,4.056601824774612,5.620038027047601,88.49977875055313,0.0,0,,0,1,0.64
1781625968,9.96,3.699333273262449,21.0,9.0,-0.010556918213661717,48.935,121.96898830577112,480.0,264.0,-0.0016166989352748417,0.25361926401499374,4.983118829559944,0.40881517746326435,4.056601824774612,5.67597557980723,96.66634444551852,29.333300740776956,0,,0,1,0.58
1781626028,9.368333333333334,3.703511471863186,21.0,7.0,-0.011584671068530759,49.04333333333334,121.20821529729557,480.0,336.0,0.006829407859466232,0.01571932102838687,3.6907986539377586,0.40863788902180914,4.056601824774612,6.104518098340891,152.9994900017,47.99993142866939,0,,0,1,0.63
1781626088,8.661666666666667,3.6323358722575327,21.0,5.0,-0.01186456073489093,49.25666666666667,120.33100510213022,479.0,0.0,-0.001310670307417646,-0.20998360543961145,3.6866363787912504,0.41008531347785643,4.056601824774612,7.3537020756334766,304.99695003049965,0.0,0,,0,0,0.29
1781626148,8.131666666666666,3.5115519677518976,21.0,4.0,-0.011399781666060184,49.193333333333335,120.86041241402782,479.0,358.0,0.021498504162511575,-0.35158023883797074,3.2716265080658005,0.4094002404454198,4.056601824774612,39674.54656978313,23799999.999999996,89.49977625055938,0,,0,0,0.22
1781626208,7.62,3.374255473434103,20.0,3.0,-0.01027580632168424,50.28333333333333,122.90334843101533,479.0,17.0,0.018387773299370205,-0.45218361343580227,3.0167812766875093,0.4178293423015923,4.056601824774612,39675.24791899605,23799999.999999996,5.6666477778407405,0,,0,0,0.205
1781626268,7.06,3.074583982698581,19.0,5.0,-0.008509023636176775,49.82,123.62412493792088,479.0,0.0,0.01005091680810223,-0.5566333711752175,2.53668716609036,0.41269022400305905,4.056601824774612,39675.56981000021,23799999.999999996,0.0,0,,0,0,0.1
1781626328,6.6033333333333335,2.8523654900606425,18.0,5.0,-0.006710074194650542,50.445,124.2814291906344,475.0,0.0,0.007373603815566138,-0.5990062041070892,2.2688655873582677,0.4162120183714386,3.927806046290556,109843.10863586028,42100000.0,0.0,0,,0,0,0.105
1781626388,6.233333333333333,2.5759572115148877,15.0,3.0,-0.004595568321023119,50.185,124.53798928439465,475.0,0.0,0.004287706354739876,-0.5937478931786428,1.824897579257232,0.41279283410854434,3.927806046290556,109843.56046938663,42100000.0,0.0,0,,0,0,0.065
1781626448,5.905,2.4459439214067578,15.0,4.0,-0.0028405912238645137,50.53333333333333,124.23172792093904,475.0,0.0,-0.0032347867632967157,-0.5818454305890871,2.8689404850863305,0.41409781387141004,3.927806046290556,109844.29152288157,42100000.0,0.0,0,,0,0,0.055
1781626508,5.656666666666666,2.371804282725612,15.0,2.0,-0.002104894735818711,50.87833333333333,125.06057277930918,475.0,302.0,-0.0041526504240289985,-0.5528148002727667,2.8689404850863305,0.4156710514637395,3.927806046290556,109845.11681021549,42100000.0,150.99924500377497,0,,0,0,0.025
1781626568,5.498333333333333,2.328088748785626,13.0,4.0,-0.0018740885391348432,50.30833333333333,123.8801164993353,483.0,0.0,-0.009136497601382323,-0.4758226940949434,2.8689404850863305,0.4098853913669123,3.8931234396057377,175178.780464187,42100000.0,0.0,0,,0,0,0.015
1781626628,5.355,2.3221344348106405,13.0,9.0,-0.001788032744535396,50.36833333333333,125.23103714290994,483.0,0.0,-0.002166256017377852,-0.40216924431473255,2.8689404850863305,0.409363952065123,3.8931234396057377,175178.82122443602,42100000.0,0.0,0,,0,0,0.02
1781626688,5.315,2.3142547396516226,13.0,4.0,-0.00218608940580391,50.35166666666667,125.98230562485969,483.0,102.0,-0.01102650285139694,-0.3105193126242699,2.8689404850863305,0.40771665952114505,3.8931234396057377,252178.26257645994,46199999.99999999,25.499936250159376,0,,0,0,0.015
1781626748,5.178929765886288,2.2979758852042402,13.0,2.0,-0.0020985360267945018,49.53010033444816,125.51912909813845,483.0,0.0,0.0003414652088046925,-0.2715445045144591,2.8689404850863305,0.39913305994982085,3.8931234396057377,213222.69870998172,46199999.99999999,0.0,0,,0,0,0.01
1781626808,5.026755852842809,2.2949602725900826,13.0,2.0,-0.0021038120834914634,49.603678929765884,125.21468568642054,483.0,0.0,0.008545834641838711,-0.25315490494017445,2.8689404850863305,0.3985022564864476,3.8931234396057377,213223.09449658426,46199999.99999999,0.0,0,,0,0,0.01
1781626868,4.971571906354515,2.3421814440965667,13.0,7.0,-0.001816751863305586,50.780936454849495,125.3755582499273,489.0,0.0,0.006854100475807796,-0.2093477787756811,2.8689404850863305,0.4073944243378485,3.925053342232692,238140.10497351066,46199999.99999999,0.0,0,,0,0,0.05
1781626928,4.894648829431438,2.3263658469674877,13.0,5.0,-0.0015468218370529425,50.596989966555185,124.74329409783047,489.0,0.0,0.007891751383129138,-0.18486356436950077,2.8689404850863305,0.405553377065113,3.925053342232692,167738.69775899677,46199999.99999999,0.0,0,,0,0,0.03
1781626988,4.809364548494983,2.3104631709743417,13.0,9.0,-0.000841816365568942,51.10535117056856,125.69745464862936,504.0,0.0,0.006932794726851387,-0.18080711364507332,2.8689404850863305,0.40926897386896094,4.042565475053696,167738.66155156924,46199999.99999999,0.0,0,,0,0,0.05
1781627048,4.777591973244147,2.2890680043409466,11.0,4.0,-0.00012359619111577884,50.77759197324415,125.7236273250975,504.0,0.0,-0.0004765978895838442,-0.1531329969512442,2.594737728109099,0.40650487251802553,4.042565475053696,167738.73487789958,46199999.99999999,0.0,0,,0,0,0.025
1781627108,4.7842809364548495,2.2245108593160823,11.0,2.0,0.00020454469011304966,50.707357859531776,123.72792048307413,504.0,0.0,6.108130969480709e-05,-0.10900457770410037,2.594737728109099,0.4055539135943211,4.042565475053696,167738.18354939498,46199999.99999999,0.0,0,,0,0,0.08
1781627168,4.7792642140468224,2.194117582760832,11.0,2.0,0.00038386708649186215,51.45484949832776,123.89038121157722,504.0,0.0,-0.0027951221156638797,-0.09571501519961462,2.594737728109099,0.41204637445323467,4.042565475053696,102186.48697154173,46199999.99999999,0.0,0,,0,0,0.115
1781627228,4.801003344481606,2.1535221977439902,11.0,3.0,0.0005405825877961752,50.62207357859532,121.18880615319799,504.0,0.0,-0.00450534749978866,-0.08638870526558119,2.594737728109099,0.40590713601466444,4.042565475053696,102186.43680781653,46199999.99999999,0.0,0,,0,0,0.09
1781627288,4.730769230769231,2.1722073318550787,11.0,4.0,0.00010480060443135261,51.21739130434783,121.78565343734567,504.0,0.0,-0.00905418253984511,-0.1188178955264348,2.594737728109099,0.41201444617005983,4.042565475053696,24929.465035768488,14899999.999999998,0.0,0,,0,0,0.12
1781627348,4.781666666666666,2.169638346719461,11.0,4.0,0.00031619532276477825,51.03666666666667,122.19314760747518,504.0,0.0,-0.008225522848674591,-0.0964548381792827,2.794731262703914,0.41215899503887476,4.042565475053696,24846.321827252363,14899999.999999998,0.0,0,,0,0,0.125
1781627408,4.798333333333333,2.144993524983752,11.0,5.0,-0.000382139950388754,51.19166666666667,124.41105898280192,520.0,0.0,0.0007369742693729634,-0.09062555389941815,2.794731262703914,0.4144074102448948,4.237966178566295,24846.938461698814,14899999.999999998,0.0,0,,0,0,0.08
1781627468,4.801666666666667,2.09578876692179,11.0,4.0,-0.00023408398356662057,51.17333333333333,125.27886209927391,520.0,186.0,0.009621471170753196,-0.08979539261465673,2.8248319851841206,0.4142682653169363,4.237966178566295,13.568884084841512,445.9955400445995,46.49988375029063,0,,0,0,0.135
1781627528,4.82,2.09465987692513,11.0,5.0,-0.00030361195447764993,50.66833333333334,124.47376563178105,520.0,0.0,0.0032220367278797905,-0.08250093345668144,2.8248319851841206,0.4103150476395933,4.237966178566295,13.278623576411688,445.9955400445995,0.0,0,,0,0,0.11
1781627588,4.846666666666667,2.109460173177541,12.0,6.0,-0.00018183383842733074,50.416666666666664,123.73024309179851,520.0,0.0,0.005166069905749712,-0.07084810033704017,3.3483696766087223,0.4087794738315809,4.237966178566295,13.482576058398758,445.9955400445995,0.0,0,,0,0,0.12
1781627648,4.83,2.1200078616206435,14.0,5.0,4.2222339506488235e-06,51.126666666666665,124.57271218939654,520.0,0.0,0.0012673924094233568,-0.07882100293842481,4.321676283572912,0.4147202950254659,4.237966178566295,13.584549028043199,445.9955400445995,0.0,0,,0,0,0.055
1781627708,4.8116666666666665,2.132181329582975,14.0,4.0,0.0001398059439054017,50.108333333333334,124.74093125576526,520.0,0.0,-0.008043827899521941,-0.08734872722591608,4.321676283572912,0.4068048698818776,4.237966178566295,13.427464096506736,445.9955400445995,0.0,0,,0,0,0.03
1781627768,4.835,2.136455397771427,14.0,6.0,0.00044414012261144485,49.91833333333334,125.43465096969373,520.0,0.0,-0.004445984572179402,-0.0765758050695428,4.321676283572912,0.4043932531854021,4.237966178566295,13.216553126402989,445.9955400445995,0.0,0,,0,0,0.045
1781627828,4.805,2.1354878443422085,14.0,3.0,0.0005026958408217826,50.26166666666666,126.41948635616092,520.0,358.0,-0.008579218275606386,-0.09070387843461174,4.321676283572912,0.40622655779788147,4.237966178566295,13.752161127711066,445.9955400445995,119.33293555688148,0,,0,0,0.055
1781627888,4.823333333333333,2.130443355005922,14.0,3.0,-0.0005052791813310617,49.901666666666664,126.39255778679728,520.0,0.0,-0.008335384264956301,-0.08292926795556,4.321676283572912,0.40176222216970736,4.237966178566295,13.689519430409595,445.9955400445995,0.0,0,,0,0,0.065
1781627948,4.805,2.10562144429303,14.0,4.0,-7.37502048616813e-05,49.99,125.16370573506258,520.0,0.0,-0.006752574312706417,-0.09151308770156655,4.321676283572912,0.4010074640512858,4.237966178566295,14.167999543906317,457.9954200457995,0.0,0,,0,0,0.05
1781628008,4.806666666666667,2.1101237457130857,14.0,3.0,-0.0006444462345728745,49.526666666666664,122.75103240118007,489.0,0.0,0.000832113422537328,-0.09124574877319937,4.321676283572912,0.3967451348641946,3.901999009444262,13.313575100180438,457.9954200457995,0.0,0,,0,0,0.005
1781628068,4.82,2.112881129327125,14.0,7.0,-0.0002988341634282292,48.98,121.085147451425,489.0,0.0,0.007197686660240706,-0.08478767624157936,4.321676283572912,0.39334322814608985,3.901999009444262,13.232750606985038,457.9954200457995,0.0,0,,0,0,0.01
1781628128,4.8,2.1283796653792764,14.0,5.0,-0.0003755010430584567,49.861666666666665,121.13456373205607,489.0,0.0,0.007630048972358215,-0.0941736464724265,4.321676283572912,0.4018578521899917,3.901999009444262,13.410493458428297,457.9954200457995,0.0,0,,0,0,0.01
1781628188,4.791666666666667,2.1090907730320403,14.0,9.0,2.7583409953917587e-05,50.27333333333333,120.66128330532909,489.0,0.0,0.012031977866605092,-0.0979757678109241,4.321676283572912,0.40620767707194894,3.901999009444262,13.635960316873176,457.9954200457995,0.0,0,,0,0,0.02
1781628248,4.755,2.110681169670114,12.0,3.0,-0.00022113950316528258,50.01833333333333,120.89822716051529,489.0,0.0,0.01406217795049431,-0.11524155621476567,3.3509691233306427,0.4053012896003603,3.901999009444262,13.831462835313681,457.9954200457995,0.0,0,,0,0,0.04
1781628308,4.803333333333334,2.128690259812879,12.0,4.0,0.0003086119683665748,51.10666666666667,121.65746430952036,489.0,0.0,0.005826627296186942,-0.09255141156443876,3.3509691233306427,0.4151598908552371,3.901999009444262,14.12237062537814,457.9954200457995,0.0,0,,0,0,0.115
1781628368,4.716666666666667,2.1345699540865106,12.0,3.0,6.061127947577392e-05,51.18666666666667,120.81660408330563,458.0,330.0,0.007086686351906585,-0.13314502172051879,3.3509691233306427,0.417489764146455,3.6800442211407165,14.570349774999789,457.9954200457995,109.99963333455555,0,,0,0,0.02
1781628428,4.68,2.127815781499893,12.0,5.0,-0.0003483343009286107,51.195,121.80918263825599,483.0,0.0,0.003425870627418355,-0.1500763789922488,3.3509691233306427,0.41887121891504925,3.9778196583124754,14.064966093916365,457.9954200457995,0.0,0,,0,0,0.055
1781628488,4.678333333333334,2.1114443450449323,12.0,4.0,-0.0009040302889730262,51.95333333333333,123.10726145204524,483.0,0.0,0.004290789696638036,-0.15102429013729754,3.3509691233306427,0.4263449251574341,3.9778196583124754,13.936163046774062,457.9954200457995,0.0,0,,0,0,0.05
1781628548,4.616666666666666,2.0919820479365705,12.0,6.0,-0.0009446692907480383,51.153333333333336,122.69142793565038,483.0,0.0,-0.00486840241222897,-0.18005578676417813,3.3509691233306427,0.4207405924738762,3.9778196583124754,13.220755470668166,388.9961100388996,0.0,0,,0,0,0.065
1781628608,4.636666666666667,2.0939569134907137,12.0,3.0,-0.0009297803605009967,51.05833333333333,122.28705953843013,483.0,0.0,-0.0064313234203427425,-0.16718070558304357,3.301372930879207,0.42041029301535454,3.9778196583124754,13.219282681854416,388.9961100388996,0.0,0,,0,0,0.06
1781628668,4.581666666666667,2.0904538316409242,11.0,5.0,-0.0006539184831068963,51.45666666666666,124.00014027769845,483.0,0.0,-0.005881349670415743,-0.18791923212579423,2.827635004598115,0.4231821531660431,3.9778196583124754,59679.78584777985,35800000.0,0.0,0,,0,0,0.14
1781628728,4.558333333333334,2.0696047663476445,11.0,3.0,-0.0007315853655149091,51.61666666666667,125.45374867079721,486.0,0.0,0.0005671682421339801,-0.17668216744632972,2.827635004598115,0.42305369908939033,3.9778196583124754,59680.28663732338,35800000.0,0.0,0,,0,0,0.135
1781628788,4.505,2.067198184338728,11.0,3.0,-0.00043580676612990887,51.185,125.88030336394966,486.0,64.0,0.003398426106739246,-0.1542741124710049,2.827635004598115,0.41796298732378223,3.9778196583124754,59680.72658048544,35800000.0,21.333262222459258,0,,0,0,0.125
1781628848,4.55,2.0463381929681126,11.0,4.0,-0.0001232781202170023,51.46,125.59564111332315,486.0,233.0,0.0032831202308895,-0.0845915722607464,3.4130750026996495,0.4184913944240999,3.9778196583124754,59680.414885499835,35800000.0,58.249854375364066,0,,0,0,0.23
1781628908,4.44,1.9932552939015782,11.0,7.0,0.0003708899191386622,50.891666666666666,125.00422631744186,486.0,0.0,-0.0022683118564218387,-0.0888432221251499,3.4130750026996495,0.4125298909262668,3.9778196583124754,59681.0390382106,35800000.0,0.0,0,,0,0,0.355
1781628968,4.4783333333333335,2.0247297487703277,12.0,12.0,0.00030608418356717565,50.76166666666666,126.16755339846911,486.0,0.0,-0.0018580884946902477,-0.022231415797510222,3.992328188496731,0.4097677024480103,3.9778196583124754,114847.63050999885,35800000.0,0.0,0,,0,0,0.09
1781629028,4.483333333333333,2.0288885846415736,12.0,5.0,2.7722299228600326e-05,51.233333333333334,126.76306857896567,486.0,0.0,0.0002272228533967944,0.02781348454042103,3.992328188496731,0.41212096092853423,3.890001320553769,114848.43922259688,35800000.0,0.0,0,,0,0,0.105
1781629088,4.473333333333334,2.068644215153705,12.0,4.0,-0.0002926119239220122,50.02,123.91483473203147,486.0,0.0,-0.0016943935955377521,0.07070909276112136,3.992328188496731,0.4013871209696065,3.890001320553769,114847.8929516457,35800000.0,0.0,0,,0,0,0.02
1781629148,4.5216666666666665,2.13530572882563,12.0,7.0,-0.00014413928927580779,50.76,124.53661737283002,486.0,0.0,-0.009025191736643757,0.14070177801457653,3.992328188496731,0.4069268069787191,3.890001320553769,114848.6054603131,35800000.0,0.0,0,,0,0,0.05
1781629208,4.483333333333333,2.1236106569289537,12.0,6.0,-7.494465262403208e-05,50.64,124.98257371863221,486.0,0.0,-0.01076036322323116,0.16629372376827745,3.992328188496731,0.4052517481563945,3.890001320553769,114848.89589144252,35800000.0,0.0,0,,0,0,0.045
1781629268,4.503333333333333,2.1307249679132423,12.0,5.0,0.0001279447998466646,49.598333333333336,123.46920127662968,486.0,0.0,-0.01374401040002893,0.21748598192907329,3.992328188496731,0.39668780538808446,3.890001320553769,55181.93612420401,33099999.999999996,0.0,0,,0,0,0.02
1781629328,4.495,2.1763827022531372,12.0,4.0,-6.47501798616149e-05,49.38166666666667,122.62991477295508,479.0,0.0,-0.0037824827291187304,0.23836136438079028,3.992328188496731,0.3954091571397551,3.8159255059964403,113348.06028564746,34900000.0,0.0,0,,0,0,0.03
1781629388,4.501666666666667,2.171020625317861,12.0,6.0,-0.0001741393726093707,49.51166666666666,122.51141387868951,479.0,0.0,-0.0021175892155256277,0.2403975938954319,3.992328188496731,0.3974868726269364,3.8159255059964403,113347.7056130814,34900000.0,0.0,0,,0,0,0.025
1781629448,4.46,2.131916195976443,12.0,5.0,0.000268167411576139,49.41166666666667,122.48485156903642,482.0,263.0,0.002792702201950558,0.21901027559659839,3.992328188496731,0.3976416155878544,3.921196772417671,113347.98468079676,34900000.0,52.5998948002104,0,,0,0,0.03
1781629508,4.426666666666667,2.1628581912727327,12.0,5.0,-0.0006052794591096105,49.98166666666667,122.80440273278298,482.0,284.0,0.0018192550534862257,0.20299568370358614,3.992328188496731,0.40306499611649654,3.921196772417671,149180.99593529335,34900000.0,56.7998864002272,0,,0,0,0.025
1781629568,4.426666666666667,2.1651687129541557,11.0,1.0,-0.00026972297145269717,50.72,122.30076968959216,482.0,0.0,0.00985658293495257,0.20073177749052423,3.313180308499609,0.4101012224818456,3.921196772417671,94014.71974824989,34900000.0,0.0,0,,0,0,0.15
1781629628,4.453333333333333,2.2032904685694277,11.0,2.0,-0.00013350037083436337,49.89666666666667,121.24325131275921,487.0,0.0,0.009523859788499388,0.21147687780903698,3.313180308499609,0.40492795857786185,4.035766064167065,94013.90847131153,34900000.0,0.0,0,,0,0,0.2
1781629688,4.538333333333333,2.205719207474565,12.0,4.0,0.0003060286278573007,50.983333333333334,123.3845738151879,487.0,0.0,0.006617240603446025,0.24895709688979142,3.6373770919047903,0.41456282084533114,4.035766064167065,94014.41179847824,34900000.0,0.0,0,,0,0,0.285
1781629748,4.496666666666667,2.190887694266616,12.0,6.0,0.0004456679046330653,51.266666666666666,124.84819671193583,487.0,0.0,0.008373745482626305,0.22852296125566188,3.6373770919047903,0.4169796410876679,4.035766064167065,145013.67168137143,34900000.0,0.0,0,,0,0,0.315
1781629808,4.531666666666666,2.2276289088525396,12.0,8.0,0.000440917891438583,50.68833333333333,124.78069240560505,487.0,0.0,-0.0010492529145914027,0.24392442727246902,3.6373770919047903,0.41256663619619277,4.035766064167065,145013.21979071051,34900000.0,0.0,0,,0,0,0.26
1781629868,4.528333333333333,2.249265929636205,15.0,7.0,0.000690974141594834,52.01833333333333,125.52382774021656,501.0,501.0,-0.0034597040547334826,0.2410714752730499,4.989513017081389,0.4229393344071596,4.035766064167065,189513.7720308678,34900000.0,71.57132632667668,0,,0,0,0.035
1781629928,4.546666666666667,2.23483531583177,15.0,8.0,0.0005321681449115125,51.515,125.43994489396111,501.0,0.0,-0.0047455409598360365,0.24854735910078338,4.989513017081389,0.41823103971306225,4.035766064167065,134513.55803629683,30599999.999999996,0.0,0,,0,0,0.04
1781629988,4.623333333333333,2.2542084099646944,15.0,6.0,0.0011055030708418537,51.66,126.43798638067597,501.0,0.0,-0.0033244536790380413,0.2581212024808877,4.989513017081389,0.41820796419443795,4.035766064167065,134513.05775098392,30599999.999999996,0.0,0,,0,0,0.045
1781630048,4.675,2.3258063117981256,15.0,2.0,0.0013245870127416987,51.745,126.15903974084985,501.0,436.0,-0.0016988658301828853,0.23602535499597185,4.989513017081389,0.4180833088247771,4.035766064167065,134512.97392978988,30599999.999999996,217.99891000544997,0,,0,0,0.045
1781630108,4.738333333333333,2.3401988282100215,15.0,7.0,0.00028280634112873033,50.903333333333336,126.21616637957104,501.0,0.0,-0.009312136978158362,0.22077742515348017,4.989513017081389,0.41043627268397376,4.035766064167065,98679.92589810716,30599999.999999996,0.0,0,,0,0,0.025
1781630168,4.808333333333334,2.3198269810962673,15.0,3.0,0.0006436406767796585,50.02,125.3393510966661,501.0,0.0,-0.003279342442617944,0.20598806917603832,4.989513017081389,0.4023665060296034,4.035766064167065,98679.76196077926,30599999.999999996,0.0,0,,0,0,0.045
1781630228,4.8533333333333335,2.28148100048095,15.0,3.0,0.0006711129753138312,50.74166666666667,123.73804964745304,501.0,0.0,-0.004594873874649679,0.1806496743414573,4.989513017081389,0.40713125719048726,4.030658344263352,98679.80197835456,30599999.999999996,0.0,0,,0,0,0.04
1781630288,4.821666666666666,2.2523759060650206,15.0,3.0,0.0009203081119669731,50.656666666666666,124.06260028263509,501.0,400.0,0.00281456337378711,0.12108588567002578,4.989513017081389,0.4060165706331363,4.030658344263352,98679.90296548851,30599999.999999996,133.33288889037036,0,,0,0,0.04
1781630348,4.861666666666666,2.217926333813236,15.0,2.0,0.0003766954908208017,49.91166666666667,122.74078592935419,501.0,0.0,0.002257811827255037,0.09400624110873951,4.989513017081389,0.4002815528024662,4.030658344263352,47679.912697138876,26699999.999999996,0.0,0,,0,0,0.075
1781630408,4.8116666666666665,2.1839254922170666,15.0,5.0,-0.0003693621371170495,50.84,123.5936934744919,501.0,0.0,-0.0027981188836636293,0.025911812815601648,4.989513017081389,0.408074696633032,4.030658344263352,47679.92391030224,26699999.999999996,0.0,0,,0,0,0.055
1781630468,4.7716666666666665,2.1846885107238716,12.0,1.0,-0.0010331417587271094,50.425,123.39624943652056,455.0,0.0,0.004168928247022906,-0.037373718455510976,3.056698074621676,0.4051331637590877,3.625764303226405,19013.10903121106,9500000.0,0.0,0,,0,0,0.0
1781630528,4.855,2.230241018365504,12.0,4.0,-0.0007824743957622122,50.775,122.8194380991869,455.0,0.0,0.003265481293003586,-0.0446049101907539,3.056698074621676,0.40866774182459825,3.625764303226405,74179.92072396816,35000000.0,0.0,0,,0,0,0.08
1781630588,4.846666666666667,2.2412397362967567,13.0,8.0,-4.733346481517759e-05,50.71,121.94292066372695,446.0,405.0,0.00796907769188249,-0.0691077069341501,3.553087377069248,0.4096439450215739,3.6225039009034745,74180.04338109266,35000000.0,50.624936718829105,1,1792.0,1,0,0.06
1781630648,4.793333333333333,2.198625833459517,13.0,5.0,-0.00013855594043316695,49.965,121.17010264500068,446.0,0.0,0.004220372834368937,-0.09323589157316614,3.553087377069248,0.4048115160229766,3.6225039009034745,74180.02556512305,35000000.0,0.0,1,1732.0,1,0,0.015
1781630708,4.875,2.21946878028655,13.0,13.0,-3.436120655891135e-05,50.56,121.76663363445122,464.0,0.0,-0.0041460670724085946,-0.05745554424277356,3.63954657903583,0.4108542074851246,3.8263960465511135,74179.26443832961,35000000.0,0.0,1,1672.0,1,0,0.03
1781630768,4.886666666666667,2.236922489095727,13.0,5.0,0.0009267247964577704,50.60166666666667,121.83239715782588,464.0,409.0,-0.006042433451204044,-0.05160280902760292,3.63954657903583,0.41234970743674376,3.8263960465511135,74178.65072487574,35000000.0,81.79983640032721,1,1612.0,1,0,0.095
1781630828,4.883333333333334,2.270034263079647,13.0,6.0,0.0012893369148247575,49.75,122.46682884220799,464.0,0.0,-0.008604135011486167,-0.05289117244583328,3.63954657903583,0.4062628036997934,3.8263960465511135,74178.79725034723,35000000.0,0.0,1,1552.0,1,0,0.04
1781630888,4.875,2.27289279700268,13.0,6.0,0.0011258086828018895,49.655,121.84790782638275,464.0,0.0,-0.0018758663218509338,-0.05635940119628055,3.63954657903583,0.4058540199073705,3.8263960465511135,74178.51675503919,35000000.0,0.0,1,1492.0,1,0,0.04
1781630948,4.9,2.265686062395524,13.0,4.0,0.0011689476915213665,49.22666666666667,121.41525970358457,464.0,0.0,-0.013604593346092798,-0.045187388473652564,3.63954657903583,0.4027223269038921,3.8263960465511135,142678.3628386805,41100000.0,0.0,1,1432.0,1,0,0.02
1781631008,4.9366666666666665,2.264064683017888,13.0,6.0,8.650024027843203e-05,48.745,120.70919590072664,464.0,0.0,-0.010963669343525983,-0.027870203324280342,3.63954657903583,0.39956659703290087,3.8263960465511135,142678.43347480905,41100000.0,0.0,1,1372.0,1,0,0.025
1781631068,4.995,2.2229803567883066,13.0,5.0,-0.0007750854863485722,48.35666666666667,119.91531507229962,464.0,331.0,-0.006529184803291127,-0.001169436743793284,3.63954657903583,0.39768388994838183,3.8263960465511135,126844.69336632738,41100000.0,66.19986760026481,1,1312.0,1,0,0.015
1781631128,4.933333333333334,2.1868292622475636,13.0,5.0,-0.0006000572223811662,47.285,118.42547772755658,464.0,0.0,-0.009082997452770683,-0.029242962626394368,3.63954657903583,0.3902247780819861,3.8263960465511135,68511.0842485526,41100000.0,0.0,1,1252.0,1,0,0.015
1781631188,4.86,2.158795960715139,13.0,4.0,-0.0008029466748518741,47.475,119.28595631925829,465.0,436.0,0.0025205347792632746,-0.062463505045880274,3.63954657903583,0.3927838389996567,3.9213318939376958,68511.58873745817,41100000.0,108.99972750068126,1,1192.0,1,0,0.005
1781631248,4.875,2.175478874485646,13.0,6.0,-0.0014241984005511194,47.53333333333333,119.81834398603394,478.0,0.0,-0.0014930041472337352,-0.05627236969974447,3.710886644118036,0.3939324697970526,4.0289035361347425,68511.05982260863,41100000.0,0.0,1,1132.0,1,0,0.01
1781631308,4.808333333333334,2.1559832765791316,13.0,8.0,-0.0011893088591912715,47.76,120.4914619381805,478.0,0.0,0.003809455026263926,-0.08687914808041947,3.7211262770495375,0.3961761689175978,4.0289035361347425,68511.32536913348,41100000.0,0.0,1,1072.0,1,0,0.01
1781631368,4.636666666666667,2.1333828119262193,13.0,6.0,-0.001524726457573497,48.193333333333335,121.31537119791906,478.0,113.0,0.011639976777713236,-0.1659676700597526,3.7211262770495375,0.4000343883338194,4.0289035361347425,75512.17588239256,41100000.0,18.83330194449676,1,1012.0,1,0,0.005
1781631428,4.51,2.1031484334999595,13.0,3.0,-0.0018551718199217191,48.02333333333333,121.55907804666649,478.0,0.0,0.0031762310450862085,-0.19088258598131433,3.7211262770495375,0.3988459404879502,4.0289035361347425,75512.05980197412,41100000.0,0.0,1,952.0,1,0,0.01
1781631488,4.461666666666667,2.0996501031256507,13.0,8.0,-0.001859755165986567,47.723333333333336,120.18365164290117,478.0,0.0,0.010109028080633608,-0.16726145368021947,3.7211262770495375,0.397029761027291,4.0289035361347425,75512.47658813102,41100000.0,0.0,1,892.0,1,0,0.015
1781631548,4.391666666666667,2.1224821684894213,13.0,1.0,-0.0013081980783279908,48.86,121.04568173489984,478.0,0.0,0.008316300878613528,-0.152914227814445,3.7211262770495375,0.40690751109303497,4.0289035361347425,7013.228112347742,4200000.0,0.0,1,832.0,1,0,0.03
1781631608,4.35,2.1441781642391566,13.0,2.0,-0.0013033369537137668,48.50333333333333,119.77872650108708,478.0,0.0,0.003146342073172361,-0.12685681011516603,3.7211262770495375,0.40413146782312936,4.0289035361347425,7014.378730059535,4200000.0,0.0,1,772.0,1,0,0.02
1781631668,4.285,2.1401966420557406,13.0,2.0,-0.0009158636551768208,48.818333333333335,120.61884318196539,478.0,0.0,0.005656376823268964,-0.11085503978174202,3.7211262770495375,0.4064320896748472,4.0289035361347425,7015.047699885629,4200000.0,0.0,1,712.0,1,0,0.03
1781631728,4.171666666666667,2.1092330096243255,13.0,3.0,-0.0009696971380476052,49.58166666666666,122.66198812409473,478.0,403.0,-0.0024477567993242974,-0.11751929421356219,3.7211262770495375,0.41187345917401863,4.0289035361347425,7015.419971319965,4200000.0,134.33288555704814,1,652.0,1,0,0.025
1781631788,4.13,2.1133937951393094,13.0,5.0,-0.0008445023458398445,48.665,121.58646899086537,478.0,0.0,-0.0015200875557988083,-0.09081826785771412,3.7211262770495375,0.4032997150209741,4.0289035361347425,7016.035140519979,4200000.0,0.0,1,592.0,1,0,0.02
1781631848,4.07,2.063597182914663,13.0,1.0,-0.0004120011444476227,49.498333333333335,121.6809215279408,462.0,0.0,-0.0004940291500809377,-0.07233614377810567,3.7211262770495375,0.4095238154929811,3.8402089079559367,7017.067937592624,4200000.0,0.0,1,532.0,1,0,0.02
1781631908,4.01,2.0354933881821706,11.0,8.0,0.00017788938302606025,49.68666666666667,119.72534605875605,462.0,0.0,0.00567473798538333,-0.053577627134713604,3.3044204974277336,0.41123878247369616,3.8402089079559367,7017.779129496237,4200000.0,0.0,1,472.0,1,0,0.02
1781631968,3.995,2.0244279027254426,11.0,4.0,-0.0005895849710693665,49.115,119.45553611421,462.0,342.0,0.00840671779643834,-0.015416740591563923,3.3044204974277336,0.40688077040895926,3.8402089079559367,17.49789787621961,405.9959400405996,85.49978625053438,1,412.0,1,0,0.005
1781632028,4.003333333333333,2.0215478118401147,11.0,3.0,-0.0009202247784021626,49.355,119.14280916194647,462.0,0.0,-0.0014540318167550706,0.000639178588502786,3.3044204974277336,0.40958822819237306,3.8402089079559367,17.640003781216123,405.9959400405996,0.0,1,352.0,1,0,0.015
1781632088,3.9616666666666664,2.0149931072393827,11.0,7.0,-0.0007829188414412283,49.445,120.01011196978361,462.0,0.0,7.025019513942552e-05,-0.019534868415153516,3.3044204974277336,0.41063242136989686,3.8402089079559367,17.568950782092056,405.9959400405996,0.0,1,292.0,1,0,0.01
1781632148,3.9616666666666664,2.015820070233342,11.0,3.0,-0.00010775029930638572,49.55833333333333,121.2281730067543,467.0,467.0,0.008924830346751005,-0.019045550922218782,3.4733579897448936,0.41167044326095564,3.8871630939579966,18.09332958442022,436.9956300436995,155.6661477795074,1,232.0,1,0,0.01
1781632208,3.975,1.9868840764708275,11.0,2.0,0.000386084405790013,49.54,122.03094580201095,467.0,0.0,-0.001564337678715898,-0.0119424733160968,3.4733579897448936,0.41117611263615195,3.8871630939579966,16.97217199626459,436.9956300436995,0.0,1,172.0,1,0,0.115
1781632268,4.325,2.411647085845412,17.0,8.0,0.004025927849799583,49.681666666666665,122.53954598641026,467.0,0.0,0.004121539226497824,0.14864482331477583,5.632815251929934,0.4120551944587136,3.8871630939579966,16.070683355840018,436.9956300436995,0.0,1,112.0,1,0,0.345
1781632328,5.058333333333334,3.257544661585198,20.0,13.0,0.009226886741352058,49.095,120.91878531339398,467.0,0.0,-0.003475426320628692,0.4120431278228152,5.883643567294065,0.4071452749238882,3.8871630939579966,15.138701662053649,436.9956300436995,0.0,1,52.0,1,1,0.595
1781632388,6.02,4.218957217133163,24.0,11.0,0.01584093289148026,49.461666666666666,121.05160826642862,467.0,0.0,-0.00897266381295502,0.6616925472435798,5.883643567294065,0.41021502382164926,3.8871630939579966,13.217818692851205,436.9956300436995,0.0,0,,0,1,0.58
1781632448,7.048333333333333,4.948669574295252,24.0,24.0,0.021106308628635082,48.461666666666666,120.72695859067915,467.0,31.0,-0.009286886908019217,0.8623893361409667,5.883643567294065,0.40210459115102937,3.8871630939579966,11.633538722611926,436.9956300436995,1.2916661284724464,0,,0,1,0.69
1781632508,8.0,5.271622141238881,24.0,11.0,0.023577509937527608,48.51166666666666,122.55062843802783,467.0,0.0,0.00014963930455355392,1.0084396200753414,5.883643567294065,0.4017652405345743,3.8871630939579966,10.143117874412077,436.9956300436995,0.0,0,,0,1,0.675
1781632568,8.796666666666667,5.1879979011389565,24.0,11.0,0.021836005100014162,50.05166666666667,123.89263765005929,486.0,0.0,0.01326362017672271,1.1096894369295964,5.883643567294065,0.4133718615921939,3.9747629068449903,9.125132467389834,436.9956300436995,0.0,0,,0,1,0.6
1781632628,9.41,4.977807415586371,24.0,5.0,0.017453326259239604,50.60333333333333,125.24242886853035,486.0,207.0,0.00950263750732634,1.1378029157235436,5.883643567294065,0.41616026403799267,3.9747629068449903,8.538168841913556,436.9956300436995,41.3999172001656,0,,0,1,0.55
1781632688,9.958333333333334,4.669039575282646,24.0,8.0,0.011223336731490922,51.205,124.59621305775443,486.0,0.0,0.015223181175503331,1.1319366848945585,5.883643567294065,0.4193995378972311,3.9747629068449903,7.781226035810599,436.9956300436995,0.0,0,,0,0,0.41
1781632748,10.453333333333333,4.313292117268304,24.0,6.0,0.004448290134139262,49.97833333333333,122.58328269883386,486.0,0.0,0.009653499037497315,1.0996513791250564,5.883643567294065,0.4081619142432055,3.9747629068449903,5.933889056474185,131.3328955570148,0.0,0,,0,0,0.5
1781632808,10.898333333333333,3.9082814495490075,24.0,7.0,-0.003925094236372859,50.96,123.41633495341422,486.0,0.0,0.006172628257300657,1.051962089273252,5.883643567294065,0.415677064496624,3.9747629068449903,5.462972506978456,104.7497381256547,0.0,0,,0,0,0.325
1781632868,10.861666666666666,3.8934813756100364,24.0,11.0,-0.01077516881991339,51.07,123.56614328636574,486.0,0.0,0.011603698899163607,0.7900602478639327,5.883643567294065,0.4157447635772922,3.9747629068449903,5.617281397389758,104.7497381256547,0.0,0,,0,0,0.215
1781632928,10.533333333333333,3.9334745737353156,24.0,8.0,-0.013618926719240856,51.36666666666667,124.6326022979363,486.0,0.0,-0.0017808938358161684,0.48398469150861073,4.827683203124073,0.41758193343588373,3.9747629068449903,5.98535038323158,104.7497381256547,0.0,0,,0,0,0.23
1781632988,9.966666666666667,3.803799270320253,24.0,10.0,-0.01249975694376929,51.56,124.88716133641067,486.0,0.0,-0.00540418167828245,0.18180525274213294,3.8694867109783937,0.41817692334497686,3.9747629068449903,6.401251905779365,139.33286889043703,0.0,0,,0,0,0.47
1781633048,9.271666666666667,3.4580144431290174,22.0,5.0,-0.010024277845216254,52.515,126.47849530651446,486.0,0.0,-0.011446170683807504,-0.07358840417578065,3.1237294984532573,0.4245093620095483,3.9747629068449903,6.87696135053121,176.49911750441248,0.0,0,,0,0,0.15
1781633108,8.771666666666667,3.08321215978113,19.0,6.0,-0.0059249886805241205,51.51833333333333,125.43557309321079,486.0,0.0,-0.01731874255206268,-0.23574978284371473,2.239165628929428,0.415248899330369,3.9747629068449903,7.037244650949818,176.49911750441248,0.0,0,,0,0,0.2
1781633168,8.616666666666667,3.004394928914787,18.0,14.0,-0.0018059494609707371,50.151666666666664,124.66037327029343,466.0,0.0,-0.005828932858146784,-0.25684565610321464,2.6327417080459328,0.4032443624770829,3.7126381068777348,6.9619751064268485,176.49911750441248,0.0,0,,0,0,0.275
1781633228,8.616666666666667,3.0468107186951334,18.0,6.0,0.001047225131180922,50.15833333333333,124.30398195776175,466.0,356.0,-0.004458206828352342,-0.21166171006891113,3.3346296869942416,0.403331098415765,3.7126381068777348,6.881088319963031,176.49911750441248,59.33323444460926,0,,0,0,0.19
1781633288,8.478333333333333,3.0544280242879442,18.0,5.0,0.0012004755568765446,48.666666666666664,123.43304077740106,466.0,0.0,-0.004990236083989176,-0.199656137672706,3.3346296869942416,0.3913664896954365,3.7126381068777348,6.722662947727217,176.49911750441248,0.0,0,,0,0,0.29
1781633348,8.205,3.083230178454624,18.0,10.0,0.0003575843266231271,49.63,123.3308008298549,466.0,0.0,-0.010177194936652624,-0.23117645518815347,3.3346296869942416,0.3991688835867437,3.7126381068777348,7.292437862499696,176.49911750441248,0.0,0,,0,0,0.275
1781633408,7.913333333333333,3.140459980462876,18.0,4.0,-0.0012419478942997065,48.99333333333333,123.01293951812097,466.0,379.0,-0.007022797285548013,-0.2680301805975288,3.3346296869942416,0.39413591665214465,3.735785670674391,7.7008731299939885,176.49911750441248,94.7497631255922,0,,0,0,0.25
1781633468,7.655,3.2515598820668625,18.0,5.0,-0.004761596559990443,47.975,120.88983018296727,466.0,0.0,-0.005723321453670716,-0.2580512467453419,3.3346296869942416,0.38649899761523,3.735785670674391,8.268812010563025,289.9971000289997,0.0,0,,0,0,0.165
1781633528,7.283333333333333,3.388173877212063,18.0,2.0,-0.008043911233086768,49.693333333333335,120.99389497913613,466.0,0.0,0.005251736810379961,-0.28899629884828487,3.3346296869942416,0.40166656685190877,3.735785670674391,66342.84308967482,39800000.0,0.0,0,,0,0,0.1
1781633588,6.963333333333333,3.374708217839811,18.0,7.0,-0.009626193406092793,50.068333333333335,121.69438632857677,489.0,425.0,0.011131836477323548,-0.3030184796476145,3.3346296869942416,0.40614625750801503,4.064631925022495,66343.3078829942,39800000.0,60.714198979715746,0,,0,0,0.19
1781633648,6.663333333333333,3.407343377015133,18.0,3.0,-0.011503087508576426,49.071666666666665,119.64757915320403,489.0,0.0,0.008800274445206799,-0.3010765095508734,3.3346296869942416,0.39976853405559837,4.064631925022495,66343.45769698039,39800000.0,0.0,0,,0,0,0.16
1781633708,6.246666666666667,3.347011934381007,18.0,4.0,-0.011452920702557505,50.211666666666666,119.90727054918545,489.0,0.0,0.008677385214958934,-0.3345426377325685,3.3346296869942416,0.4109986803639402,4.064631925022495,66344.0604617387,39800000.0,0.0,0,,0,0,0.18
1781633768,5.703333333333333,3.0417082188942595,18.0,4.0,-0.00892641368448246,50.63166666666667,119.158029512166,489.0,0.0,0.012240895113597534,-0.4164521615178152,3.3346296869942416,0.41652447195641684,4.064631925022495,66345.26575966239,39800000.0,0.0,0,,0,0,0.12
1781633828,5.056666666666667,2.5942479107098113,15.0,6.0,-0.006203183897733033,50.468333333333334,118.15991563931013,489.0,224.0,0.011267725743682655,-0.5350450491087052,2.312635487566369,0.4170789617830261,4.064631925022495,66346.92846606336,39800000.0,37.33327111121482,0,,0,0,0.05
1781633888,4.69,2.297222961171452,13.0,6.0,-0.0037733993705538153,51.01833333333333,119.2260933292522,489.0,0.0,-0.0014359762110450571,-0.5631487191948523,1.6321635851275558,0.4235261520247683,4.064631925022495,66348.00519273797,39800000.0,0.0,0,,0,0,0.09
1781633948,4.426666666666667,2.1628581912727327,13.0,2.0,-0.0024266178517162555,50.81,119.95785607176103,489.0,0.0,-0.002172561590448895,-0.5374547184397438,2.724055839035066,0.4232803761328879,4.064631925022495,66348.29586498084,39800000.0,0.0,0,,0,0,0.06
1781634008,4.278333333333333,2.076261999095704,13.0,4.0,-0.0008978080494668046,50.983333333333334,119.50902220706556,489.0,0.0,-0.00704629735082596,-0.4510545165886524,4.369356109149818,0.42566450887305024,4.064631925022495,66348.74647092189,39800000.0,0.0,0,,0,0,0.04
1781634068,4.226666666666667,2.048240437275099,13.0,1.0,-0.0004525568126578124,50.736666666666665,120.16157451069326,489.0,0.0,-0.02305889738582597,-0.3578929732857931,4.369356109149818,0.4243346089454758,4.064631925022495,66348.29537806881,39800000.0,0.0,0,,0,0,0.055
1781634128,4.23,2.012568839402353,13.0,5.0,-0.0009814471706865897,49.85666666666667,121.37918323263764,489.0,0.0,-0.00618551718199212,-0.2670358525911039,4.369356109149818,0.41696411879361917,4.064631925022495,14.421300103825052,359.9964000359996,0.0,0,,0,0,0.055
1781634188,4.1066666666666665,2.015429372504915,13.0,6.0,-0.0010058361273225743,49.195,119.43146001647416,473.0,160.0,-0.003803149453192883,-0.2244577627538347,4.369356109149818,0.41117065461379765,3.935688413004518,14.544572739844012,359.9964000359996,26.666622222296297,0,,0,0,0.01
1781634248,4.055,1.9719639110964144,13.0,3.0,-0.0009728082578007203,49.275,119.08806002982274,473.0,0.0,-0.014728679801888384,-0.18073569402492884,4.369356109149818,0.41208732886844746,3.935688413004518,14.655979436611723,359.9964000359996,0.0,0,,0,0,0.025
1781634308,3.995,1.9187604505687172,13.0,4.0,-0.0008622523951455469,48.553333333333335,118.69202650370224,473.0,0.0,-0.008720413112258626,-0.14405728823100644,4.369356109149818,0.40669017404839236,3.935688413004518,15.135558783765658,360.9963900360996,0.0,0,,0,0,0.01
1781634368,3.9766666666666666,1.9432246967919642,13.0,2.0,3.116675324098081e-05,48.55833333333333,118.38733010992162,473.0,0.0,0.0025597015547265435,-0.10191324618651236,4.369356109149818,0.40717527329009573,3.935688413004518,14.938818697019936,360.9963900360996,0.0,0,,0,0,0.005
1781634428,4.003333333333333,1.9131097430332868,13.0,6.0,-0.0006055572376589827,48.11833333333333,118.1293119024891,473.0,0.0,0.0005678071327975642,-0.060528551909110974,4.369356109149818,0.40369362348443455,3.935688413004518,13.956625506452962,360.9963900360996,0.0,0,,0,0,0.0
1781634488,3.9716666666666667,1.9150797778566708,13.0,6.0,-0.00033380648279578834,48.67333333333333,119.0778035105153,473.0,0.0,0.003794510540306976,-0.032891169628963664,4.369356109149818,0.4081192707742866,3.935688413004518,13.644497799437223,360.9963900360996,0.0,0,,0,0,0.005
1781634548,3.9033333333333333,1.890499640012896,13.0,4.0,-0.0010452806813352335,49.0,119.69221639967516,473.0,0.0,0.00799007775021597,-0.05135276507494816,4.369356109149818,0.410672217707908,3.935688413004518,14.491910894105176,360.9963900360996,0.0,0,,0,0,0.01
1781634608,3.86,1.8664761807570256,12.0,4.0,-0.0005693904705290878,49.35166666666667,120.20286185121476,473.0,388.0,0.01139300386945518,-0.07256314991036304,4.177209593779544,0.41350472143881567,3.935688413004518,15.509658547941763,404.99595004049957,96.99975750060626,0,,0,0,0.015
1781634668,3.92,1.9253397968497232,12.0,8.0,0.0006915574765485386,50.52166666666667,121.92282885998925,473.0,0.0,0.006571212697813087,-0.03988421015217334,4.251515085287048,0.42281583823833524,3.935688413004518,15.811134270908514,404.99595004049957,0.0,0,,0,0,0.035
1781634728,4.013333333333334,2.0049494313379133,12.0,4.0,0.0016437267881299676,49.36,120.48011066838653,463.0,0.0,0.004169178247717365,0.007389747120857813,4.251515085287048,0.4133192766013632,3.8490070094638966,15.222631775105588,404.99595004049957,0.0,0,,0,0,0.05
1781634788,4.205,2.066311125331001,14.0,2.0,0.0024207011686143533,49.68,122.3735984597985,464.0,0.0,0.003948233189536653,0.1018790345480868,4.945375646513988,0.41608435460530824,3.8490070094638966,14.83934789756781,404.99595004049957,0.0,0,,0,0,0.05
1781634848,4.285,2.129266305561613,14.0,9.0,0.002444812346700965,49.89833333333333,122.99519501680635,464.0,381.0,-0.0037478715218653897,0.14033220783659436,4.945375646513988,0.41692013409195566,3.8490070094638966,14.756400044322715,404.99595004049957,42.33328629634856,0,,0,0,0.035
1781634908,4.406666666666666,2.1690141129605918,14.0,7.0,0.002565451570698807,49.788333333333334,122.09843104597572,464.0,0.0,-0.008661718504773595,0.19801426306412437,4.945375646513988,0.414635062982388,3.8490070094638966,14.295264063589315,404.99595004049957,0.0,0,,0,0,0.03
1781634968,4.528333333333333,2.235142923593229,14.0,2.0,0.0035603710010305607,49.815,123.55422874862141,479.0,0.0,-0.00010391695532485403,0.2514238510480504,4.945375646513988,0.41318313731649525,3.919793429038209,13.782298442689823,404.99595004049957,0.0,0,,0,0,0.065
1781635028,4.6066666666666665,2.2185480737535426,14.0,5.0,0.002816230045083458,50.65,124.11638691164032,479.0,0.0,-0.0020821168947691817,0.2881087536930374,4.945375646513988,0.41831918420377245,3.919793429038209,13.798922086278845,404.99595004049957,0.0,0,,0,0,0.07
1781635088,4.6866666666666665,2.2312527622142877,14.0,7.0,0.00219106164183789,49.68333333333333,123.32634101800349,479.0,0.0,-0.006249350692640865,0.324504995806909,4.945375646513988,0.40885364164426796,3.919793429038209,13.862496675378953,404.99595004049957,0.0,0,,0,0,0.025
1781635148,4.786666666666667,2.2078244696734584,14.0,3.0,0.00017388937191492457,49.31,122.4885051749755,479.0,0.0,-0.0035435098430829106,0.33645810309038965,4.945375646513988,0.4048998122165987,3.919793429038209,13.526986453802044,404.99595004049957,0.0,0,,0,0,0.02
1781635208,4.846666666666667,2.160205751517408,14.0,3.0,-0.0010648362912119287,48.483333333333334,122.06869536817737,479.0,0.0,-0.004506234739540932,0.31877050418446906,4.945375646513988,0.3973879333700752,3.919793429038209,12.371306826409631,320.9967900320997,0.0,0,,0,0,0.005
1781635268,4.793333333333333,2.1472359493595996,14.0,1.0,-0.001584504401401118,47.611666666666665,119.4257127418082,479.0,0.0,-0.0031375364931569335,0.2424016236248733,4.945375646513988,0.39008480474035917,3.919793429038209,12.283134249941313,320.9967900320997,0.0,0,,0,0,0.015
1781635328,4.733333333333333,2.11397466609439,14.0,2.0,-0.0018658385162180979,49.071666666666665,120.4205403183176,479.0,0.0,0.00014269484081884566,0.16371628624483853,4.945375646513988,0.4024291929494877,3.919793429038209,13.14056634089134,320.9967900320997,0.0,0,,0,0,0.0
1781635388,4.515,2.142376017416177,14.0,10.0,-0.002397756660435166,48.803333333333335,119.63472735326013,479.0,0.0,0.0014417262270173326,0.043083852701250175,4.56459312258272,0.4006080335036533,3.919793429038209,49681.1431238051,29799999.999999996,0.0,0,,0,0,0.0
1781635448,4.415,2.109369969129803,14.0,7.0,-0.0030142028172300468,48.221666666666664,119.41763910978793,479.0,0.0,-0.009142830952308214,-0.004199751388701855,4.56459312258272,0.39652648928925477,3.919793429038209,49681.913697736425,29799999.999999996,0.0,0,,0,0,0.01
1781635508,4.253333333333333,2.103763822823803,14.0,2.0,-0.003304009177803272,48.81,121.94798303648432,479.0,0.0,-0.005884294123039265,-0.08004130790228568,4.56459312258272,0.40193626797576165,3.919793429038209,186682.273231436,41700000.0,0.0,0,,0,0,0.01
1781635568,4.028333333333333,2.0118475477917195,10.0,5.0,-0.002690590807196683,47.705,119.91414140264416,479.0,0.0,-0.004118816996713852,-0.18463004608676623,2.8711802237289663,0.39351334087561474,3.99208405885204,186683.27198861068,41700000.0,0.0,0,,0,0,0.045
1781635628,3.8466666666666667,2.035474282705521,10.0,1.0,-0.003234231206197789,47.473333333333336,120.7640507583095,479.0,0.0,0.004532457034602846,-0.271792426863643,2.8711802237289663,0.3925573037884146,3.99208405885204,186683.99545664917,41700000.0,0.0,0,,0,0,0.04
1781635688,3.691666666666667,2.003313227852521,10.0,1.0,-0.0028035911210864527,48.185,121.22369450042898,479.0,0.0,0.0023954233206203274,-0.31581790694909867,2.8711802237289663,0.3992107329579299,3.99208405885204,186684.42728072242,41700000.0,0.0,0,,0,0,0.055
1781635748,3.6566666666666667,1.9703101842659756,10.0,6.0,-0.0020081166892130247,47.72666666666667,120.48598240274906,479.0,0.0,-0.00016350045416792968,-0.24293549256811953,3.0226525191700726,0.3958677592379131,3.99208405885204,186683.86201219776,41700000.0,0.0,0,,0,0,0.02
1781635808,3.555,1.958819797735361,10.0,3.0,-0.0012633090647474015,48.185,120.12359236081257,479.0,0.0,-0.0026845907905299698,-0.19568772620209596,3.0226525191700726,0.40029599404307237,3.99208405885204,186684.13098214622,41700000.0,0.0,0,,0,0,0.02
1781635868,3.5483333333333333,1.9479041443447764,10.0,4.0,0.00013525037569548677,48.803333333333335,122.69784562991406,491.0,0.0,-0.004064511290309162,-0.1000972453609775,3.6048708743114712,0.4053722037146264,4.074980391254515,243017.61864915024,41700000.0,0.0,0,,0,0,0.06
1781635928,3.5166666666666666,1.9260639195577653,10.0,4.0,0.0013933372037144545,47.18,120.69717312348288,491.0,0.0,-0.0016037822327284123,-0.016252451894600242,3.6048708743114712,0.39153051996177746,4.074980391254515,243017.02594274093,41700000.0,0.0,0,,0,0,0.065
1781635988,3.7,2.0518284528683193,11.0,6.0,0.0025502293061925156,47.66,120.4225244711304,491.0,0.0,0.004494456929047069,0.13869973843056296,3.9081211714879274,0.39521356467244745,4.074980391254515,193349.37238018776,41700000.0,0.0,0,,0,0,0.025
1781636048,3.9766666666666666,2.330119214880551,14.0,4.0,0.004917069214081149,48.92666666666667,122.06943907283082,491.0,397.0,0.0023745621515615964,0.27444646704462106,4.5633023025560755,0.40549995274761264,4.074980391254515,193348.52779396073,41700000.0,99.24975187562032,0,,0,0,0.02
1781636108,4.341666666666667,2.5294789757752265,14.0,10.0,0.007001213892260813,47.901666666666664,120.18906771092878,491.0,0.0,0.0013764204900568878,0.42803423369578475,4.5633023025560755,0.396976136921821,4.074980391254515,56347.55889062666,33800000.0,0.0,0,,0,0,0.025
1781636168,4.6033333333333335,2.591522504029029,14.0,2.0,0.007250020138944829,48.50333333333333,122.1334242630666,491.0,92.0,-0.002614618373940021,0.5358857681440895,4.5633023025560755,0.4017251313058213,4.074980391254515,56346.45121295015,33800000.0,45.99977000114999,0,,0,0,0.07
1781636228,4.815,2.5561901989745075,14.0,3.0,0.005478820774502149,48.7,122.65672966997504,491.0,0.0,0.0040817335603710835,0.6309317573545686,4.5633023025560755,0.402790618082961,4.074980391254515,56345.50148430658,33800000.0,0.0,0,,0,0,0.06
1781636288,4.9,2.5152865973217975,14.0,3.0,0.003006563907121961,48.89666666666667,122.75374803058176,491.0,0.0,0.008729135358709368,0.6401350768532085,4.5633023025560755,0.40356645624850707,4.074980391254515,56345.21778676422,33800000.0,0.0,0,,0,0,0.025
1781636348,4.831666666666667,2.546238511128829,14.0,2.0,0.0003078064105733636,49.13166666666667,122.72058098469964,491.0,0.0,0.002282145228181162,0.5352139694575612,4.5633023025560755,0.40501618894989366,4.074980391254515,56345.53621996872,33800000.0,0.0,0,,0,0,0.045
1781636408,4.828333333333333,2.544706379045637,14.0,2.0,-0.002428256745157624,49.76,124.04801113547394,491.0,435.0,0.008840191222753415,0.48918196578420314,4.5633023025560755,0.4089764019346769,4.074980391254515,56345.77938651532,33800000.0,217.49891250543746,0,,0,0,0.025
1781636468,4.69,2.5891890622355103,14.0,2.0,-0.004911124753124315,49.275,122.50409261870941,472.0,0.0,0.006520879224664473,0.3813632119463079,4.5633023025560755,0.40437419934692714,3.852439240178617,13.70689985629154,409.9959000409996,0.0,0,,0,0,0.025
1781636528,4.573333333333333,2.6403198459445947,14.0,0.0,-0.007348131522587561,50.39666666666667,124.42543679739373,478.0,0.0,0.00012988924969234945,0.2851540902479354,4.5633023025560755,0.412864468992967,3.8763407057552963,71181.03461719597,42700000.0,0.0,0,,0,0,0.05
1781636588,4.30550918196995,2.6274179799888038,14.0,2.0,-0.008768020531675372,50.30884808013356,125.55609766665027,478.0,406.0,0.005518549988827836,0.11991200919033798,4.5633023025560755,0.41091050887630753,3.8763407057552963,257276.85238387316,42700000.0,202.99898500507496,0,,0,0,0.05
1781636648,3.9298831385642736,2.428632450371573,13.0,3.0,-0.00790230730727457,49.27212020033389,124.04632289748139,478.0,0.0,0.002027487991092986,-0.05224056052389366,3.7283629237235565,0.4010896605932894,3.8763407057552963,257277.22465345368,42700000.0,0.0,0,,0,0,0.015
1781636708,3.5041736227045077,2.11747619876256,13.0,4.0,-0.005523728214886126,50.43405676126878,125.04765799494267,478.0,0.0,-0.0013735205737792078,-0.19712360279893082,3.502460935538157,0.4093704995731644,3.8763407057552963,257278.87842785037,42700000.0,0.0,0,,0,0,0.03
1781636768,3.1936560934891487,1.8488528650995304,10.0,4.0,-0.0033970774701320146,49.826377295492485,123.56423473470728,478.0,0.0,-0.008292082720099223,-0.2810676417554167,2.335960979236959,0.4037991602482045,3.8763407057552963,257280.10591043092,42700000.0,0.0,0,,0,0,0.025
1781636828,2.989983305509182,1.7238094533447792,10.0,1.0,-0.0018230947102409595,49.68447412353923,122.96454533060678,478.0,0.0,-0.003017154762061215,-0.3237918703559296,2.335960979236959,0.4022772807300611,3.8763407057552963,257281.9070578146,42700000.0,0.0,0,,0,0,0.025
1781636888,2.8580968280467447,1.672191403754748,10.0,7.0,-0.0008523996221357217,49.475792988313856,121.40977261520044,478.0,0.0,-0.00021792787462158623,-0.3381939448788291,3.52852653440165,0.4009625667955099,3.8763407057552963,316881.7858975294,42700000.0,0.0,0,,0,0,0.01
1781636948,2.8096828046744573,1.675864135470337,10.0,1.0,-0.0005516272860034125,49.462437395659435,121.65732893750936,478.0,0.0,-0.006069136274232519,-0.2866623696140286,3.52852653440165,0.4011328093040199,3.8763407057552963,444761.7997191592,42700000.0,0.0,0,,0,0,0.015
1781637008,2.7562604340567614,1.658898211991942,10.0,5.0,0.00027260941120738595,48.10016694490818,120.32099520220729,478.0,0.0,-0.00758008822509737,-0.26989291820232064,3.52852653440165,0.39069706668314313,3.8763407057552963,444761.5338370079,42700000.0,0.0,0,,0,0,0.015
1781637068,2.7762938230383973,1.6313003571498734,9.0,4.0,0.0006201971284798977,48.669449081803,121.52804626193932,478.0,0.0,-0.007418029142074009,-0.22173934589223435,3.52852653440165,0.3959866696643998,3.8878385665347697,444760.56609843735,42700000.0,0.0,0,,0,0,0.015
1781637128,2.7762938230383973,1.630276650471845,9.0,2.0,0.0007523668947143245,48.53422370617696,120.69728582435337,469.0,211.0,-0.0008907813750923695,-0.1871780108166323,3.52852653440165,0.39573047094885194,3.8878385665347697,373476.1357853113,38500000.0,105.49947250263749,0,,0,0,0.0
1781637188,2.7866666666666666,1.6546365831270087,9.0,1.0,0.00011088919691443439,47.73166666666667,119.61308316354398,469.0,0.0,-0.0012020866724629924,-0.15748802305141524,3.52852653440165,0.39053959953813083,3.8878385665347697,187187.83096885978,36100000.0,0.0,0,,0,0,0.0
1781637248,2.8033333333333332,1.698427377180301,9.0,2.0,2.611118364214919e-06,48.92,121.63619362673265,484.0,0.0,-2.8166744907593058e-05,-0.11476679180678015,3.5549156684078205,0.4017446017636186,4.039956971243844,245688.6583956256,36100000.0,0.0,0,,0,0,0.01
1781637308,2.8383333333333334,1.7365283054288392,9.0,2.0,0.00028075077986327505,48.60166666666667,121.83312219543947,484.0,0.0,0.007278381328837005,-0.08651132483102221,3.5549156684078205,0.3999040477335731,4.039956971243844,245688.45150802514,36100000.0,0.0,0,,0,0,0.015
1781637368,2.835,1.7457877877909447,9.0,2.0,0.0002444173456037395,49.42666666666667,122.23761541449596,484.0,0.0,0.0036677879660775943,-0.08908855326274931,3.5549156684078205,0.40690862499196784,4.039956971243844,245688.81657489628,36100000.0,0.0,0,,0,0,0.025
1781637428,2.841666666666667,1.725281780528103,9.0,1.0,0.0003433620648946258,49.50666666666667,120.48423114895806,484.0,0.0,0.009320581446059599,-0.08534725914402713,3.5549156684078205,0.40841744343102937,4.039956971243844,269521.01972463337,36100000.0,0.0,0,,0,0,0.02
1781637488,2.8516666666666666,1.720367370327887,9.0,4.0,0.00019430609529471035,50.06,122.99100129684285,486.0,0.0,0.016332100922502545,-0.07955634210085774,3.5549156684078205,0.41317109485021336,4.039956971243844,263188.7814455395,36100000.0,0.0,0,,0,0,0.05
1781637548,2.8566666666666665,1.7318936328641996,9.0,3.0,-5.10556973769349e-05,49.53666666666667,122.15256303310035,486.0,0.0,0.00475356875991322,-0.0841547729534363,3.5549156684078205,0.4086290425010303,4.039956971243844,156854.80528803883,31999999.999999996,0.0,0,,0,0,0.015
1781637608,2.82,1.7022338264762569,9.0,2.0,-0.00027722299228609036,50.35166666666667,123.39716905405713,486.0,0.0,-0.00391187197742218,-0.1055538224746332,3.5549156684078205,0.4148220230668851,4.039956971243844,156855.13061288313,31999999.999999996,0.0,0,,0,0,0.035
1781637668,2.8116666666666665,1.729989563231203,9.0,3.0,4.5805682793561084e-05,50.275,123.6819282474202,486.0,0.0,-0.0014909763638232417,-0.11092194335895846,3.5549156684078205,0.4135585314204261,4.039956971243844,156855.2236957859,31999999.999999996,0.0,0,,0,0,0.045
1781637728,2.7616666666666667,1.715089080938817,9.0,2.0,-0.0003948066522407021,49.88333333333333,124.21792566113619,486.0,0.0,-0.003952733202036669,-0.13950107201137418,3.5549156684078205,0.40950104494438666,4.039956971243844,195354.42020332054,31999999.999999996,0.0,0,,0,0,0.035
1781637788,2.7883333333333336,1.6931815876889544,9.0,2.0,-0.0007061964061011259,50.471666666666664,124.9069888512604,486.0,0.0,-0.010206722796452185,-0.12268288040711577,3.5549156684078205,0.41292013714371323,4.039956971243844,264520.5023761153,41500000.0,0.0,0,,0,0,0.02
1781637848,2.7783333333333333,1.65706484148596,8.0,1.0,-0.0006905852516256975,49.376666666666665,123.10214507563312,486.0,0.0,-0.011192753313203773,-0.12874943256678884,3.033489670789036,0.40278687148829,4.031610150325309,263019.6797822676,41500000.0,0.0,0,,0,0,0.015
1781637908,2.7266666666666666,1.6254093501501568,8.0,5.0,-0.00044894569151581213,49.32666666666667,121.66456600926264,486.0,0.0,-0.00832968980469396,-0.1600102577304971,3.033489670789036,0.40245618771649416,4.031610150325309,316685.89992628584,41500000.0,0.0,0,,0,0,0.005
1781637968,2.6966666666666668,1.5951976540716062,8.0,1.0,-0.0005793349425970608,49.27333333333333,122.30879753948835,486.0,0.0,-0.0038372884369124037,-0.17954344791953433,3.033489670789036,0.40228191486335146,4.031610150325309,367852.2106942692,41500000.0,0.0,0,,0,0,0.005
1781638028,2.631666666666667,1.5798725335362416,8.0,1.0,-0.0007398631662865708,49.385,124.15370893238214,486.0,427.0,0.003537926494240227,-0.20192054715262664,3.033489670789036,0.40238883533525455,4.031610150325309,405853.1611543442,41500000.0,426.99573004269956,0,,0,0,0.015
1781638088,2.58,1.5406492138056607,8.0,2.0,-0.000803557787660519,48.63166666666667,122.59325428922352,478.0,0.0,0.008670996308323088,-0.17218339734945004,3.033489670789036,0.39549613352914226,3.8629814136356977,352686.5068539544,41500000.0,0.0,0,,0,0,0.0
1781638148,2.565,1.520671452571747,8.0,1.0,-0.0005805293903594196,49.32666666666667,124.32686739219146,478.0,0.0,-7.300020277843697e-05,-0.11877534162115663,3.8943725639985582,0.4008333600690876,3.8629814136356977,331354.54053491424,41500000.0,0.0,0,,0,0,0.0
1781638208,2.5416666666666665,1.5236788448430405,8.0,1.0,-0.0008041411226142318,49.681666666666665,122.75515059345666,478.0,0.0,0.004780374389928923,-0.0717787502789556,3.8943725639985582,0.4037845233697133,3.8629814136356977,331354.7144225348,41500000.0,0.0,0,,0,0,0.0
1781638268,2.5116666666666667,1.501065362408387,9.0,2.0,-0.00023863955177653217,49.755,121.71338590448191,478.0,0.0,0.0074306595296097875,-0.025688159598156613,4.66669037985564,0.4046443860007221,3.8629814136356977,388188.2734553196,41500000.0,0.0,0,,0,0,0.0
1781638328,2.535,1.5073514299370714,9.0,5.0,-0.0003441398448329033,49.45166666666667,121.41030021057614,478.0,0.0,-0.000927030352862123,0.05064887700502039,4.66669037985564,0.40276283867496404,3.8629814136356977,349688.1855709434,41500000.0,0.0,0,,0,0,0.0
1781638388,2.5283333333333333,1.5063854826113476,9.0,2.0,7.241686782463375e-05,49.38333333333333,121.2083594018535,478.0,0.0,-0.0007547243186786567,0.11089257056811382,4.66669037985564,0.403107752381924,3.8629814136356977,280522.4202298362,37100000.0,0.0,0,,0,0,0.01
1781638448,2.558333333333333,1.5470177403277858,9.0,0.0,0.000737363159342109,50.235,121.8427529304335,478.0,432.0,-0.0033574259928500125,0.19437432647515862,4.66669037985564,0.410859165829334,3.8629814136356977,295523.5665227361,43200000.0,43200000.0,0,,0,0,0.01
1781638508,2.6083333333333334,1.5805897281992214,9.0,3.0,0.0013092536368156545,49.63333333333333,121.14931099909548,478.0,0.0,-0.007386909408081712,0.28884859681726643,4.66669037985564,0.40616043262066226,3.8629814136356977,241856.7134127002,43200000.0,0.0,0,,0,0,0.01
1781638568,2.683333333333333,1.6542034000959158,10.0,4.0,0.001770282695229712,50.166666666666664,122.05327616341242,483.0,0.0,0.0003926677574104467,0.3835240963316346,5.026391981784048,0.41069117799813304,3.9637202596776926,190689.81760913416,43200000.0,0.0,0,,0,0,0.01
1781638628,2.756666666666667,1.670565439870252,10.0,7.0,0.0016223933955372138,50.045,121.29226263451433,483.0,0.0,0.0055178208828357824,0.42626414257835676,5.026391981784048,0.4101229107672025,3.9637202596776926,128856.21311472816,43200000.0,0.0,0,,0,0,0.025
1781638688,2.83,1.7071711493969588,10.0,2.0,0.0014093928038688968,49.95666666666666,121.17100088534201,483.0,0.0,0.0013092258589606671,0.4090842657524514,5.026391981784048,0.41025385688966975,3.9637202596776926,128855.16782220677,43200000.0,0.0,0,,0,0,0.015
1781638748,2.8383333333333334,1.7104182399505554,10.0,7.0,0.001076641879560776,49.45666666666666,120.93665610098903,483.0,0.0,-0.006122350339861994,0.35147322012958754,5.026391981784048,0.4069969971723713,3.9637202596776926,128855.01407352586,43200000.0,0.0,0,,0,0,0.025
1781638808,2.8566666666666665,1.728039994393134,10.0,2.0,0.00019172275478543,49.071666666666665,121.72907019506704,483.0,0.0,-0.0015981433281759643,0.3017927344950073,5.026391981784048,0.4042607825968646,3.9637202596776926,128855.61257721933,43200000.0,0.0,0,,0,0,0.005
1781638868,2.8733333333333335,1.7225820412650565,10.0,1.0,-6.783352175978337e-05,49.46,123.26470865580302,483.0,0.0,0.007032963980455498,0.24790862530327365,5.026391981784048,0.40739409529714765,3.9637202596776926,72022.69986290661,43200000.0,0.0,0,,0,0,0.0
1781638928,2.91,1.7306742424076615,10.0,3.0,-0.00040200111666976947,49.685,123.75878059758023,483.0,0.0,-0.0023475898544162415,0.20649099573148064,5.026391981784048,0.4084663851287619,3.9637202596776926,72022.84099810274,43200000.0,0.0,0,,0,0,0.0
1781638988,2.9183333333333334,1.7151279511712498,10.0,0.0,-0.0007555298764718807,50.73,124.1811865783219,483.0,0.0,0.005986072183533812,0.1474148384203905,5.026391981784048,0.41612756440013177,3.9637202596776926,114022.6194464091,43200000.0,0.0,0,,0,0,0.005
1781639048,2.895,1.6824510889374071,10.0,4.0,-0.0007193631093419705,50.82333333333333,123.34566114064256,483.0,0.0,0.01022286173017148,0.06798408802328067,5.026391981784048,0.41601647108669826,3.9637202596776926,42022.332367522205,25199999.999999996,0.0,0,,0,0,0.01
1781639108,2.8666666666666667,1.671991493864594,10.0,3.0,-0.0005270014638929527,50.81,124.44162178842468,483.0,0.0,-0.0024966180461612345,-0.01312688596038336,5.026391981784048,0.4151698656754916,3.9637202596776926,42023.01266491815,25199999.999999996,0.0,0,,0,0,0.015
1781639168,2.841666666666667,1.6653119494223565,9.0,4.0,4.013900038611149e-05,50.041666666666664,123.41721893866979,472.0,0.0,0.0015666432406756083,-0.07664662881909375,3.5116706523883225,0.4078417076385486,3.8682429228645807,154856.38312043992,38300000.0,0.0,0,,0,0,0.005
1781639228,2.796666666666667,1.6589119593543502,9.0,1.0,-7.466687407465251e-05,49.736666666666665,122.8758885578814,472.0,342.0,0.004313400870557966,-0.11909295185128797,3.5116706523883225,0.40510660812414334,3.8682429228645807,154856.90802912085,38300000.0,341.9965800341996,0,,0,0,0.02
1781639288,2.79,1.6459748884273213,9.0,1.0,0.00038622329506470964,49.59166666666667,123.73919453386176,472.0,0.0,-0.0016574768263245302,-0.12303491086701977,3.5116706523883225,0.40328396812216044,3.8682429228645807,154856.68058818887,38300000.0,0.0,0,,0,0,0.005
1781639348,2.8433333333333333,1.6649691355163982,8.0,6.0,0.0006965019347275954,50.776666666666664,124.78744643949122,472.0,0.0,-0.003380287167464262,-0.0913019245129952,3.0399740832433992,0.4119604780823371,3.850338287883054,154856.22254101004,38300000.0,0.0,0,,0,0,0.05
1781639408,2.9166666666666665,1.648147107781611,8.0,3.0,0.0006586684963013767,50.305,123.91414490821188,497.0,0.0,-0.00999744443734564,-0.04821208993130791,3.0399740832433992,0.4071699944129469,4.003140232091132,154854.47356267634,38300000.0,0.0,0,,0,0,0.055
1781639468,2.9616666666666664,1.657366552362177,8.0,1.0,0.0008717524215345053,49.82833333333333,123.19463812962353,497.0,0.0,-0.004513540315389755,-0.02142179125501118,3.0399740832433992,0.40271596478666094,4.003140232091132,154854.49548650067,38300000.0,0.0,0,,0,0,0.055
1781639528,3.0433333333333334,1.682692947496826,8.0,4.0,0.0015694488040244546,50.67333333333333,123.94871233251634,497.0,315.0,-0.0034027316742547453,0.02712054090352525,3.0399740832433992,0.4098436003157271,4.003140232091132,154854.49463384095,38300000.0,78.74980312549219,0,,0,0,0.065
1781639588,3.1133333333333333,1.7167281542386248,9.0,3.0,0.0016680601890560808,49.36666666666667,123.76492053710354,497.0,0.0,0.0034827874521874387,0.06809184861674472,3.5179447526788454,0.39938552836208124,4.003140232091132,112854.65334902945,38300000.0,0.0,0,,0,0,0.055
1781639648,3.0966666666666667,1.7360843553493848,9.0,3.0,0.0008900024722290938,49.24166666666667,125.09341814775422,497.0,0.0,0.00990833307870298,0.05868744638181448,3.5179447526788454,0.39813581031014905,4.003140232091132,112854.41032594169,38300000.0,0.0,0,,0,0,0.065
1781639708,3.091666666666667,1.7310682315328365,9.0,2.0,0.00031452865146847846,49.32,125.226931075814,497.0,0.0,0.0004376678824108568,0.05623122874237512,3.5179447526788454,0.39822942638813363,4.003140232091132,162021.0466585925,38300000.0,0.0,0,,0,0,0.025
1781639768,3.12,1.7240262952364347,9.0,3.0,0.00034211206142239353,49.47666666666667,124.412135483463,497.0,0.0,0.0003957788771635536,0.07235038926736505,3.5179447526788454,0.39931823066761346,4.003140232091132,49187.69809039839,29499999.999999996,0.0,0,,0,0,0.055
1781639828,3.151666666666667,1.7422200077933772,9.0,1.0,-0.0005141403170564385,50.495,125.9921425129361,497.0,451.0,0.008486606907241446,0.09160381392608488,3.5179447526788454,0.40679031077774463,4.003140232091132,71520.79612344071,29499999.999999996,450.99549004509953,0,,0,0,0.06
1781639888,3.15,1.7580766005306292,9.0,1.0,-0.0009086691907477563,51.568333333333335,125.25834102854078,497.0,329.0,0.008432106755852114,0.09076054938410762,3.5179447526788454,0.4144934482250305,4.003140232091132,105021.36057526419,29499999.999999996,328.99671003289967,0,,0,0,0.065
1781639948,3.1016666666666666,1.773320018747008,9.0,4.0,-0.0012060866835741184,50.39833333333333,123.34894809937465,497.0,0.0,0.0050944308178633504,0.06271318356022254,3.5179447526788454,0.4049144134988116,4.003140232091132,105022.3106993969,29499999.999999996,0.0,0,,0,0,0.035
1781640008,3.09,1.790316545567664,9.0,4.0,-0.0010454473484648593,50.68,123.88254221909827,478.0,0.0,-0.003111453087369615,0.05516889243202509,3.5179447526788454,0.4074661002147973,3.804491659544131,156356.4285367164,30799999.999999996,0.0,0,,0,0,0.02
1781640068,3.03,1.8025260053602554,9.0,6.0,-0.0012256700713057511,50.73166666666667,121.68786435201973,478.0,0.0,-0.001933977594382202,0.02046603140781007,3.5179447526788454,0.40840902787324324,3.804491659544131,172689.79016482303,30799999.999999996,0.0,0,,0,0,0.03
1781640128,2.9466666666666668,1.7532319362315478,9.0,2.0,-0.0005211681143558743,49.44166666666667,118.85812241445213,478.0,0.0,-0.006129878138550431,-0.028896619531269815,3.5179447526788454,0.39893761927265536,3.804491659544131,231023.2175138089,35000000.0,0.0,0,,0,0,0.01
1781640188,2.8966666666666665,1.7017605263047115,8.0,1.0,9.077802993897039e-05,49.931666666666665,118.36905703725485,478.0,0.0,-0.007990661085169628,-0.058571013832562524,2.897949517483334,0.4045411973599935,3.936904692857307,231022.56199782138,35000000.0,0.0,0,,0,0,0.01
1781640248,2.905,1.7154129726298175,8.0,7.0,-0.0003569176581046123,50.10333333333333,118.43117265127266,478.0,0.0,-0.0024620623946177847,-0.05413169367414278,2.897949517483334,0.40815216467535764,3.936904692857307,335855.4150272217,42900000.0,0.0,0,,0,0,0.005
1781640308,2.8733333333333335,1.715795895657626,8.0,1.0,-0.0008768357689882451,51.0,117.66381488517756,478.0,0.0,-0.003926955352653825,-0.07275058295349847,2.897949517483334,0.4182727478336238,3.936904692857307,428021.8738633892,42900000.0,0.0,0,,0,0,0.02
1781640368,2.808333333333333,1.696544691096845,8.0,0.0,-0.0006229739527054255,51.156666666666666,118.79775021251689,478.0,0.0,-0.003995344431512316,-0.11062898212320235,2.897949517483334,0.4218238750155511,3.936904692857307,428022.37249979784,42900000.0,0.0,0,,0,0,0.03
1781640428,2.808333333333333,1.6747926903218666,8.0,4.0,-0.0004979180497723576,50.35666666666667,117.62866482660121,478.0,0.0,0.005304514734763124,-0.11077738813444427,2.9439466424347063,0.4176535864843566,3.936904692857307,405688.1865635385,42900000.0,0.0,0,,0,0,0.005
1781640488,2.7483333333333335,1.651765890056928,8.0,3.0,-0.0006922519229220071,49.766666666666666,117.58841590716135,464.0,0.0,0.011910366417684544,-0.14712897158310534,2.9439466424347063,0.4156915583665069,3.936904692857307,372188.2506049292,42900000.0,0.0,0,,0,0,0.01
1781640548,2.7283333333333335,1.6200402944234307,8.0,6.0,-0.0008622523951455464,50.88,118.98636728634082,464.0,0.0,0.009788027188964292,-0.16064970823595903,2.9439466424347063,0.42698634907586436,3.936904692857307,372188.18102622184,42900000.0,0.0,0,,0,0,0.035
1781640608,2.73,1.635165638908385,9.0,3.0,-4.761124336456286e-05,51.235,119.40181367271325,464.0,338.0,0.007059602943341491,-0.15900699155049264,3.701394427225617,0.4316580845247402,3.936904692857307,378354.72422418365,42900000.0,112.66629111236296,0,,0,0,0.05
1781640668,2.745,1.6421454462582377,9.0,6.0,-6.736129822582776e-05,50.916666666666664,120.47925017289168,489.0,0.0,0.003669899083053005,-0.15164001263934518,3.701394427225617,0.4299220766870295,4.089228077355357,362022.0573511789,42900000.0,0.0,0,,0,0,0.075
1781640728,2.725,1.6419627482579093,9.0,3.0,8.530579251608864e-05,53.126666666666665,123.54451541403563,489.0,0.0,0.004626568407134454,-0.164227922717113,3.701394427225617,0.44738936722339,4.089228077355357,383188.8663831179,47699999.99999999,0.0,0,,0,0,0.045
1781640788,2.6883333333333335,1.6606817542469987,9.0,2.0,0.00028430634529540616,53.44166666666667,123.5051278175211,489.0,297.0,0.005481709671415767,-0.15162093991922057,3.701394427225617,0.4484698401779637,4.089228077355357,383188.651524645,47699999.99999999,148.49925750371247,0,,0,0,0.025
1781640848,2.665,1.6460381729068942,9.0,3.0,0.00012663924066455808,52.251666666666665,122.33210942848253,489.0,0.0,-0.003565537682049119,-0.10982558872627429,3.701394427225617,0.4372828792894153,4.089228077355357,278356.18220983294,47699999.99999999,0.0,0,,0,0,0.07
1781640908,2.7316666666666665,1.7008813075056772,9.0,4.0,0.0003179175497709692,51.825,123.8132506707851,489.0,0.0,-0.0031223697843605226,-0.060076275455945106,3.701394427225617,0.43178664551754586,4.089228077355357,211023.30462399137,47699999.99999999,0.0,0,,0,0,0.035
1781640968,2.695,1.7054740299009734,9.0,0.0,-0.00019769499359720844,51.28333333333333,122.64062563260003,489.0,0.0,-0.007369687138019845,-0.08157173821319356,3.701394427225617,0.42583412284083977,4.089228077355357,279857.760715499,47699999.99999999,0.0,0,,0,0,0.03
1781641028,2.67,1.7169061321652581,9.0,7.0,-6.516684768568546e-05,50.958333333333336,123.03607843727067,489.0,0.0,-0.009950166528240347,-0.05109823509659172,3.701394427225617,0.421585330863687,4.089228077355357,279857.74318740977,47699999.99999999,0.0,0,,0,0,0.04
1781641088,2.6666666666666665,1.720142112992089,9.0,3.0,-0.0007030019527832002,50.13666666666666,122.8094784163213,489.0,0.0,-0.017587882188561624,0.006530504528461361,3.701394427225617,0.4131698880989052,4.089228077355357,279857.5187998913,47699999.99999999,0.0,0,,0,0,0.01
1781641148,2.6733333333333333,1.7029255872044309,9.0,2.0,-0.0008815580043277885,49.57333333333333,122.0995002264774,489.0,0.0,-0.014638596218322817,0.07007068886693152,3.701394427225617,0.40682913114223784,4.089228077355357,347190.28835937264,47699999.99999999,0.0,0,,0,0,0.0
1781641208,2.6133333333333333,1.6704756474995046,9.0,3.0,-0.0005145014291706389,49.431666666666665,122.67969947749664,489.0,369.0,-0.012863507954188785,0.09341500648071899,3.624695939180958,0.4042186929423709,4.089228077355357,289691.0059906459,47699999.99999999,122.99959000136666,0,,0,0,0.0
1781641268,2.5383333333333336,1.6638901873487792,9.0,3.0,-0.0007652521257003481,49.125,122.52124730701473,477.0,0.0,-0.018318911996977934,0.10847691256557068,3.624695939180958,0.4009414309646893,3.9386507938635154,309857.03414965817,47699999.99999999,0.0,0,,0,0,0.005
1781641328,2.545,1.706255647121302,9.0,2.0,-0.00034525095903044324,47.483333333333334,120.92001373727271,449.0,0.0,-0.0022792285534126186,0.17225524288977498,3.624695939180958,0.38783443510626553,3.6743831461600975,289690.77983394044,44400000.0,0.0,0,,0,0,0.015
1781641388,2.54,1.7005097275032959,9.0,6.0,-0.00021805616126711585,46.435,120.53129237532744,458.0,0.0,0.002723924233122959,0.19447385109425303,3.624695939180958,0.38016677957731143,3.8234047469254784,289691.377324964,44400000.0,0.0,0,,0,0,0.005
1781641448,2.598333333333333,1.7560364144541218,10.0,3.0,0.0001828060633501751,47.43,121.57507324009036,469.0,119.0,0.002273228536745948,0.23094644752266977,4.66868408050796,0.38865019468722295,3.8878614474503017,289690.7903204826,44400000.0,39.66653444488518,0,,0,0,0.0
1781641508,2.5616666666666665,1.695935500607916,10.0,3.0,0.0009294748040966773,46.97833333333333,120.32887377470499,469.0,0.0,0.0023200897780271397,0.2567397847067587,4.66868408050796,0.38547923637777975,3.8878614474503017,215689.7667190218,41300000.0,0.0,0,,0,0,0.01
1781641568,2.611666666666667,1.6795427618518348,10.0,3.0,0.0007841966227683974,47.04333333333334,120.68078329028013,469.0,0.0,0.0012230033972316086,0.3451035659029951,4.66868408050796,0.38664700326813434,3.8878614474503017,146855.27729213366,35600000.0,0.0,0,,0,0,0.01
1781641628,2.6033333333333335,1.6731175159630067,10.0,1.0,0.0007142242061783514,46.39,119.48484380874422,469.0,0.0,-0.002596340545390398,0.3539211851197779,4.66868408050796,0.3822110575558851,3.8878614474503017,199521.64912613004,35600000.0,0.0,0,,0,0,0.01
1781641688,2.635,1.7054153941684316,10.0,1.0,0.0004591957199881135,47.1,120.36034784485018,469.0,0.0,-0.004593957205436713,0.37289137765501085,4.66868408050796,0.38895155050250735,3.8878614474503017,330688.31495582755,40000000.0,0.0,0,,0,0,0.015
1781641748,2.6766666666666667,1.7479861428385395,10.0,3.0,0.000802446673462984,47.21,120.06128671085726,469.0,0.0,0.00043783454954046187,0.39645209435115636,4.66868408050796,0.3908235803482674,3.8878614474503017,319520.63704912417,40000000.0,0.0,0,,0,0,0.025
1781641808,2.7066666666666666,1.7646403473670083,10.0,4.0,0.0007979466609629519,46.538333333333334,118.65388825159596,469.0,0.0,-0.0006221406170572434,0.35828877407695786,4.66868408050796,0.3863499636078742,3.8878614474503017,319520.7195454161,40000000.0,0.0,0,,0,0,0.01
1781641868,2.8,1.7795130420052185,11.0,3.0,0.00034738985386070385,46.82,119.41502250554576,469.0,0.0,-0.0014608929469248546,0.3544285371124167,4.66868408050796,0.38981059783339184,3.8878614474503017,299354.3014302848,40000000.0,0.0,0,,0,0,0.015
1781641928,2.77,1.7645868260492785,11.0,3.0,2.5444515123653554e-05,47.413333333333334,119.4809572925977,469.0,257.0,0.0047295131375364955,0.2788646244244273,4.66868408050796,0.39517216755159057,3.8878614474503017,310354.36170912755,42200000.0,85.66638111206296,0,,0,0,0.005
1781641988,2.78,1.76774809668497,11.0,0.0,-0.00031833421759505106,47.645,118.98594724448206,469.0,0.0,0.0001073058536273916,0.2264489682961364,4.66868408050796,0.3973308957937911,3.8878614474503017,310354.24879360927,42200000.0,0.0,0,,0,0,0.0
1781642048,2.7533333333333334,1.7452284154867013,11.0,5.0,3.4833430092858026e-05,48.07833333333333,118.69015206503961,476.0,420.0,0.012940008166689403,0.1531844765035856,4.5393033778535745,0.40220262884663777,4.068279544940113,328854.3458060576,42200000.0,83.999832000336,0,,0,0,0.0
1781642108,2.7883333333333336,1.7635751251994405,11.0,5.0,0.0003724732568701574,48.0,119.27756145506441,476.0,0.0,0.007421353948205363,0.11540815782460537,4.5393033778535745,0.40239446722373134,4.068279544940113,328854.5886373509,42200000.0,0.0,0,,0,0,0.0
1781642168,2.7583333333333333,1.7540231532742727,11.0,3.0,4.8527912577534954e-05,48.795,119.41849232147145,476.0,0.0,0.01286028572301592,0.03987777535387409,4.5393033778535745,0.4097487289936441,4.068279544940113,382688.3522427373,42200000.0,0.0,0,,0,0,0.0
1781642228,2.7916666666666665,1.7468821431974804,11.0,4.0,-0.00010936141489281929,48.86833333333333,119.53319342574076,476.0,0.0,-0.0006516406990020226,0.0007596374146244263,4.5393033778535745,0.4105184189173245,4.068279544940113,330022.08371079474,42200000.0,0.0,0,,0,0,0.005
1781642288,2.816666666666667,1.7530132787733115,11.0,2.0,-0.00017444492901369318,48.97,119.01049995693657,476.0,0.0,0.0015868377412159656,-0.04332943387961814,4.5393033778535745,0.411637062635588,4.068279544940113,260688.83335521907,42200000.0,0.0,0,,0,0,0.005
1781642348,2.795,1.756789211411925,11.0,2.0,8.025022291728604e-05,48.655,118.46390156921223,476.0,0.0,0.0011019752832646963,-0.11335458706983886,4.5393033778535745,0.4094142488134783,4.068279544940113,228689.9834262839,42200000.0,0.0,0,,0,0,0.005
1781642408,2.7983333333333333,1.7476643143222772,11.0,3.0,0.0001475837432881723,48.538333333333334,118.75093766881263,476.0,0.0,-0.011031780643835204,-0.11423679383028457,4.5393033778535745,0.4085925147093207,4.068279544940113,228690.26869973858,42200000.0,0.0,0,,0,0,0.005
1781642468,2.783333333333333,1.7261871921151026,9.0,3.0,0.0004088344689846336,49.08,119.80420248611203,504.0,0.0,-0.007643576787713299,-0.12307056811216567,3.461680924425656,0.4129649922365942,4.2262177910373895,290355.9755158707,42200000.0,0.0,0,,0,0,0.015
1781642528,2.8033333333333332,1.731470152468384,9.0,2.0,-3.2222311728614273e-06,48.861666666666665,120.06321611504869,504.0,343.0,-0.0005708626968408365,-0.11234419944384096,3.461680924425656,0.41113551551255617,4.2262177910373895,306856.32762015244,42000000.0,171.49914250428748,0,,0,0,0.015
1781642588,2.8,1.7310882896798379,9.0,3.0,-0.0003063341842616276,48.723333333333336,120.52984466743311,504.0,0.0,-0.005894460817946768,-0.11470564737606827,3.461680924425656,0.4098879602558207,4.2262177910373895,306855.87376400054,42000000.0,0.0,0,,0,0,0.0
1781642648,2.79,1.6899408273664496,9.0,0.0,-0.0003868899635832302,47.958333333333336,120.42447120037062,504.0,0.0,0.0019037552882090966,-0.12025517153860804,3.451023426094758,0.4025020212641585,4.2262177910373895,288356.53844996967,42000000.0,0.0,0,,0,0,0.005
1781642708,2.7683333333333335,1.6925317984867785,9.0,2.0,5.830571751588162e-05,47.71666666666667,119.99730436787134,504.0,0.0,-0.007237131214253387,-0.13273685088170684,3.451023426094758,0.39992439524569,4.2262177910373895,288356.97919442086,42000000.0,0.0,0,,0,0,0.015
1781642768,2.7816666666666667,1.6923348434107899,9.0,3.0,-0.00043091786366073343,47.04833333333333,120.16589642610289,504.0,0.0,0.0016163100453056784,-0.1259613291758983,3.451023426094758,0.39370397154067643,4.2262177910373895,234523.35186582795,42000000.0,0.0,0,,0,0,0.005
1781642828,2.745,1.6822529536309336,9.0,3.0,-0.0005753627093408565,47.62166666666667,119.74280158137088,504.0,370.0,-0.0022971452698480094,-0.1480835827449517,3.451023426094758,0.39838860421734085,4.2262177910373895,306357.1977494155,43100000.0,123.33292222359259,0,,0,0,0.01
1781642888,2.7183333333333333,1.6640304150532292,9.0,4.0,-0.0004891958033216755,46.86666666666667,119.51822269242274,504.0,0.0,-0.0026557295992489156,-0.16432121784508055,3.586393280594248,0.3919422607015927,4.2262177910373895,244523.63663786347,43100000.0,0.0,1,1792.0,1,0,0.005
1781642948,2.6783333333333332,1.6395722680693958,9.0,4.0,-0.0006704740846502351,47.428333333333335,121.07293200335444,504.0,111.0,0.0023875344098178287,-0.1892348450770222,3.586393280594248,0.39598773343280336,4.2262177910373895,220356.07253871876,43100000.0,27.74993062517344,1,1732.0,1,0,0.0
1781643008,2.6433333333333335,1.6348666272478893,9.0,3.0,-0.0005808349467637422,48.865,122.55961858758101,504.0,0.0,0.004222428395634462,-0.16815123342302044,3.586393280594248,0.40695104595395937,4.2262177910373895,248356.6772554575,43100000.0,0.0,1,1672.0,1,0,0.0
1781643068,2.6283333333333334,1.6462676642096274,9.0,3.0,-0.00028436190100528255,48.47,121.9342272156045,475.0,368.0,0.009640749002080546,-0.11928536907923538,4.257573345980449,0.40280687750322625,3.992739238561067,329856.86666789633,44400000.0,122.66625777914074,1,1612.0,1,0,0.0
1781643128,2.6066666666666665,1.6427483745912586,9.0,2.0,-0.00034327873132980924,47.45666666666666,120.85280905115759,475.0,0.0,0.005824738402051116,-0.07252186311155741,4.257573345980449,0.39389896564805643,3.992739238561067,243021.89291174043,44400000.0,0.0,1,1552.0,1,0,0.0
1781643188,2.635,1.6294503163132448,9.0,1.0,-3.8694551929309384e-05,47.58,120.73865826652208,475.0,413.0,0.0025291181364392274,0.00471297425893565,4.257573345980449,0.394780858445934,3.992739238561067,243022.16593567916,44400000.0,412.99587004129955,1,1492.0,1,0,0.005
1781643248,2.6983333333333333,1.7099699477541184,9.0,3.0,0.0006566407128908712,47.74166666666667,120.23850574540955,475.0,91.0,0.006436267878521906,0.1014074503066377,4.257573345980449,0.3962471842936035,3.992739238561067,243021.8228279156,44400000.0,30.333232222559257,1,1432.0,1,0,0.01
1781643308,2.723333333333333,1.741681818115914,10.0,6.0,0.0012933369259359078,48.891666666666666,119.5605004334161,475.0,188.0,0.005663043508454281,0.16371260191966336,4.653869902576122,0.4059119413026906,3.992739238561067,243021.4584122757,44400000.0,31.33328111119815,1,1372.0,1,0,0.015
1781643368,2.7916666666666665,1.7818334814329748,10.0,3.0,0.0016628657301825849,49.05,119.81723929941523,475.0,0.0,0.005728960358223228,0.20348630173796828,4.653869902576122,0.4074037871367178,3.992739238561067,259021.04822236433,44400000.0,0.0,1,1312.0,1,0,0.015
1781643428,2.7733333333333334,1.806088468363484,10.0,4.0,0.0008918913663649082,49.265,121.3090053334871,475.0,166.0,0.006092600257222929,0.19538713983472145,4.653869902576122,0.4088097413940945,3.992739238561067,362352.87282179896,44400000.0,41.499896250259376,1,1252.0,1,0,0.02
1781643488,2.82,1.7797752667120643,10.0,4.0,0.0010180028277856322,49.77,121.73333054947058,475.0,0.0,-0.0022260061833504863,0.22297816989575697,4.653869902576122,0.41232604874677053,3.992739238561067,362352.63624241593,44400000.0,0.0,1,1192.0,1,0,0.01
1781643548,2.8716666666666666,1.78751146072472,10.0,3.0,0.0006892519145886542,49.44833333333333,121.81458860589,460.0,0.0,0.00010819474498547262,0.25464654941062614,4.653869902576122,0.4091789516095473,3.786392339870693,362353.4175780826,44400000.0,0.0,1,1132.0,1,0,0.03
1781643608,2.8833333333333333,1.7784981179510861,10.0,1.0,6.833352314867627e-05,49.346666666666664,122.03802613211268,454.0,0.0,0.013738204828346735,0.22043779496755064,4.653869902576122,0.4085092740115031,3.767310087510996,334352.5014013504,44400000.0,0.0,1,1072.0,1,0,0.025
1781643668,2.881666666666667,1.760964855476174,10.0,1.0,-0.0003338064827957814,48.775,119.98976779292474,454.0,0.0,0.008264939624832275,0.16249628699545698,4.653869902576122,0.4039432141598581,3.767310087510996,231852.07774025618,41200000.0,0.0,1,1012.0,1,0,0.015
1781643728,2.888333333333333,1.7680112807583803,10.0,3.0,-0.0011153642093450252,49.52,120.98032732638808,462.0,0.0,-0.000949391526087538,0.10756519984115026,4.653869902576122,0.4102825405389526,3.845717155621023,231853.3823482875,41200000.0,0.0,1,952.0,1,0,0.0
1781643788,2.88,1.8199633695947472,10.0,1.0,-0.0011365587126630954,50.585,122.24420684978627,499.0,0.0,0.0019495331931477526,0.042398815883744376,4.653869902576122,0.41863789854445876,4.140673036007783,348354.11604705494,42600000.0,0.0,1,892.0,1,0,0.03
1781643848,2.84,1.7571947340386989,10.0,0.0,-0.0006018905608071117,50.735,122.95899631584507,499.0,0.0,0.002304478623551728,-0.0407196740740523,4.653869902576122,0.4191748400309095,4.140673036007783,348353.91491125635,42600000.0,0.0,1,832.0,1,0,0.01
1781643908,2.8033333333333332,1.705282641936195,8.0,3.0,-0.00029850082916897,50.05833333333333,124.91145502804065,499.0,0.0,0.002210756140989324,-0.10973304851641624,2.8375527072789524,0.4124812455625,4.140673036007783,348354.17382781004,42600000.0,0.0,1,772.0,1,0,0.05
1781643968,2.7716666666666665,1.697899846542454,8.0,2.0,0.0004081400226111739,50.425,124.51931995343801,499.0,0.0,0.005168708801968907,-0.12787267436710564,2.9614290679789144,0.4137990714136915,4.140673036007783,404521.2990457643,43300000.0,0.0,1,712.0,1,0,0.0
1781644028,2.8466666666666667,1.6901150519680277,8.0,0.0,0.00017900049722360247,50.685,124.2169303074263,499.0,0.0,0.006356045433459607,-0.08607912585197362,2.9614290679789144,0.4144574976369812,4.140673036007783,229355.44415221323,43300000.0,0.0,1,652.0,1,0,0.01
1781644088,2.828333333333333,1.6937720888268555,8.0,4.0,0.0005365848238467303,51.03,124.88661163898502,499.0,445.0,0.004390345528737505,-0.09666990468115172,2.9614290679789144,0.41629221101885006,4.140673036007783,229355.09976870625,43300000.0,111.24972187569531,1,592.0,1,0,0.02
1781644148,2.848333333333333,1.6749121038297967,8.0,3.0,0.000907696965824902,50.61833333333333,124.4607675690974,499.0,0.0,-0.002205811682810263,-0.08509745134729908,2.9691496050542834,0.41217392471189257,4.140673036007783,229354.68334329416,43300000.0,0.0,1,532.0,1,0,0.015
1781644208,2.868333333333333,1.6855257999277917,8.0,2.0,0.0006620296167489368,49.925,122.54247987942793,499.0,0.0,0.00014469484637456495,-0.07436543014730793,2.9691496050542834,0.40552918482265504,4.140673036007783,229354.40395069614,43300000.0,0.0,1,472.0,1,0,0.005
1781644268,2.925,1.7047116080635654,9.0,1.0,0.0008169189358859321,50.00666666666667,124.19426968351729,499.0,0.0,-0.012235422876174587,-0.04159781395323102,3.5553133067524816,0.4055511022690559,4.140673036007783,188687.71534285002,43300000.0,0.0,1,412.0,1,0,0.03
1781644328,2.953333333333333,1.6746608280152995,9.0,5.0,0.00029394526095905937,50.31333333333333,124.77443042903018,499.0,0.0,-0.012431145642071227,-0.025914555349799428,3.5553133067524816,0.40684113916855635,4.140673036007783,268686.4188185921,47999999.99999999,0.0,1,352.0,1,0,0.02
1781644388,2.97,1.642893788411168,9.0,6.0,0.00022533395926099695,48.79,123.25285351666305,480.0,0.0,-0.012469756860435822,-0.016747776580047245,3.5553133067524816,0.3936880513907685,3.883862265669692,198184.62265878601,47999999.99999999,0.0,1,292.0,1,0,0.005
1781644448,2.993333333333333,1.6472063892812245,9.0,2.0,0.00037466770741029535,48.46,123.18205388773157,480.0,0.0,-0.009571415476154126,-0.002912877962916863,3.5553133067524816,0.39073151898604985,3.883862265669692,198185.5937290796,47999999.99999999,0.0,1,232.0,1,0,0.005
1781644508,3.0933333333333333,1.7353065691366725,9.0,4.0,0.0008626135072597439,48.99333333333333,123.20558681416286,480.0,0.0,-0.0074040205667238014,0.05569147112626723,3.6361400029363127,0.39523525737216897,3.883862265669692,198185.45394516306,47999999.99999999,0.0,1,172.0,1,0,0.02
1781644568,3.3316666666666666,1.899560621711125,10.0,2.0,0.002771979922166456,48.17166666666667,123.423818057492,480.0,0.0,-0.00487454131817039,0.18759704047606748,3.9655101488578515,0.3893186642693189,3.883862265669692,126017.16234993914,47999999.99999999,0.0,1,112.0,1,0,0.01
1781644628,3.7466666666666666,2.3293394390303495,15.0,5.0,0.0059596276656324,48.19833333333333,124.46241332448747,480.0,0.0,0.004662262950730401,0.38122550131111493,6.238189045828098,0.3901141694246446,3.883862265669692,126016.13480993718,47999999.99999999,0.0,1,52.0,1,0,0.315
1781644688,4.663333333333333,3.6143218205110377,25.0,10.0,0.012700146389295525,48.265,124.50470449612203,480.0,0.0,0.011610226695074161,0.6908950269588172,6.238189045828098,0.3906357779357024,3.883862265669692,126014.93887683042,47999999.99999999,0.0,0,,0,1,0.535
1781644748,5.995,5.143439996733703,25.0,12.0,0.021616587823855064,48.818333333333335,125.15147620872166,480.0,333.0,0.010359945444293002,0.9655614988479173,6.238189045828098,0.39495839838930974,3.883862265669692,126013.43491820936,47999999.99999999,27.74997687501927,0,,0,0,0.425
1781644808,7.1466666666666665,5.744140976295372,25.0,7.0,0.02558551551532088,48.11666666666667,124.89875788902874,480.0,0.0,0.0033735093708593656,1.1511475791344743,6.238189045828098,0.38891286730259755,3.883862265669692,126011.61862378806,47999999.99999999,0.0,0,,0,0,0.42
1781644868,7.575,5.687797611261029,25.0,2.0,0.021522309784193852,48.955,124.67125961904772,480.0,0.0,0.003129869805193854,1.1712082223369558,6.238189045828098,0.3952505313764404,3.883862265669692,126010.8175405513,47999999.99999999,0.0,0,,0,0,0.375
1781644928,7.6883333333333335,5.621790689411654,25.0,4.0,0.012992286089683586,47.97666666666667,123.43756636003842,473.0,0.0,-1.583337731497852e-05,1.1456299249062305,6.238189045828098,0.387520268249586,3.8577063857817135,46010.45734831003,27599999.999999996,0.0,0,,0,1,0.585
1781644988,7.65,5.6480822704112,25.0,2.0,0.003281231336753713,48.90833333333333,123.3614199438202,473.0,0.0,-0.003742871507976425,1.0855891755255473,6.238189045828098,0.39517637590613386,3.8577063857817135,11.659977930556456,435.9956400435995,0.0,0,,0,1,0.505
1781645048,7.586666666666667,5.700218319405748,25.0,2.0,-0.006263350731529811,48.98,122.51507227004086,473.0,0.0,-0.004232678424106721,1.014392453710668,6.238189045828098,0.39570499899943434,3.8577063857817135,11.757893519802947,392.9960700392996,0.0,0,,0,0,0.29
1781645108,7.431666666666667,5.794997603297366,25.0,1.0,-0.015291292475812429,47.998333333333335,121.36990976853457,473.0,0.0,-0.007553048758468785,0.9031063566329328,6.238189045828098,0.3877669720467751,3.8577063857817135,62012.12897843607,37200000.0,0.0,0,,0,0,0.275
1781645168,7.138333333333334,5.947761250158658,25.0,3.0,-0.022107366964908254,48.71,120.1604728408362,473.0,0.0,-0.0073996316656435605,0.729104307300998,6.238189045828098,0.3938490712695686,3.8115671885487834,132013.3858269695,42000000.0,0.0,0,,0,0,0.245
1781645228,6.665,6.065155260447447,25.0,2.0,-0.026186489406915033,48.785,120.98834148379753,476.0,0.0,0.00226992297200825,0.49778511931374925,5.975568080329545,0.3954971575393525,3.943505786436828,132015.58437930033,42000000.0,0.0,0,,0,0,0.195
1781645288,5.736666666666666,5.7373619567029435,24.0,5.0,-0.023884510790307786,48.775,121.43745046319113,476.0,442.0,0.009662610173917157,0.17373970373224823,4.656661319889707,0.39691314593630334,3.943505786436828,132017.49980422526,42000000.0,88.39982320035361,0,,0,0,0.18
1781645348,4.33,4.371243148884155,23.0,4.0,-0.01509781971616589,48.763333333333335,120.67069786084036,476.0,0.0,0.013612371145475408,-0.12095024602586311,3.2417183516928794,0.3983751846525551,3.943505786436828,270351.9126289578,43000000.0,0.0,0,,0,0,0.16
1781645408,3.14,2.47192232887686,16.0,2.0,-0.0057009602804452214,49.73166666666667,122.05721198365225,476.0,0.0,0.007227047852910764,-0.31462068934338283,1.9125668839431638,0.4076191254972555,3.943505786436828,410853.10934465897,43300000.0,0.0,0,,0,0,0.055
1781645468,2.6033333333333335,1.7095775956520827,10.0,1.0,-0.0016320600890558025,49.615,121.81102895468867,476.0,0.0,0.012394784429956758,-0.3721647990448106,3.577480668576693,0.4076448616456194,3.943505786436828,496187.7123841099,43300000.0,0.0,0,,0,0,0.0
1781645528,2.4433333333333334,1.6052379539771944,9.0,4.0,-0.00035283431342865315,51.086666666666666,121.75179323342863,476.0,0.0,0.010421751171530982,-0.31430242692383925,3.577480668576693,0.4203123614311487,3.943505786436828,634022.9639162251,43300000.0,0.0,0,,0,0,0.01
1781645588,2.401666666666667,1.6063407345751883,9.0,2.0,-0.00041002891674699104,51.18333333333333,122.83220148732262,476.0,329.0,0.011385531626476758,-0.24197817642387348,3.577480668576693,0.42169950586892435,3.943505786436828,634023.4250200627,43300000.0,164.49917750411248,0,,0,0,0.02
1781645648,2.3939899833055094,1.6070682584171254,9.0,3.0,-0.00020315324832846174,50.81803005008347,123.58908681362125,476.0,0.0,0.004365993055517499,-0.15306002374259636,3.577480668576693,0.4189114799201262,3.943505786436828,635081.5101789417,43300000.0,0.0,0,,0,0,0.0
1781645708,2.4123539232053424,1.6339207845437533,9.0,5.0,-0.00035076433189659435,51.87312186978297,125.17619206757225,476.0,0.0,-0.0026159676053178218,-0.06193370374715782,3.577480668576693,0.4270025449841908,3.943505786436828,575482.532021639,43300000.0,0.0,0,,0,0,0.04
1781645768,2.382303839732888,1.6052150094445887,9.0,1.0,-0.0006258226967951378,51.85976627712855,125.78842652522378,476.0,0.0,-0.0011028962688328225,-0.010602483539330788,3.577480668576693,0.42580095722297057,3.943505786436828,519389.3707497532,43300000.0,0.0,0,,0,0,0.025
1781645828,2.385642737896494,1.6189180663081382,10.0,0.0,-0.00040985340011149993,51.14691151919867,124.18369903018088,470.0,9.0,-0.00353832849813257,0.05546773651653823,5.025224707787188,0.4186665752971304,3.9287902532521763,531909.1955814684,43300000.0,899999.9999999999,0,,0,0,0.005
1781645888,2.332220367278798,1.579759362770049,10.0,4.0,-3.9485921610664485e-05,50.784641068447414,122.78998737476743,470.0,0.0,-0.006475926365454354,0.09162912990582255,5.025224707787188,0.4142329540529505,3.9287902532521763,597685.9986039472,43300000.0,0.0,0,,0,0,0.01
1781645948,2.345575959933222,1.5747728332313555,10.0,4.0,0.00017667440710542555,51.230383973288816,123.81537636359862,474.0,0.0,-0.003405671426754736,0.1363952258567319,5.025224707787188,0.4165555708624877,3.846969414851054,459123.5067100257,43300000.0,0.0,0,,0,0,0.005
1781646008,2.317195325542571,1.567476672482288,10.0,3.0,0.00015496897885990864,50.919866444073456,123.7354747117917,474.0,344.0,-0.005988734196837847,0.16505033051596504,5.025224707787188,0.4132231243085276,3.846969414851054,490176.1448719161,42300000.0,114.66628444571852,0,,0,0,0.0
1781646068,2.325542570951586,1.5383355045790505,10.0,4.0,-5.081263376520169e-05,50.33722871452421,123.31484386532166,474.0,0.0,-0.00989137746385872,0.2037934954463641,5.025224707787188,0.40801792384419716,3.8238050843375744,467137.18089030165,42300000.0,0.0,0,,0,0,0.0
1781646128,2.367278797996661,1.517399731110598,10.0,3.0,0.00038429905355513586,50.54424040066778,124.52761209066837,474.0,339.0,0.003968189395294352,0.23254180849510384,5.025224707787188,0.4088800616214417,3.8238050843375744,329073.1868042318,42300000.0,112.99962333458888,0,,0,0,0.01
1781646188,2.4056761268781304,1.5180718270450195,10.0,6.0,0.0004025474799819827,49.8313856427379,123.05222346392426,474.0,0.0,0.0003949406521702199,0.25869070522606163,5.025224707787188,0.4023592802202813,3.8238050843375744,354781.5683976902,42300000.0,0.0,0,,0,0,0.02
1781646248,2.421666666666667,1.533144010051096,10.0,2.0,0.0006378628829524528,50.2,123.31517884402282,474.0,0.0,-0.005630904530290281,0.27066858388343695,5.025224707787188,0.40509688912743685,3.8238050843375744,354189.7587367414,42300000.0,0.0,0,,0,0,0.01
1781646308,2.47,1.5510534054850165,10.0,1.0,0.0010683363009341682,49.748333333333335,121.60751757418436,474.0,0.0,-0.0039334831485643585,0.30301929936111954,5.025224707787188,0.40215713145985404,3.8238050843375744,351689.42715580214,42300000.0,0.0,0,,0,0,0.01
1781646368,2.5483333333333333,1.5655661027954784,10.0,4.0,0.0010518084772457696,48.766666666666666,121.57618553355296,474.0,0.0,-0.006951685976905481,0.3534205662898633,5.025224707787188,0.3952682710751265,3.8238050843375744,389854.5471696286,42300000.0,0.0,0,,0,0,0.01
1781646428,2.525,1.557575573340397,8.0,1.0,0.000770696585268289,49.196666666666665,121.65281743095345,474.0,0.0,-0.006888908024744497,0.33928399881040705,3.965198571194544,0.39961956107423013,3.8539479301949036,459854.89882976137,42300000.0,0.0,0,,0,0,0.01
1781646488,2.565,1.5913647183052246,10.0,2.0,0.0006083628010077777,49.03333333333333,121.40329027208813,474.0,73.0,-0.0091248031244533,0.3650679483208173,5.096605199109825,0.39934435944266133,3.8539479301949036,394187.4505081324,42300000.0,36.49981750091249,0,,0,0,0.02
1781646548,2.591666666666667,1.59528384795796,10.0,2.0,0.0007458631829532842,48.056666666666665,119.83135422565981,467.0,0.0,-0.006071127975355486,0.3813372619398235,5.096605199109825,0.3922978025731345,3.8539479301949036,394186.85952431324,42300000.0,0.0,0,,0,0,0.015
1781646608,2.705,1.6333937063672066,10.0,0.0,0.0008888080244667358,48.59166666666667,120.32246228595703,467.0,0.0,-0.0017380326056461246,0.4512794776941192,5.096605199109825,0.39771601730204525,3.8539479301949036,222687.46055073992,37400000.0,0.0,0,,0,0,0.035
1781646668,2.8,1.6703293088490065,10.0,4.0,0.0008076133544815419,48.858333333333334,119.7504833555543,467.0,0.0,-0.005551709865860739,0.4999430150794232,5.096605199109825,0.4008405767909902,3.8578910171091576,160354.63829781552,34700000.0,0.0,0,,0,0,0.03
1781646728,2.8266666666666667,1.69507784154265,10.0,2.0,0.0009810582807174434,48.195,118.36201660583517,467.0,0.0,0.0072068255745154864,0.45467549222594966,5.096605199109825,0.39704075143981443,3.8578910171091576,160354.26958520396,34700000.0,0.0,0,,0,0,0.03
1781646788,2.8733333333333335,1.718707524727682,10.0,4.0,0.0009026691740810394,48.76166666666666,120.28543080476906,467.0,0.0,0.0061373226036739,0.419174388288988,5.096605199109825,0.4033221670332991,3.8578910171091576,134688.2003854657,34700000.0,0.0,0,,0,0,0.03
1781646848,2.8716666666666666,1.721006649867713,10.0,2.0,0.0003597509993083312,49.07666666666667,119.1034317538985,467.0,0.0,0.010075250209028393,0.3554132675740096,5.096605199109825,0.407405351755007,3.8578910171091576,134688.0427004562,34700000.0,0.0,0,,0,0,0.015
1781646908,2.85,1.7226433176952214,10.0,6.0,0.00022794507762521584,48.50333333333333,119.12834810498391,467.0,0.0,0.0033183425509515072,0.27876083469761204,5.096605199109825,0.40355013140862395,3.8578910171091576,134688.24677935248,34700000.0,0.0,0,,0,0,0.005
1781646968,2.841666666666667,1.7549730925445994,10.0,2.0,0.00025358403773343655,50.48166666666667,120.15647990803029,508.0,0.0,0.008376551045975143,0.21105483277100776,5.096605199109825,0.4203662085228135,4.229059504516314,103856.38129563312,34700000.0,0.0,0,,0,0,0.005
1781647028,2.868333333333333,1.7524260960800093,10.0,2.0,-0.0006025850071805749,50.215,119.3226666438527,508.0,0.0,0.007385437181769941,0.16740351688425595,5.096605199109825,0.41892398751819143,4.229059504516314,132189.13063513715,33900000.0,0.0,0,,0,0,0.005
1781647088,2.8516666666666666,1.7396351788681315,8.0,1.0,-0.001154642096228041,50.516666666666666,120.36171756649019,508.0,264.0,0.0038395106653074233,0.09615548921067779,3.7288404256355085,0.4221779903584016,4.229059504516314,210356.59409583188,46899999.99999999,263.99736002639975,0,,0,0,0.025
1781647148,2.85,1.7853571071357126,11.0,2.0,-0.001293448037355663,50.68,120.86138451410636,508.0,0.0,-0.0044257900716391085,0.03401411872231849,4.603857064157455,0.4239378213397594,4.229059504516314,302521.8987939292,46899999.99999999,0.0,0,,0,0,0.02
1781647208,2.7783333333333333,1.784898845562092,11.0,2.0,-0.0010456973491593054,50.6,119.74721987030289,508.0,0.0,-0.00022583396064992922,-0.06976018695734104,4.603857064157455,0.42316175097630676,4.229059504516314,375854.5624953693,46899999.99999999,0.0,0,,0,0,0.02
1781647268,2.6966666666666668,1.7353161735609515,11.0,0.0,-0.0009352248200689487,50.903333333333336,120.75689347702775,508.0,191.0,-0.001492004144455978,-0.1650554278592784,4.603857064157455,0.4257050803068156,4.229059504516314,407688.29210385703,46899999.99999999,19100000.0,0,,0,0,0.035
1781647328,2.645,1.6996985026762836,11.0,2.0,-0.0007671410198361652,50.63666666666666,121.51989407317451,508.0,231.0,-0.0008335023152841831,-0.1866986708852356,4.603857064157455,0.42294446997595975,4.229059504516314,434854.9534001713,46899999.99999999,115.49942250288748,0,,0,0,0.02
1781647388,2.5933333333333333,1.6737051379764862,11.0,2.0,-0.00039838999552776946,50.458333333333336,120.92077956478596,508.0,0.0,-0.0023238675662987595,-0.15780485758162235,4.603857064157455,0.4206721116837748,4.229059504516314,503521.3752316456,46899999.99999999,0.0,0,,0,0,0.0
1781647448,2.5966666666666667,1.6655296121320957,11.0,4.0,-0.0003433342870396875,50.343333333333334,121.54983390454396,508.0,0.0,-3.6333434259515404e-05,-0.09674710720557958,4.603857064157455,0.41892534318030994,4.229059504516314,503523.1809245116,46899999.99999999,0.0,0,,0,0,0.0
1781647508,2.5733333333333333,1.6445735685040734,11.0,5.0,-0.0003724454790152206,51.471666666666664,122.33020557990663,508.0,0.0,-0.005172819924499737,-0.05109857086287866,4.603857064157455,0.4273324638561571,4.229059504516314,503523.034429443,46899999.99999999,0.0,0,,0,0,0.03
1781647568,2.5416666666666665,1.6046590153535907,11.0,3.0,-0.00017091714143650363,50.6,122.489047129393,469.0,0.0,0.008817302270284069,-0.010364521039467339,4.603857064157455,0.4193139210983249,3.954704167066861,482190.916135256,46899999.99999999,0.0,0,,0,0,0.0
1781647628,2.5116666666666667,1.5936950426254353,11.0,2.0,-0.00043308453634593574,50.87833333333333,123.7763043985219,469.0,290.0,0.006863824621735098,0.030783839806897077,4.603857064157455,0.4204355591697909,3.954704167066861,371358.55171084666,46899999.99999999,144.99927500362497,0,,0,0,0.005
1781647688,2.5383333333333336,1.5911831726388037,11.0,5.0,-0.00023213953372093276,50.166666666666664,122.02228849226229,464.0,0.0,-0.0019745610404474554,0.10749555973046142,4.603857064157455,0.4132811621204891,3.8282044576853065,293190.82833581214,44000000.0,0.0,0,,0,0,0.0
1781647748,2.545,1.529043818861971,9.0,1.0,0.00028936191489420713,50.39,121.6379103459663,464.0,285.0,-0.006390295528598691,0.17423101587710027,3.810219013809881,0.4144340651410468,3.807359665277826,201025.96651184713,44000000.0,284.9971500284997,0,,0,0,0.03
1781647808,2.5166666666666666,1.4786442739512735,8.0,3.0,0.00013883371898255005,49.531666666666666,121.83611532391461,464.0,21.0,-0.009638721218670087,0.21761652663513786,3.810219013809881,0.40713002361289324,3.807359665277826,127691.85707746763,41200000.0,6.999976666744444,0,,0,0,0.015
1781647868,2.546666666666667,1.521344434665894,8.0,3.0,0.000163056008488912,49.69166666666667,123.41847483482996,486.0,0.0,-0.005113930872030139,0.29394620961332,4.039107719235534,0.4075161487524079,3.963863689392579,95859.27748425699,41200000.0,0.0,0,,0,0,0.01
1781647928,2.565,1.5542763589529374,8.0,5.0,0.00028686190794974167,50.93,124.95845349555185,486.0,417.0,0.00584357178769942,0.35631224338309114,4.039107719235534,0.4167607343176293,3.963863689392579,71692.93003859505,41200000.0,83.3998332003336,0,,0,0,0.065
1781647988,2.57,1.5647470509105723,8.0,0.0,0.00026522295895266447,50.415,123.60239793385887,486.0,0.0,-0.0024184233845093786,0.36209465597893936,4.039107719235534,0.4117100631899498,3.963863689392579,17526.44587092194,8700000.0,0.0,0,,0,0,0.025
1781648048,2.5766666666666667,1.5633688695321466,8.0,0.0,0.00044322345339847943,50.431666666666665,124.22644108195682,486.0,0.0,-0.000780585501626467,0.36921763466398855,4.039107719235534,0.41103786703410433,3.963863689392579,70358.19649959517,31699999.999999996,0.0,0,,0,0,0.025
1781648108,2.5483333333333333,1.5919580885047053,8.0,2.0,-9.70280473001318e-05,50.33,123.27947017515393,486.0,0.0,0.005875182986619318,0.35280772663708193,4.039107719235534,0.40973639465574824,3.963863689392579,239357.58514070805,31699999.999999996,0.0,0,,0,0,0.03
1781648168,2.56,1.6061548285683211,8.0,2.0,-7.7166881019115e-05,49.528333333333336,122.4438069642107,486.0,0.0,0.005547543187619887,0.36066760964920835,4.039107719235534,0.40308130597558106,3.963863689392579,239355.84124576638,31699999.999999996,0.0,0,,0,0,0.01
1781648228,2.638333333333333,1.6209659328793913,8.0,2.0,1.9027830632861557e-05,49.43333333333333,121.94831783268772,486.0,0.0,0.0079305220292279,0.4076600836390478,4.039107719235534,0.40268988847060766,3.963863689392579,239355.002979484,31699999.999999996,0.0,0,,0,0,0.02
1781648288,2.6633333333333336,1.6350297312961077,8.0,5.0,0.0005147236520101431,50.19833333333333,122.85413707817177,486.0,52.0,0.001617810049472322,0.4158448507514755,4.039107719235534,0.409352503242429,3.963863689392579,239354.96725791146,31699999.999999996,10.399979200041601,0,,0,0,0.025
1781648348,2.695,1.6818566129925185,8.0,3.0,0.001151142086505795,50.56,122.86621341931232,486.0,322.0,0.002704840846780142,0.39012567791989133,4.039107719235534,0.41223538153485856,3.963863689392579,336187.05449246196,39100000.0,107.33297555674814,0,,0,0,0.04
1781648408,2.7883333333333336,1.7117818851191942,8.0,3.0,0.0011784199400553888,50.25666666666667,121.97229516939036,486.0,0.0,-0.013332092589146112,0.38376327034646646,4.039107719235534,0.4094533260733834,3.963863689392579,408520.45676613925,43400000.0,0.0,0,,0,0,0.03
1781648468,2.85,1.7148858076657272,8.0,5.0,0.0015051152919869218,49.89,120.80993847086145,480.0,0.0,-0.010775752154867015,0.3554645502261998,3.873876887252256,0.407181096422485,3.9613960944764353,408519.20914137055,43400000.0,0.0,0,,0,0,0.015
1781648528,2.9466666666666668,1.739872281391814,9.0,6.0,0.0020986724963124887,47.94166666666667,118.5743013074737,480.0,0.0,-0.00554937652604589,0.34821300079785866,3.873876887252256,0.3923603374218565,3.9613960944764353,405518.3686709348,43400000.0,0.0,1,1792.0,1,0,0.025
1781648588,3.0183333333333335,1.7391560852577002,9.0,2.0,0.002017422270617421,48.611666666666665,119.72152771002474,480.0,0.0,-0.008568384912180312,0.3277256700962695,3.873876887252256,0.39929693473088446,3.9613960944764353,391018.1542334817,43400000.0,0.0,1,1732.0,1,0,0.01
1781648648,3.1133333333333333,1.7617667899646146,10.0,4.0,0.002232672868535747,48.205,118.91529047323282,480.0,0.0,-0.006688157467104162,0.3198057088463902,4.0249326766757285,0.39747936142699614,3.9613960944764353,338184.5080405824,43400000.0,0.0,1,1672.0,1,0,0.015
1781648708,3.236666666666667,1.7283871737033407,10.0,4.0,0.0014677818549495934,47.60166666666667,118.81960976155784,480.0,295.0,-0.002443423453954049,0.3320499848051624,4.0249326766757285,0.39408206440087545,3.9613960944764353,224017.5382994313,43400000.0,73.74981562546094,1,1612.0,1,0,0.005
1781648768,3.341666666666667,1.7247987000098173,10.0,5.0,0.0011613643371231608,47.99166666666667,117.55814843680079,480.0,0.0,-0.0029252581257170444,0.33211317681333635,4.0249326766757285,0.39882125009140473,3.9613960944764353,224017.45713156383,43400000.0,0.0,1,1552.0,1,0,0.005
1781648828,3.421666666666667,1.7608323473731267,10.0,3.0,0.00124153122647563,47.66833333333334,117.21698538986955,453.0,0.0,-0.001446809574471049,0.3172661097627201,4.0249326766757285,0.3976646174946528,3.8224380356274525,291017.531259542,43400000.0,0.0,1,1492.0,1,0,0.005
1781648888,3.5016666666666665,1.802774867314891,10.0,5.0,0.0011579198831107836,47.58,117.1330166946963,453.0,354.0,0.0029990638862885063,0.30702067692555274,4.0249326766757285,0.3985274108018993,3.8224380356274525,291017.696839646,43400000.0,70.7998584002832,1,1432.0,1,0,0.005
1781648948,3.5383333333333336,1.7847120838449606,10.0,3.0,0.0007895299709165833,46.68,115.90128385829037,453.0,0.0,0.005376348267634017,0.3081991462887351,4.0249326766757285,0.39283849227065704,3.8224380356274525,194184.21739762943,43400000.0,0.0,1,1372.0,1,0,0.0
1781649008,3.5366666666666666,1.7940611905828505,10.0,1.0,0.00016705601960005135,47.665,115.9207751368724,453.0,0.0,0.0016780879946888768,0.30664344926471776,4.0249326766757285,0.4030357305375764,3.8224380356274525,121850.69993125956,40200000.0,0.0,1,1312.0,1,0,0.015
1781649068,3.5366666666666666,1.8005523843778855,10.0,6.0,-0.0002909452526257029,47.843333333333334,116.1212675993889,458.0,0.0,0.0064454067927966355,0.30585279442010865,4.0249326766757285,0.4062897649595255,3.9680202789998478,170851.73727818424,40200000.0,0.0,1,1252.0,1,0,0.015
1781649128,3.5033333333333334,1.7962893852482553,10.0,4.0,-0.0003210564473790208,48.68333333333333,117.23493388159615,488.0,0.0,0.0026707851966254388,0.2861597277970326,4.0249326766757285,0.41446413345674255,4.195972554358553,230185.4367782116,40200000.0,0.0,1,1192.0,1,0,0.02
1781649188,3.5116666666666667,1.8247914644936525,10.0,2.0,-0.0006727518687551925,48.836666666666666,117.46085868161455,488.0,413.0,0.00848624579512709,0.2901948111875027,4.0249326766757285,0.41694884987640507,4.195972554358553,230186.180379845,40200000.0,206.49896750516245,1,1132.0,1,0,0.03
1781649248,3.4766666666666666,1.8455682653920504,10.0,3.0,-0.0007127797577215473,48.95166666666667,117.93808826621233,488.0,0.0,0.006718935330375896,0.26942351921816116,3.943458011637959,0.4185310736792328,4.195972554358553,230187.02859714994,40200000.0,0.0,1,1072.0,1,0,0.025
1781649308,3.465,1.8606741609785777,10.0,3.0,-0.0009675860210722845,49.565,118.67226202866448,488.0,0.0,0.007495104153067103,0.26161027054626973,3.943458011637959,0.42378655971624657,4.195972554358553,175354.73622344068,40200000.0,0.0,1,1012.0,1,0,0.035
1781649368,3.42,1.8466907338985235,10.0,4.0,-0.0009588915524765407,49.58166666666666,120.02520567456747,488.0,0.0,0.007413992816646628,0.23474406141248427,3.943458011637959,0.4235189179727685,4.195972554358553,175354.34256214247,40200000.0,0.0,1,952.0,1,0,0.03
1781649428,3.4183333333333334,1.8511250332943179,10.0,3.0,-0.00012258367384353886,49.405,119.29684673815427,488.0,0.0,0.0005772516034766192,0.23145761210203575,3.943458011637959,0.4212581466561974,4.195972554358553,108354.69389771305,35600000.0,0.0,1,892.0,1,0,0.03
1781649488,3.325,1.8401200142019722,10.0,5.0,-0.0001709171414365029,49.44833333333333,119.148495572635,488.0,0.0,0.00021225058958500035,0.17917806775329828,3.915973612833811,0.4207736280866374,4.195972554358553,213521.31659183613,35600000.0,0.0,1,832.0,1,0,0.03
1781649548,3.283333333333333,1.8582399079654799,10.0,0.0,-0.00020044500123611567,50.06,121.40156396576336,488.0,423.0,-0.005492515256986843,0.15576884090524218,3.915973612833811,0.424943894737024,4.195972554358553,345521.82658377895,42300000.0,42300000.0,1,772.0,1,0,0.075
1781649608,3.2683333333333335,1.9208497830098241,12.0,3.0,-0.0004369178803274451,49.39833333333333,122.0465198079086,488.0,0.0,-0.008976663824066249,0.14694713801213174,4.7806051886578915,0.41775544717637086,4.195972554358553,395521.9492175257,42300000.0,0.0,1,712.0,1,0,0.05
1781649668,3.26,1.9319420281157507,12.0,2.0,-0.0004558901552504345,49.42,121.70809449936625,488.0,0.0,-0.005331625921183122,0.14144468357484855,4.7806051886578915,0.4157494675162271,4.195972554358553,346521.6060841847,42300000.0,0.0,1,652.0,1,0,0.055
1781649728,3.205,1.9130189927616157,12.0,2.0,-0.0008186411628921175,49.708333333333336,121.53275250135476,503.0,0.0,0.0003043619565609799,0.11148649523816012,4.7806051886578915,0.41668709107855584,4.185503842092609,348354.8708920525,42300000.0,0.0,1,592.0,1,0,0.015
1781649788,3.1616666666666666,1.8935497235498082,12.0,2.0,-0.0008726968686024107,48.825,121.14281258773329,503.0,0.0,-0.0036322045339015336,0.0875150403058104,4.7806051886578915,0.40758260978620864,4.185503842092609,348353.76048381714,42300000.0,0.0,1,532.0,1,0,0.015
1781649848,3.098333333333333,1.8740323428965207,12.0,1.0,-0.0011753088203022822,49.295,120.33025932130843,503.0,0.0,-0.0008390301084169375,0.05342383071988383,4.7806051886578915,0.4101618324262815,4.185503842092609,465353.923949868,42300000.0,0.0,1,472.0,1,0,0.01
1781649908,3.1083333333333334,1.8565013391382785,12.0,4.0,-0.0007201964449901275,49.43,119.97819982535717,503.0,0.0,0.008320800891113617,0.05885939447932363,4.7806051886578915,0.4107978674559268,4.185503842092609,520186.8625380505,42300000.0,0.0,1,412.0,1,0,0.01
1781649968,3.118333333333333,1.8861770566118359,12.0,5.0,-0.00041580671057419655,49.81333333333333,120.83408110113452,503.0,0.0,0.012349923194231054,0.06404465060207369,4.7806051886578915,0.4136913626281617,4.185503842092609,520187.6353572094,42300000.0,0.0,1,352.0,1,0,0.01
1781650028,3.0483333333333333,1.8706497682772036,12.0,4.0,0.0003462509618082275,50.361666666666665,120.72209490073563,503.0,0.0,0.008697329714804717,0.025847652366008198,4.7806051886578915,0.4180012950881293,4.185503842092609,605520.3961713883,42300000.0,0.0,1,292.0,1,0,0.005
1781650088,3.1016666666666666,1.8800701819051566,12.0,0.0,0.0005059736277045222,50.846666666666664,122.00748538056543,503.0,37.0,0.013371870477417976,0.05419327706036025,4.7806051886578915,0.42154211282770626,4.185503842092609,506520.1505556312,42300000.0,3699999.9999999995,1,232.0,1,0,0.05
1781650148,3.1483333333333334,1.858224212042837,12.0,3.0,0.0009426415073375242,50.22833333333333,121.07292374386971,503.0,0.0,0.0057093769704916145,0.07917353006318556,4.7806051886578915,0.41586494926949796,4.185503842092609,374519.97053255304,41700000.0,0.0,1,172.0,1,0,0.03
1781650208,3.2016666666666667,1.8168646681088336,9.0,4.0,0.001282531340364828,50.696666666666665,121.44121206941607,503.0,0.0,-0.003032952869313604,0.10897506563878795,3.227290004961412,0.41947944686661987,4.185503842092609,324520.38565527264,41700000.0,0.0,1,112.0,1,0,0.05
1781650268,3.4383333333333335,2.001548705933039,13.0,5.0,0.0034606485018013927,51.373333333333335,123.12741620866663,507.0,0.0,0.004826791185531014,0.23317656417306384,5.517176258424094,0.42505814592262536,4.185503842092609,324519.55372285476,41700000.0,0.0,1,52.0,1,0,0.105
1781650328,3.841666666666667,2.3316511793624324,14.0,5.0,0.0058037105658626815,51.155,123.69569235965065,507.0,0.0,0.006816935602598937,0.4156615269787357,5.517176258424094,0.4222535251231616,4.168178722702703,263351.9437358364,41700000.0,0.0,0,,0,0,0.09
1781650388,4.29,2.677542405515426,18.0,6.0,0.008056189044969566,51.79333333333334,124.57146792994865,507.0,0.0,-0.003462509618082292,0.5532757788608503,5.999297257235468,0.4266486620953264,4.168178722702703,263351.0255578828,41700000.0,0.0,0,,0,0,0.42
1781650448,4.6466666666666665,2.706502458073067,18.0,7.0,0.008016688935247042,51.30833333333333,123.9810735444012,507.0,0.0,-0.005133597593326612,0.6538685700108089,5.999297257235468,0.421766688412917,4.168178722702703,146348.84841286225,33399999.999999996,0.0,0,,0,0,0.36
1781650508,4.781666666666666,2.6995056131735593,18.0,1.0,0.006686879685776905,51.05833333333333,123.89014595151984,507.0,0.0,-0.0010705863071842404,0.6604150689287387,5.999297257235468,0.41808348587851857,4.168178722702703,91514.95593108122,33399999.999999996,0.0,0,,0,0,0.325
1781650568,4.915,2.6865917069774485,18.0,6.0,0.004949708193633865,49.97,122.61504434611602,507.0,0.0,-0.0060589057191825675,0.6458744391248132,5.999297257235468,0.4080509255856426,4.168178722702703,91513.90883522399,33399999.999999996,0.0,0,,0,0,0.34
1781650628,4.998333333333333,2.6384965205375748,18.0,1.0,0.0021244225678404703,50.001666666666665,123.15011840793694,507.0,0.0,-0.00464365178792161,0.6003003726433203,5.999297257235468,0.40724679780145295,4.168178722702703,6180.5768975664,3699999.9999999995,0.0,0,,0,0,0.38
1781650688,5.1066666666666665,2.6112491689270527,18.0,11.0,-7.227797854994295e-05,49.38333333333333,122.45973374496977,507.0,367.0,-0.001406615018375049,0.5590926577993944,5.999297257235468,0.4015157421743923,4.168178722702703,13.44687941584648,506.99493005069945,33.363606033085425,0,,0,0,0.35
1781650748,5.166666666666667,2.644281040703167,18.0,5.0,-0.0026318961997116694,50.83833333333333,124.1051390175103,507.0,0.0,0.00048130689251902963,0.4969929096098435,5.999297257235468,0.4129634396600745,4.168178722702703,14.356537964555555,506.99493005069945,0.0,0,,0,0,0.285
1781650808,5.193333333333333,2.636782551182828,18.0,5.0,-0.005565015458376272,51.43,125.11195692925062,507.0,0.0,0.0020858391273309643,0.4207057003599159,5.999297257235468,0.41718717356878493,4.168178722702703,14.109019999357873,506.99493005069945,0.0,0,,0,0,0.265
1781650868,4.976666666666667,2.6361820034958807,18.0,3.0,-0.006789241081225234,49.971666666666664,123.48069024705397,482.0,0.0,0.002377312159200432,0.22495980353261957,5.999297257235468,0.4046510637750847,3.8881263418263297,14.653678499898614,450.99549004509953,0.0,0,,0,0,0.31
1781650928,4.59,2.545302863446051,18.0,1.0,-0.006634240650668476,49.445,122.19735529734949,471.0,0.0,-0.0003591398864997568,-0.004642912853679301,5.999297257235468,0.40048279684299326,3.806851659453653,122848.16911431948,44200000.0,0.0,0,,0,0,0.26
1781650988,4.155,2.2511423026247512,13.0,3.0,-0.004852985702738065,48.553333333333335,120.46767404116711,466.0,0.0,-0.0083010230583974,-0.17877620635062075,3.040846033526052,0.3939447171769652,3.806851659453653,181682.02374153302,44200000.0,0.0,0,,0,0,0.025
1781651048,3.7916666666666665,2.1098808549826273,13.0,4.0,-0.003955816543934846,48.82833333333333,121.33362627025079,466.0,0.0,-0.006424434512318125,-0.31986346775488195,3.040846033526052,0.3973281655129323,3.806851659453653,181684.4779697176,44200000.0,0.0,0,,0,0,0.015
1781651108,3.5933333333333333,2.07796909398469,13.0,1.0,-0.003855955155430991,48.6,122.27083326233884,466.0,299.0,-0.0026675629654527412,-0.3589398765152621,3.040846033526052,0.39637635836485113,3.806851659453653,181685.36811544464,44200000.0,298.9970100298997,0,,0,0,0.045
1781651168,3.385,2.0289837357652725,13.0,0.0,-0.0036358712107533646,48.935,122.99005694906127,466.0,0.0,-0.01140167056019606,-0.3825204253408972,3.040846033526052,0.39949710316631326,3.806851659453653,239186.23321816514,44200000.0,0.0,0,,0,0,0.03
1781651228,3.2516666666666665,1.9962457820173902,13.0,3.0,-0.0037330381473281845,48.81666666666667,122.01456083417075,466.0,0.0,-0.008887746910408056,-0.36221854448405,3.040846033526052,0.3988384971042252,3.806851659453653,299519.5701552157,44200000.0,0.0,0,,0,0,0.02
1781651288,3.045,1.8822792035189677,13.0,1.0,-0.003112591979422165,48.40833333333333,121.82969642314454,467.0,113.0,-0.013356787102186374,-0.3722812009738026,3.040846033526052,0.39570407328156154,3.8452093896277106,369019.6029360339,44200000.0,112.99887001129989,0,,0,0,0.015
1781651348,2.8833333333333333,1.7681597464281582,11.0,1.0,-0.00231695088041911,48.501666666666665,119.9818736194023,467.0,157.0,0.007068714079761273,-0.36535267551969275,3.2022198116921756,0.39702500899492144,3.8452093896277106,481186.44398735603,44200000.0,156.99843001569982,0,,0,0,0.01
1781651408,2.736666666666667,1.6725197225211492,9.0,3.0,-0.0016713935316487033,47.513333333333335,118.39883088762134,467.0,0.0,0.010699640832335648,-0.35731009761438154,3.2022198116921756,0.3902835015625594,3.8452093896277106,530519.4925531449,44200000.0,0.0,0,,0,0,0.005
1781651468,2.6483333333333334,1.6757079764154081,10.0,2.0,-0.0010769196581101666,48.035,118.63300738692696,467.0,243.0,0.0072022700063055,-0.27243563659625586,4.844228081622472,0.39616290863906084,3.8452093896277106,530519.3823331147,44200000.0,121.49939250303748,0,,0,0,0.0
1781651528,2.618333333333333,1.6751111074260783,10.0,1.0,-0.0007378631607310067,47.958333333333336,119.27893051117155,467.0,0.0,0.0027408687246353964,-0.17541121998034773,4.844228081622472,0.3969800728336213,3.870893417610789,468020.3321544102,41700000.0,0.0,0,,0,0,0.0
1781651588,2.578333333333333,1.6167448434706353,10.0,3.0,-0.00014836152322645377,49.473333333333336,121.29397878249723,467.0,249.0,0.0021806727240908526,-0.09451103188614064,4.844228081622472,0.41004090288472456,3.870893417610789,476188.5629163535,41700000.0,82.99972333425555,0,,0,0,0.0
1781651648,2.5966666666666667,1.638288402232308,10.0,4.0,9.611137808716062e-05,49.055,121.54456785475851,467.0,0.0,0.0019559776554934653,0.011869373461731385,4.844228081622472,0.4065428440962123,3.870893417610789,476187.94708863477,41700000.0,0.0,0,,0,0,0.0
1781651708,2.6016666666666666,1.6247042465904031,10.0,2.0,0.0004614179483831927,47.975,119.67066352424612,467.0,0.0,-0.006762935452598492,0.07312710597375449,4.844228081622472,0.39805139620550467,3.870893417610789,476187.0693722386,41700000.0,0.0,0,,0,0,0.005
1781651768,2.5833333333333335,1.6030353153384433,10.0,3.0,0.00023744510401417737,49.416666666666664,121.11191679140781,473.0,318.0,0.0024142289284136893,0.11808809610158323,4.844228081622472,0.4106299414288909,3.919948021995234,451853.7230429858,41700000.0,105.99964666784444,0,,0,0,0.0
1781651828,2.58,1.6135674761223964,10.0,4.0,0.0002935008152800437,48.81333333333333,121.6830520473396,473.0,0.0,-0.001238558995997246,0.17347579826516188,4.844228081622472,0.4062535081757042,3.919948021995234,391521.20567162655,41700000.0,0.0,0,,0,0,0.0
1781651888,2.5633333333333335,1.6245990958455634,10.0,0.0,-0.00012255589598859912,49.49666666666667,121.63923430465279,473.0,0.0,-0.003245620126722618,0.21909151060840756,4.844228081622472,0.41206518120672464,3.919948021995234,335022.8713485773,40200000.0,0.0,0,,0,0,0.005
1781651948,2.5766666666666667,1.6168247345405817,10.0,0.0,-1.0333362037117285e-05,49.123333333333335,124.2017235074547,492.0,0.0,0.013168647690687992,0.2861614374376004,4.844228081622472,0.4086521049884587,4.019675519033786,222855.96982780835,40200000.0,0.0,0,,0,0,0.015
1781652008,2.5816666666666666,1.6401210998649527,10.0,1.0,-0.00031041752893758335,49.053333333333335,124.90690061890986,492.0,0.0,0.0037324548123744074,0.34856089857873807,4.844228081622472,0.40655426512293036,4.019675519033786,220856.68342843046,40200000.0,0.0,0,,0,0,0.015
1781652068,2.598333333333333,1.6473202144358239,8.0,5.0,-0.0002445840127333688,49.62833333333333,124.6854717434589,492.0,0.0,0.007835382876063588,0.3670879488802991,3.7267684160086088,0.40918160237744516,4.019675519033786,349855.8601334587,46299999.99999999,0.0,0,,0,0,0.02
1781652128,2.611666666666667,1.6301934104748295,8.0,5.0,-1.9583387731630472e-05,50.49333333333333,124.77030879001444,492.0,0.0,0.006740129833694015,0.37624701895733975,3.7267684160086088,0.4143358356748061,4.019675519033786,289523.45562811906,46299999.99999999,0.0,0,,0,0,0.05
1781652188,2.7066666666666666,1.6952744779402407,8.0,3.0,0.0009824471734643713,50.318333333333335,123.4336677351668,492.0,0.0,0.015583015508376435,0.43354157219654665,3.7267684160086088,0.41126953279705597,4.019675519033786,279522.2050128029,46299999.99999999,0.0,0,,0,0,0.08
1781652248,2.7616666666666667,1.729604161522386,8.0,3.0,0.001595532209811692,50.86333333333334,123.59920976913871,492.0,408.0,0.013383648287911906,0.4143891465401187,3.7267684160086088,0.4148798480901608,4.019675519033786,279521.877739646,46299999.99999999,135.99954666817777,0,,0,0,0.065
1781652308,2.9183333333333334,1.8757213427253943,11.0,3.0,0.0031097586382184423,51.343333333333334,124.13613007053543,492.0,0.0,-0.00638423995622221,0.44084141571715674,4.423456853307461,0.4178657343623805,4.019675519033786,279521.8546688227,46299999.99999999,0.0,0,,0,0,0.065
1781652368,3.0766666666666667,1.9452820418186723,13.0,5.0,0.003455842932897035,50.486666666666665,122.35103795591147,492.0,0.0,0.0033282870230195126,0.46768627202850815,5.258815283177491,0.40970566719138274,4.019675519033786,301188.0614208627,46299999.99999999,0.0,1,1792.0,1,0,0.055
1781652428,3.195,1.985860434840945,13.0,2.0,0.003523148675412986,50.891666666666666,123.1923154958223,492.0,0.0,-0.0068415467820743476,0.4704971315543853,5.258815283177491,0.41225517485450913,4.019675519033786,301187.36726388364,46299999.99999999,0.0,1,1732.0,1,0,0.045
1781652488,3.3133333333333335,1.9651519590663267,13.0,4.0,0.0027240075666876856,51.21333333333333,125.78264780520759,707.0,0.0,-0.003137397603882244,0.47686452232786963,5.258815283177491,0.41421946018206646,5.752447580345486,288186.57352547516,46299999.99999999,0.0,1,1672.0,1,0,0.115
1781652548,3.3833333333333333,1.9535580075566963,13.0,3.0,0.0020738390939974882,50.70166666666667,123.87033272965547,707.0,0.0,0.00035036208433914,0.45415068233051425,5.258815283177491,0.40908407227686167,5.752447580345486,288186.2968449393,46299999.99999999,0.0,1,1612.0,1,0,0.085
1781652608,3.4233333333333333,1.963191845496059,13.0,4.0,0.0005597237770104884,50.571666666666665,123.36408795602644,707.0,0.0,-0.014056011266698015,0.4190638123966889,5.258815283177491,0.4082457628042176,5.752447580345486,240852.57851763925,46299999.99999999,0.0,1,1552.0,1,0,0.085
1781652668,3.44,1.9450107111958705,13.0,3.0,-0.0007482798563329304,50.125,123.83529131471367,707.0,0.0,-0.009516331989811036,0.3692371125450396,5.258815283177491,0.4052807243221711,5.752447580345486,176686.1469851926,38900000.0,0.0,1,1492.0,1,0,0.075
1781652728,3.4466666666666668,1.9529009760410847,13.0,1.0,-0.0020134500373612204,49.94,122.38847876059793,707.0,0.0,-0.002823618954497129,0.31369846104624244,5.258815283177491,0.4044746391199074,5.752447580345486,176685.47565798202,38900000.0,0.0,1,1432.0,1,0,0.055
1781652788,3.3666666666666667,1.9353437822659711,13.0,2.0,-0.0023703954733207606,48.61333333333334,121.98218649549705,707.0,0.0,-0.007089686360239786,0.20618786975565365,5.258815283177491,0.3944967114556367,5.752447580345486,245351.42126364738,38900000.0,0.0,1,1372.0,1,0,0.025
1781652848,3.3016666666666667,1.9219774250032757,13.0,3.0,-0.0030039250109028036,48.788333333333334,122.68440622408193,707.0,0.0,0.0019540332056478178,0.16090401302490226,5.258815283177491,0.3961617007546647,5.752447580345486,245351.63148643414,38900000.0,0.0,1,1312.0,1,0,0.025
1781652908,3.183333333333333,1.8137591411822636,13.0,1.0,-0.0019679499109719785,49.835,123.79325954321315,707.0,0.0,0.0008996413878927232,0.0947386822353738,5.258815283177491,0.40485476483644256,5.752447580345486,303019.16078972834,38900000.0,0.0,1,1252.0,1,0,0.03
1781652968,3.08,1.7626495208444966,10.0,2.0,-0.0013151147642076776,49.973333333333336,124.68485321891437,707.0,0.0,0.006502684729679756,0.04040774255350209,3.5783630280131082,0.405629989889078,5.752447580345486,307187.3731323599,38900000.0,0.0,1,1192.0,1,0,0.01
1781653028,2.9883333333333333,1.7296041615223856,10.0,1.0,-0.0007763632676757419,50.83833333333333,124.93289744454377,707.0,129.0,0.011403948344300991,-0.007402923428570526,3.5783630280131082,0.41241495443844944,5.752447580345486,386187.25700110215,38900000.0,128.99871001289986,1,1132.0,1,0,0.045
1781653088,2.966666666666667,1.80246744461277,10.0,5.0,-3.600010000027709e-05,50.06,122.8468683632866,581.0,0.0,0.011370031583421062,-0.017209840078039548,3.5783630280131082,0.40579123959788355,4.711383115608976,386186.35759434744,38900000.0,0.0,1,1072.0,1,0,0.065
1781653148,3.005,1.85426760024904,10.0,5.0,0.0011449754027094531,50.19166666666667,122.5738618026789,581.0,0.0,0.012620785057736318,0.0047916258591235205,3.5783630280131082,0.4077481294101997,4.711383115608976,386186.13944372075,38900000.0,0.0,1,1012.0,1,0,0.07
1781653208,3.105,1.8807733338532142,10.0,6.0,0.0017349214858930159,50.806666666666665,123.04865957100962,581.0,0.0,0.003714121428115069,0.05801813740463024,3.756486246116555,0.4131099787794996,4.711383115608976,386185.5778468635,38900000.0,0.0,1,952.0,1,0,0.23
1781653268,3.275,1.9636806427386981,10.0,10.0,0.002825091180808839,50.373333333333335,122.94978902878289,581.0,0.0,-0.0017472826313405544,0.1472087097172965,3.756486246116555,0.40952814001961435,4.711383115608976,321351.7559158389,38200000.0,0.0,1,892.0,1,0,0.215
1781653328,3.43,2.011243396508737,10.0,5.0,0.0033886760796557774,50.36,125.11971760411438,581.0,0.0,0.0005099458609607328,0.2251416499785013,3.756486246116555,0.4087969843070738,4.711383115608976,321351.4938361328,38200000.0,0.0,1,832.0,1,0,0.215
1781653388,3.5616666666666665,2.031304315513119,10.0,3.0,0.0033846482906896977,51.46333333333333,125.8843066293633,581.0,337.0,-0.008441412337256503,0.29064330865076093,3.756486246116555,0.4166697444794045,4.711383115608976,195685.68102682522,35400000.0,112.33295889013704,1,772.0,1,0,0.46
1781653448,3.815,2.1495987997763675,12.0,8.0,0.0038841496781935494,50.61833333333333,125.40193777299544,581.0,0.0,-0.010797279992444404,0.40273050980627695,4.429703471311008,0.4089153921599478,4.711383115608976,195684.12345579488,35400000.0,0.0,1,712.0,1,0,0.22
1781653508,3.941666666666667,2.172156506536509,12.0,1.0,0.0037385381626060038,50.23833333333334,123.73636570233596,581.0,0.0,-0.006817435603987786,0.41401783960843486,4.429703471311008,0.4052903136272278,4.711383115608976,138016.8779823676,35400000.0,0.0,1,652.0,1,0,0.19
1781653568,4.1,2.167179426505029,12.0,5.0,0.0031545087625243443,49.196666666666665,122.58601601415319,581.0,0.0,-0.010408306689740847,0.44155266525044606,4.429703471311008,0.39723334826618556,4.711383115608976,79015.21897354872,33399999.999999996,0.0,1,592.0,1,0,0.145
1781653628,4.291666666666667,2.201498858101503,15.0,7.0,0.0023351453754038238,48.365,121.38016768950904,478.0,0.0,-0.004324262011838919,0.48511224258787516,5.040629875615119,0.3908615491207351,3.8990097898543232,15.13670807486691,420.99579004209954,0.0,1,532.0,1,0,0.03
1781653688,4.405,2.1519700276723186,15.0,4.0,0.0012214200595001684,49.01833333333333,120.99767765218563,478.0,0.0,-0.0014001427781744978,0.4889799214736668,5.040629875615119,0.39744428447455604,3.8990097898543232,15.215737358589207,420.99579004209954,0.0,1,472.0,1,0,0.02
1781653748,4.376666666666667,2.1380962456249613,15.0,4.0,-0.00031088975247153735,48.61666666666667,121.77138301843426,478.0,0.0,0.0004793902205283563,0.4230922171039266,5.040629875615119,0.39444941500833564,3.907091539669655,14.487829323660844,420.99579004209954,0.0,1,412.0,1,0,0.0
1781653808,4.318333333333333,2.1261069012529816,15.0,2.0,-0.001870810752252082,49.24333333333333,122.9248718617279,478.0,0.0,0.006246628462856831,0.34329061282039786,5.040629875615119,0.39966917008754327,3.907091539669655,15.305674147876374,448.9955100448995,0.0,1,352.0,1,0,0.025
1781653868,4.1866666666666665,2.0900930335487193,15.0,3.0,-0.002607007241686787,49.43,121.281525523607,476.0,0.0,0.00019677832438412096,0.2254464249906819,5.040629875615119,0.40144122473698457,3.907091539669655,16.073234055096396,448.9955100448995,0.0,1,292.0,1,0,0.01
1781653928,4.095,2.071064541083482,15.0,4.0,-0.003015425042847346,49.336666666666666,119.74329482503627,476.0,212.0,0.005220792279978542,0.13024291735600857,5.040629875615119,0.4022206307179125,3.907091539669655,27515.2310757693,16499999.999999998,52.999867500331256,1,232.0,1,0,0.01
1781653988,4.026666666666666,2.071864431429388,15.0,5.0,-0.0035154542095950257,49.31166666666667,119.11182923576015,476.0,0.0,0.010373501037502886,0.047499813957471416,5.040629875615119,0.4042788995812296,3.907091539669655,27515.446822607406,16499999.999999998,0.0,1,172.0,1,0,0.02
1781654048,3.8266666666666667,1.9612807606822187,15.0,4.0,-0.0029268970191583866,50.295,119.32037256199517,486.0,0.0,0.01113878094105813,-0.08753093560375433,5.040629875615119,0.41434460362222186,4.092471008676447,27517.249638544563,16499999.999999998,0.0,1,112.0,1,0,0.02
1781654108,3.7383333333333333,1.9798646137776417,15.0,8.0,-0.0024048122355895484,50.175,120.07049752124792,486.0,0.0,0.010047500131944833,-0.1305858871308102,5.040629875615119,0.41506021709576946,4.092471008676447,27517.666967849575,16499999.999999998,0.0,1,52.0,1,0,0.025
1781654168,4.376666666666667,3.1519500137040386,19.0,19.0,0.00501584726624241,51.248333333333335,120.52380123398402,486.0,443.0,0.005735543709843721,0.12081464046783566,6.577926730332335,0.42486759837717475,4.092471008676447,27516.86529280298,16499999.999999998,23.315777202222527,0,,0,1,0.585
1781654228,4.905,3.622978746832501,19.0,2.0,0.010564446012350036,51.615,121.71978793524083,486.0,235.0,0.003055869599637738,0.264046216503606,6.577926730332335,0.42850849440013256,4.092471008676447,27515.9485905728,16499999.999999998,117.49941250293749,0,,0,0,0.44
1781654288,5.211666666666667,3.7291907820449315,19.0,7.0,0.012212839480109667,50.531666666666666,120.95724725657777,486.0,0.0,-0.0036060933502593813,0.3404388419950423,6.577926730332335,0.41924955309092754,4.092471008676447,27515.239907959174,16499999.999999998,0.0,0,,0,1,0.645
1781654348,5.42,3.7157682023147425,19.0,5.0,0.010607307242520122,50.935,121.53072632740523,486.0,0.0,-0.005404042789007824,0.4066192740075484,6.577926730332335,0.42289438432668597,4.092471008676447,27515.4113074047,16499999.999999998,0.0,0,,0,1,0.65
